Workbook

Sheet Indicador
A1: Impuestos municipales per cápita, 2024 y 2025
A2: Fuente: INEGI, EFIPEM municipal (2024 definitivas, 2025 preliminares), Censo 2020 y Encuesta Intercensal 2025. Azul = dato de INEGI; negro = fórmula; verde = vínculo a Supuestos. La fila gris bajo los encabezados dice cómo se calcula cada columna.
A4: Parámetros
A5: INPC promedio anual 2024 | F5: =Supuestos!B17 -> 135.38458
A6: INPC promedio anual 2025 | F6: =Supuestos!C17 -> 140.54217
A7: Deflactor: pesos de 2025 → pesos de 2024 = INPC 2024 ÷ INPC 2025 (F5 ÷ F6) | F7: =F5/F6 -> 0.96330224
A8: Fracción del periodo Censo 2020 → EIC 2025 transcurrida al 1-jul-2024 | F8: =Supuestos!B25 -> 0.76911765
A9: Fracción del periodo Censo 2020 → EIC 2025 transcurrida al 1-jul-2025 | F9: =Supuestos!B26 -> 0.94803922
A11: Identificación | F11: Insumos EFIPEM | H11: Población | M11: A pesos reales | N11: Indicador
A12: Clave INEGI | B12: Clave entidad | C12: Entidad | D12: Clave municipio | E12: Municipio | F12: Impuestos 2024 (pesos corrientes) | G12: Impuestos 2025 (pesos corrientes) | H12: Población Censo 2020 (15-mar-2020) | I12: Población EIC 2025 (15-oct-2025) | J12: Factor de crecimiento 2020–2025 | K12: Población 2024 (1-jul-2024) | L12: Población 2025 (1-jul-2025) | M12: Impuestos 2025 en pesos de 2024 | N12: Impuestos per cápita 2024 ($) | O12: Impuestos per cápita 2025 (pesos corrientes) | P12: Impuestos per cápita 2025 (pesos de 2024) | Q12: Variación real per cápita 2025 vs 2024
A13: Catálogo INEGI | B13: Catálogo INEGI | C13: Catálogo INEGI | D13: Catálogo INEGI | E13: Catálogo INEGI | F13: Dato EFIPEM 2024 | G13: Dato EFIPEM 2025 | H13: Dato Censo 2020 | I13: Dato EIC 2025 | J13: = I ÷ H | K13: = I × J ^ (F8 − 1) | L13: = I × J ^ (F9 − 1) | M13: = G × F7 | N13: = F ÷ K | O13: = G ÷ L | P13: = M ÷ L | Q13: = P ÷ N − 1
A14: 01001 | B14: 01 | C14: Aguascalientes | D14: 001 | E14: Aguascalientes | F14: 937439759 | G14: 1074805208 | H14: 945505 | I14: 1025505 | J14: =I14/H14 -> 1.0846109 | K14: =ROUND(I14*J14^($F$8-1),0) -> 1006453 | L14: =ROUND(I14*J14^($F$9-1),0) -> 1021186 | M14: =G14*$F$7 -> 1.0353623e+09 | N14: =F14/K14 -> 931.42925 | O14: =G14/L14 -> 1052.5068 | P14: =M14/L14 -> 1013.8822 | Q14: =IF(N14=0,"n.a.",P14/N14-1) -> 0.088522995
A15: 01002 | B15: 01 | C15: Aguascalientes | D15: 002 | E15: Asientos | F15: 20404976 | G15: 26923989 | H15: 51474 | I15: 53631 | J15: =I15/H15 -> 1.0419047 | K15: =ROUND(I15*J15^($F$8-1),0) -> 53125 | L15: =ROUND(I15*J15^($F$9-1),0) -> 53517 | M15: =G15*$F$7 -> 25935939 | N15: =F15/K15 -> 384.09367 | O15: =G15/L15 -> 503.09227 | P15: =M15/L15 -> 484.62991 | Q15: =IF(N15=0,"n.a.",P15/N15-1) -> 0.26174928
A16: 01003 | B16: 01 | C16: Aguascalientes | D16: 003 | E16: Calvillo | F16: 31704483 | G16: 45581111 | H16: 58155 | I16: 55794 | J16: =I16/H16 -> 0.9594016 | K16: =ROUND(I16*J16^($F$8-1),0) -> 56330 | L16: =ROUND(I16*J16^($F$9-1),0) -> 55914 | M16: =G16*$F$7 -> 43908386 | N16: =F16/K16 -> 562.83478 | O16: =G16/L16 -> 815.20033 | P16: =M16/L16 -> 785.2843 | Q16: =IF(N16=0,"n.a.",P16/N16-1) -> 0.39523059
A17: 01004 | B17: 01 | C17: Aguascalientes | D17: 004 | E17: Cosío | F17: 2551309 | G17: 3903044 | H17: 16997 | I17: 17504 | J17: =I17/H17 -> 1.0298288 | K17: =ROUND(I17*J17^($F$8-1),0) -> 17386 | L17: =ROUND(I17*J17^($F$9-1),0) -> 17477 | M17: =G17*$F$7 -> 3759811 | N17: =F17/K17 -> 146.74502 | O17: =G17/L17 -> 223.3246 | P17: =M17/L17 -> 215.12908 | Q17: =IF(N17=0,"n.a.",P17/N17-1) -> 0.46600599
A18: 01005 | B18: 01 | C18: Aguascalientes | D18: 005 | E18: Jesús María | F18: 216506353 | G18: 247343832 | H18: 129860 | I18: 147302 | J18: =I18/H18 -> 1.1343139 | K18: =ROUND(I18*J18^($F$8-1),0) -> 143078 | L18: =ROUND(I18*J18^($F$9-1),0) -> 146341 | M18: =G18*$F$7 -> 2.3826687e+08 | N18: =F18/K18 -> 1513.2051 | O18: =G18/L18 -> 1690.1882 | P18: =M18/L18 -> 1628.1621 | Q18: =IF(N18=0,"n.a.",P18/N18-1) -> 0.075969228
A19: 01006 | B19: 01 | C19: Aguascalientes | D19: 006 | E19: Pabellón de Arteaga | F19: 31047206 | G19: 25726276 | H19: 47558 | I19: 49372 | J19: =I19/H19 -> 1.0381429 | K19: =ROUND(I19*J19^($F$8-1),0) -> 48947 | L19: =ROUND(I19*J19^($F$9-1),0) -> 49276 | M19: =G19*$F$7 -> 24782179 | N19: =F19/K19 -> 634.30253 | O19: =G19/L19 -> 522.08532 | P19: =M19/L19 -> 502.92595 | Q19: =IF(N19=0,"n.a.",P19/N19-1) -> -0.20711975
A20: 01007 | B20: 01 | C20: Aguascalientes | D20: 007 | E20: Rincón de Romos | F20: 17367512 | G20: 24513203 | H20: 57269 | I20: 59964 | J20: =I20/H20 -> 1.0470586 | K20: =ROUND(I20*J20^($F$8-1),0) -> 59331 | L20: =ROUND(I20*J20^($F$9-1),0) -> 59821 | M20: =G20*$F$7 -> 23613623 | N20: =F20/K20 -> 292.72239 | O20: =G20/L20 -> 409.77588 | P20: =M20/L20 -> 394.73802 | Q20: =IF(N20=0,"n.a.",P20/N20-1) -> 0.34850643
A21: 01008 | B21: 01 | C21: Aguascalientes | D21: 008 | E21: San José de Gracia | F21: 2812300 | G21: 5725390 | H21: 9552 | I21: 10849 | J21: =I21/H21 -> 1.1357831 | K21: =ROUND(I21*J21^($F$8-1),0) -> 10535 | L21: =ROUND(I21*J21^($F$9-1),0) -> 10777 | M21: =G21*$F$7 -> 5515281 | N21: =F21/K21 -> 266.94827 | O21: =G21/L21 -> 531.26009 | P21: =M21/L21 -> 511.76403 | Q21: =IF(N21=0,"n.a.",P21/N21-1) -> 0.91709067
A22: 01009 | B22: 01 | C22: Aguascalientes | D22: 009 | E22: Tepezalá | F22: 6110645 | G22: 7557810 | H22: 22461 | I22: 24616 | J22: =I22/H22 -> 1.0959441 | K22: =ROUND(I22*J22^($F$8-1),0) -> 24101 | L22: =ROUND(I22*J22^($F$9-1),0) -> 24499 | M22: =G22*$F$7 -> 7280455.3 | N22: =F22/K22 -> 253.54321 | O22: =G22/L22 -> 308.49463 | P22: =M22/L22 -> 297.17357 | Q22: =IF(N22=0,"n.a.",P22/N22-1) -> 0.17208252
A23: 01010 | B23: 01 | C23: Aguascalientes | D23: 010 | E23: El Llano | F23: 5917337 | G23: 7355185 | H23: 20383 | I23: 21676 | J23: =I23/H23 -> 1.0634352 | K23: =ROUND(I23*J23^($F$8-1),0) -> 21370 | L23: =ROUND(I23*J23^($F$9-1),0) -> 21607 | M23: =G23*$F$7 -> 7085266.2 | N23: =F23/K23 -> 276.89925 | O23: =G23/L23 -> 340.40751 | P23: =M23/L23 -> 327.91531 | Q23: =IF(N23=0,"n.a.",P23/N23-1) -> 0.18424052
A24: 01011 | B24: 01 | C24: Aguascalientes | D24: 011 | E24: San Francisco de los Romo | F24: 77857769 | G24: 108302310 | H24: 61986 | I24: 68203 | J24: =I24/H24 -> 1.1002968 | K24: =ROUND(I24*J24^($F$8-1),0) -> 66714 | L24: =ROUND(I24*J24^($F$9-1),0) -> 67865 | M24: =G24*$F$7 -> 1.0432786e+08 | N24: =F24/K24 -> 1167.0379 | O24: =G24/L24 -> 1595.8493 | P24: =M24/L24 -> 1537.2852 | Q24: =IF(N24=0,"n.a.",P24/N24-1) -> 0.3172538
A25: 02001 | B25: 02 | C25: Baja California | D25: 001 | E25: Ensenada | F25: 879915907 | G25: 870800845 | H25: 440625 | I25: 480527 | J25: =I25/H25 -> 1.0905577 | K25: =ROUND(I25*J25^($F$8-1),0) -> 471005 | L25: =ROUND(I25*J25^($F$9-1),0) -> 478367 | M25: =G25*$F$7 -> 8.388444e+08 | N25: =F25/K25 -> 1868.1668 | O25: =G25/L25 -> 1820.3614 | P25: =M25/L25 -> 1753.5583 | Q25: =IF(N25=0,"n.a.",P25/N25-1) -> -0.061348138
A26: 02002 | B26: 02 | C26: Baja California | D26: 002 | E26: Mexicali | F26: 1541064062 | G26: 1777583625 | H26: 1042395 | I26: 1080999 | J26: =(I26+I31)/(H26) -> 1.0567194 | K26: =ROUND(I26*J26^($F$8-1),0) -> 1067317 | L26: =ROUND(I26*J26^($F$9-1),0) -> 1077905 | M26: =G26*$F$7 -> 1.7123503e+09 | N26: =F26/K26 -> 1443.8673 | O26: =G26/L26 -> 1649.1097 | P26: =M26/L26 -> 1588.5911 | Q26: =IF(N26=0,"n.a.",P26/N26-1) -> 0.10023348
A27: 02003 | B27: 02 | C27: Baja California | D27: 003 | E27: Tecate | F27: 55809125 | G27: 115506894 | H27: 102896 | I27: 111640 | J27: =I27/H27 -> 1.084979 | K27: =ROUND(I27*J27^($F$8-1),0) -> 109557 | L27: =ROUND(I27*J27^($F$9-1),0) -> 111168 | M27: =G27*$F$7 -> 1.1126805e+08 | N27: =F27/K27 -> 509.4072 | O27: =G27/L27 -> 1039.0301 | P27: =M27/L27 -> 1000.9 | Q27: =IF(N27=0,"n.a.",P27/N27-1) -> 0.9648328
A28: 02004 | B28: 02 | C28: Baja California | D28: 004 | E28: Tijuana | F28: 2721120556 | G28: 2891996435 | H28: 1910570 | I28: 1999816 | J28: =I28/H28 -> 1.0467117 | K28: =ROUND(I28*J28^($F$8-1),0) -> 1978847 | L28: =ROUND(I28*J28^($F$9-1),0) -> 1995078 | M28: =G28*$F$7 -> 2.7858666e+09 | N28: =F28/K28 -> 1375.1041 | O28: =G28/L28 -> 1449.5656 | P28: =M28/L28 -> 1396.3698 | Q28: =IF(N28=0,"n.a.",P28/N28-1) -> 0.015464804
A29: 02005 | B29: 02 | C29: Baja California | D29: 005 | E29: Playas de Rosarito | F29: 272628414 | G29: 299825118 | H29: 126264 | I29: 159768 | J29: =I29/H29 -> 1.2653488 | K29: =ROUND(I29*J29^($F$8-1),0) -> 151318 | L29: =ROUND(I29*J29^($F$9-1),0) -> 157826 | M29: =G29*$F$7 -> 2.8882221e+08 | N29: =F29/K29 -> 1801.6919 | O29: =G29/L29 -> 1899.7194 | P29: =M29/L29 -> 1830.004 | Q29: =IF(N29=0,"n.a.",P29/N29-1) -> 0.01571416
A30: 02006 | B30: 02 | C30: Baja California | D30: 006 | E30: San Quintín | F30: 26504980 | G30: 45584590 | H30: 117050 | I30: 125323 | J30: =I30/H30 -> 1.0706792 | K30: =ROUND(I30*J30^($F$8-1),0) -> 123362 | L30: =ROUND(I30*J30^($F$9-1),0) -> 124879 | M30: =G30*$F$7 -> 43911737 | N30: =F30/K30 -> 214.8553 | O30: =G30/L30 -> 365.03007 | P30: =M30/L30 -> 351.63428 | Q30: =IF(N30=0,"n.a.",P30/N30-1) -> 0.63660973
A31: 02007 | B31: 02 | C31: Baja California | D31: 007 | E31: San Felipe | F31: 40721486 | G31: 46665918 | I31: 20520 | J31: =J26 -> 1.0567194 | K31: =ROUND(I31*J31^($F$8-1),0) -> 20260 | L31: =ROUND(I31*J31^($F$9-1),0) -> 20461 | M31: =G31*$F$7 -> 44953383 | N31: =F31/K31 -> 2009.945 | O31: =G31/L31 -> 2280.7252 | P31: =M31/L31 -> 2197.0277 | Q31: =IF(N31=0,"n.a.",P31/N31-1) -> 0.093078494
A32: 03001 | B32: 03 | C32: Baja California Sur | D32: 001 | E32: Comondú | F32: 45123796 | G32: 49685591 | H32: 72358 | I32: 77434 | J32: =I32/H32 -> 1.0701512 | K32: =ROUND(I32*J32^($F$8-1),0) -> 76231 | L32: =ROUND(I32*J32^($F$9-1),0) -> 77162 | M32: =G32*$F$7 -> 47862241 | N32: =F32/K32 -> 591.93499 | O32: =G32/L32 -> 643.91269 | P32: =M32/L32 -> 620.28253 | Q32: =IF(N32=0,"n.a.",P32/N32-1) -> 0.047889629
A33: 03002 | B33: 03 | C33: Baja California Sur | D33: 002 | E33: Mulegé | F33: 31486935 | G33: 41958417 | H33: 62884 | I33: 59589 | J33: =I33/H33 -> 0.94760193 | K33: =ROUND(I33*J33^($F$8-1),0) -> 60334 | L33: =ROUND(I33*J33^($F$9-1),0) -> 59756 | M33: =G33*$F$7 -> 40418637 | N33: =F33/K33 -> 521.87713 | O33: =G33/L33 -> 702.16241 | P33: =M33/L33 -> 676.39462 | Q33: =IF(N33=0,"n.a.",P33/N33-1) -> 0.2960802
A34: 03003 | B34: 03 | C34: Baja California Sur | D34: 003 | E34: La Paz | F34: 575782711 | G34: 650713173 | H34: 290063 | I34: 330957 | J34: =I34/H34 -> 1.1409832 | K34: =ROUND(I34*J34^($F$8-1),0) -> 321031 | L34: =ROUND(I34*J34^($F$9-1),0) -> 328697 | M34: =G34*$F$7 -> 6.2683345e+08 | N34: =F34/K34 -> 1793.5424 | O34: =G34/L34 -> 1979.6748 | P34: =M34/L34 -> 1907.0252 | Q34: =IF(N34=0,"n.a.",P34/N34-1) -> 0.06327298
A35: 03008 | B35: 03 | C35: Baja California Sur | D35: 008 | E35: Los Cabos | F35: 1984132439 | G35: 2850037951 | H35: 350193 | I35: 469163 | J35: =I35/H35 -> 1.339727 | K35: =ROUND(I35*J35^($F$8-1),0) -> 438529 | L35: =ROUND(I35*J35^($F$9-1),0) -> 462087 | M35: =G35*$F$7 -> 2.7454479e+09 | N35: =F35/K35 -> 4524.5182 | O35: =G35/L35 -> 6167.7519 | P35: =M35/L35 -> 5941.4091 | Q35: =IF(N35=0,"n.a.",P35/N35-1) -> 0.31315842
A36: 03009 | B36: 03 | C36: Baja California Sur | D36: 009 | E36: Loreto | F36: 79033332 | G36: 68184664 | H36: 17926 | I36: 18322 | J36: =I36/H36 -> 1.0220908 | K36: =ROUND(I36*J36^($F$8-1),0) -> 18230 | L36: =ROUND(I36*J36^($F$9-1),0) -> 18301 | M36: =G36*$F$7 -> 65682439 | N36: =F36/K36 -> 4335.3446 | O36: =G36/L36 -> 3725.7343 | P36: =M36/L36 -> 3589.0082 | Q36: =IF(N36=0,"n.a.",P36/N36-1) -> -0.17215157
A37: 04001 | B37: 04 | C37: Campeche | D37: 001 | E37: Calkiní | F37: 5083658 | G37: 7174192 | H37: 59192 | I37: 47031 | J37: =(I37+I49)/(H37) -> 1.1048284 | K37: =ROUND(I37*J37^($F$8-1),0) -> 45961 | L37: =ROUND(I37*J37^($F$9-1),0) -> 46788 | M37: =G37*$F$7 -> 6910915.2 | N37: =F37/K37 -> 110.60808 | O37: =G37/L37 -> 153.33402 | P37: =M37/L37 -> 147.707 | Q37: =IF(N37=0,"n.a.",P37/N37-1) -> 0.33540877
A38: 04002 | B38: 04 | C38: Campeche | D38: 002 | E38: Campeche | F38: 115017083 | G38: 131329589 | H38: 293199 | I38: 294335 | J38: =I38/H38 -> 1.0038745 | K38: =ROUND(I38*J38^($F$8-1),0) -> 294072 | L38: =ROUND(I38*J38^($F$9-1),0) -> 294276 | M38: =G38*$F$7 -> 1.2651009e+08 | N38: =F38/K38 -> 391.11878 | O38: =G38/L38 -> 446.28033 | P38: =M38/L38 -> 429.90283 | Q38: =IF(N38=0,"n.a.",P38/N38-1) -> 0.099161822
A39: 04003 | B39: 04 | C39: Campeche | D39: 003 | E39: Carmen | F39: 127869216 | G39: 134482785 | H39: 248359 | I39: 252593 | J39: =I39/H39 -> 1.0170479 | K39: =ROUND(I39*J39^($F$8-1),0) -> 251609 | L39: =ROUND(I39*J39^($F$9-1),0) -> 252371 | M39: =G39*$F$7 -> 1.2954757e+08 | N39: =F39/K39 -> 508.20605 | O39: =G39/L39 -> 532.87733 | P39: =M39/L39 -> 513.32192 | Q39: =IF(N39=0,"n.a.",P39/N39-1) -> 0.010066536
A40: 04004 | B40: 04 | C40: Campeche | D40: 004 | E40: Champotón | F40: 12271013 | G40: 13504409 | H40: 78140 | I40: 84424 | J40: =I40/H40 -> 1.0804198 | K40: =ROUND(I40*J40^($F$8-1),0) -> 82930 | L40: =ROUND(I40*J40^($F$9-1),0) -> 84085 | M40: =G40*$F$7 -> 13008827 | N40: =F40/K40 -> 147.96832 | O40: =G40/L40 -> 160.60426 | P40: =M40/L40 -> 154.71044 | Q40: =IF(N40=0,"n.a.",P40/N40-1) -> 0.045564602
A41: 04005 | B41: 04 | C41: Campeche | D41: 005 | E41: Hecelchakán | F41: 3743257 | G41: 4397800 | H41: 31914 | I41: 33335 | J41: =I41/H41 -> 1.0445259 | K41: =ROUND(I41*J41^($F$8-1),0) -> 33001 | L41: =ROUND(I41*J41^($F$9-1),0) -> 33260 | M41: =G41*$F$7 -> 4236410.6 | N41: =F41/K41 -> 113.42859 | O41: =G41/L41 -> 132.22489 | P41: =M41/L41 -> 127.37254 | Q41: =IF(N41=0,"n.a.",P41/N41-1) -> 0.12293147
A42: 04006 | B42: 04 | C42: Campeche | D42: 006 | E42: Hopelchén | F42: 4346245 | G42: 5134941 | H42: 42130 | I42: 46458 | J42: =I42/H42 -> 1.1027296 | K42: =ROUND(I42*J42^($F$8-1),0) -> 45421 | L42: =ROUND(I42*J42^($F$9-1),0) -> 46223 | M42: =G42*$F$7 -> 4946500.1 | N42: =F42/K42 -> 95.688008 | O42: =G42/L42 -> 111.0906 | P42: =M42/L42 -> 107.01383 | Q42: =IF(N42=0,"n.a.",P42/N42-1) -> 0.11836195
A43: 04007 | B43: 04 | C43: Campeche | D43: 007 | E43: Palizada | F43: 4582449 | G43: 4947509 | H43: 8683 | I43: 8534 | J43: =I43/H43 -> 0.98284003 | K43: =ROUND(I43*J43^($F$8-1),0) -> 8568 | L43: =ROUND(I43*J43^($F$9-1),0) -> 8542 | M43: =G43*$F$7 -> 4765946.5 | N43: =F43/K43 -> 534.83298 | O43: =G43/L43 -> 579.19796 | P43: =M43/L43 -> 557.94269 | Q43: =IF(N43=0,"n.a.",P43/N43-1) -> 0.043209208
A44: 04008 | B44: 04 | C44: Campeche | D44: 008 | E44: Tenabo | F44: 1729666 | G44: 1861898 | H44: 11452 | I44: 12206 | J44: =I44/H44 -> 1.06584 | K44: =ROUND(I44*J44^($F$8-1),0) -> 12028 | L44: =ROUND(I44*J44^($F$9-1),0) -> 12166 | M44: =G44*$F$7 -> 1793570.5 | N44: =F44/K44 -> 143.80329 | O44: =G44/L44 -> 153.0411 | P44: =M44/L44 -> 147.42483 | Q44: =IF(N44=0,"n.a.",P44/N44-1) -> 0.025183983
A45: 04009 | B45: 04 | C45: Campeche | D45: 009 | E45: Escárcega | F45: 12191601 | G45: 12950622 | H45: 59888 | I45: 67492 | J45: =I45/H45 -> 1.1269703 | K45: =ROUND(I45*J45^($F$8-1),0) -> 65655 | L45: =ROUND(I45*J45^($F$9-1),0) -> 67074 | M45: =G45*$F$7 -> 12475363 | N45: =F45/K45 -> 185.69189 | O45: =G45/L45 -> 193.07961 | P45: =M45/L45 -> 185.99402 | Q45: =IF(N45=0,"n.a.",P45/N45-1) -> 0.0016270713
A46: 04010 | B46: 04 | C46: Campeche | D46: 010 | E46: Calakmul | F46: 2983488 | G46: 4106993 | H46: 31714 | I46: 33841 | J46: =I46/H46 -> 1.0670682 | K46: =ROUND(I46*J46^($F$8-1),0) -> 33338 | L46: =ROUND(I46*J46^($F$9-1),0) -> 33727 | M46: =G46*$F$7 -> 3956275.5 | N46: =F46/K46 -> 89.492111 | O46: =G46/L46 -> 121.77167 | P46: =M46/L46 -> 117.30292 | Q46: =IF(N46=0,"n.a.",P46/N46-1) -> 0.31076267
A47: 04011 | B47: 04 | C47: Campeche | D47: 011 | E47: Candelaria | F47: 9909041 | G47: 10796861 | H47: 46886 | I47: 52501 | J47: =I47/H47 -> 1.1197586 | K47: =ROUND(I47*J47^($F$8-1),0) -> 51148 | L47: =ROUND(I47*J47^($F$9-1),0) -> 52193 | M47: =G47*$F$7 -> 10400640 | N47: =F47/K47 -> 193.73272 | O47: =G47/L47 -> 206.86416 | P47: =M47/L47 -> 199.27271 | Q47: =IF(N47=0,"n.a.",P47/N47-1) -> 0.028596043
A48: 04012 | B48: 04 | C48: Campeche | D48: 012 | E48: Seybaplaya | F48: 2822649 | G48: 3130437 | H48: 15297 | I48: 15982 | J48: =I48/H48 -> 1.04478 | K48: =ROUND(I48*J48^($F$8-1),0) -> 15821 | L48: =ROUND(I48*J48^($F$9-1),0) -> 15946 | M48: =G48*$F$7 -> 3015557 | N48: =F48/K48 -> 178.41154 | O48: =G48/L48 -> 196.31488 | P48: =M48/L48 -> 189.11056 | Q48: =IF(N48=0,"n.a.",P48/N48-1) -> 0.059968186
A49: 04013 | B49: 04 | C49: Campeche | D49: 013 | E49: Dzitbalché | F49: 2650385 | G49: 3380875 | I49: 18366 | J49: =J37 -> 1.1048284 | K49: =ROUND(I49*J49^($F$8-1),0) -> 17948 | L49: =ROUND(I49*J49^($F$9-1),0) -> 18271 | M49: =G49*$F$7 -> 3256804.4 | N49: =F49/K49 -> 147.67021 | O49: =G49/L49 -> 185.0405 | P49: =M49/L49 -> 178.24993 | Q49: =IF(N49=0,"n.a.",P49/N49-1) -> 0.20708113
A50: 05001 | B50: 05 | C50: Coahuila de Zaragoza | D50: 001 | E50: Abasolo | F50: 654762 | G50: 535105 | H50: 1022 | I50: 985 | J50: =I50/H50 -> 0.96379648 | K50: =ROUND(I50*J50^($F$8-1),0) -> 993 | L50: =ROUND(I50*J50^($F$9-1),0) -> 987 | M50: =G50*$F$7 -> 515467.84 | N50: =F50/K50 -> 659.37764 | O50: =G50/L50 -> 542.15299 | P50: =M50/L50 -> 522.25719 | Q50: =IF(N50=0,"n.a.",P50/N50-1) -> -0.20795436
A51: 05002 | B51: 05 | C51: Coahuila de Zaragoza | D51: 002 | E51: Acuña | F51: 127396365 | G51: 147078517 | H51: 162795 | I51: 176361 | J51: =I51/H51 -> 1.0833318 | K51: =ROUND(I51*J51^($F$8-1),0) -> 173132 | L51: =ROUND(I51*J51^($F$9-1),0) -> 175629 | M51: =G51*$F$7 -> 1.4168106e+08 | N51: =F51/K51 -> 735.83373 | O51: =G51/L51 -> 837.43867 | P51: =M51/L51 -> 806.70655 | Q51: =IF(N51=0,"n.a.",P51/N51-1) -> 0.096316351
A52: 05003 | B52: 05 | C52: Coahuila de Zaragoza | D52: 003 | E52: Allende | F52: 10685682 | G52: 12287707 | H52: 23029 | I52: 23570 | J52: =I52/H52 -> 1.0234921 | K52: =ROUND(I52*J52^($F$8-1),0) -> 23444 | L52: =ROUND(I52*J52^($F$9-1),0) -> 23542 | M52: =G52*$F$7 -> 11836776 | N52: =F52/K52 -> 455.79602 | O52: =G52/L52 -> 521.94831 | P52: =M52/L52 -> 502.79397 | Q52: =IF(N52=0,"n.a.",P52/N52-1) -> 0.10311179
A53: 05004 | B53: 05 | C53: Coahuila de Zaragoza | D53: 004 | E53: Arteaga | F53: 139082174 | G53: 149519551 | H53: 29488 | I53: 42266 | J53: =I53/H53 -> 1.4333288 | K53: =ROUND(I53*J53^($F$8-1),0) -> 38895 | L53: =ROUND(I53*J53^($F$9-1),0) -> 41483 | M53: =G53*$F$7 -> 1.4403252e+08 | N53: =F53/K53 -> 3575.8368 | O53: =G53/L53 -> 3604.3572 | P53: =M53/L53 -> 3472.0854 | Q53: =IF(N53=0,"n.a.",P53/N53-1) -> -0.029014597
A54: 05005 | B54: 05 | C54: Coahuila de Zaragoza | D54: 005 | E54: Candela | F54: 1120210 | G54: 1971817 | H54: 1643 | I54: 1462 | J54: =I54/H54 -> 0.88983567 | K54: =ROUND(I54*J54^($F$8-1),0) -> 1502 | L54: =ROUND(I54*J54^($F$9-1),0) -> 1471 | M54: =G54*$F$7 -> 1899455.7 | N54: =F54/K54 -> 745.81225 | O54: =G54/L54 -> 1340.4602 | P54: =M54/L54 -> 1291.2683 | Q54: =IF(N54=0,"n.a.",P54/N54-1) -> 0.73135844
A55: 05006 | B55: 05 | C55: Coahuila de Zaragoza | D55: 006 | E55: Castaños | F55: 16342794 | G55: 17060983 | H55: 29102 | I55: 30789 | J55: =I55/H55 -> 1.0579685 | K55: =ROUND(I55*J55^($F$8-1),0) -> 30391 | L55: =ROUND(I55*J55^($F$9-1),0) -> 30699 | M55: =G55*$F$7 -> 16434883 | N55: =F55/K55 -> 537.75111 | O55: =G55/L55 -> 555.75045 | P55: =M55/L55 -> 535.35565 | Q55: =IF(N55=0,"n.a.",P55/N55-1) -> -0.0044545918
A56: 05007 | B56: 05 | C56: Coahuila de Zaragoza | D56: 007 | E56: Cuatro Ciénegas | F56: 8416576 | G56: 12155263 | H56: 12697 | I56: 12325 | J56: =I56/H56 -> 0.97070174 | K56: =ROUND(I56*J56^($F$8-1),0) -> 12410 | L56: =ROUND(I56*J56^($F$9-1),0) -> 12344 | M56: =G56*$F$7 -> 11709192 | N56: =F56/K56 -> 678.20919 | O56: =G56/L56 -> 984.71022 | P56: =M56/L56 -> 948.57356 | Q56: =IF(N56=0,"n.a.",P56/N56-1) -> 0.39864452
A57: 05008 | B57: 05 | C57: Coahuila de Zaragoza | D57: 008 | E57: Escobedo | F57: 492678 | G57: 375790 | H57: 3047 | I57: 2824 | J57: =I57/H57 -> 0.92681326 | K57: =ROUND(I57*J57^($F$8-1),0) -> 2874 | L57: =ROUND(I57*J57^($F$9-1),0) -> 2835 | M57: =G57*$F$7 -> 361999.35 | N57: =F57/K57 -> 171.42589 | O57: =G57/L57 -> 132.55379 | P57: =M57/L57 -> 127.68936 | Q57: =IF(N57=0,"n.a.",P57/N57-1) -> -0.25513371
A58: 05009 | B58: 05 | C58: Coahuila de Zaragoza | D58: 009 | E58: Francisco I. Madero | F58: 11242851 | G58: 15739082 | H58: 59013 | I58: 65515 | J58: =I58/H58 -> 1.1101791 | K58: =ROUND(I58*J58^($F$8-1),0) -> 63953 | L58: =ROUND(I58*J58^($F$9-1),0) -> 65160 | M58: =G58*$F$7 -> 15161493 | N58: =F58/K58 -> 175.79865 | O58: =G58/L58 -> 241.54515 | P58: =M58/L58 -> 232.68098 | Q58: =IF(N58=0,"n.a.",P58/N58-1) -> 0.32356525
A59: 05010 | B59: 05 | C59: Coahuila de Zaragoza | D59: 010 | E59: Frontera | F59: 54344374 | G59: 53717644 | H59: 82338 | I59: 84097 | J59: =I59/H59 -> 1.0213632 | K59: =ROUND(I59*J59^($F$8-1),0) -> 83688 | L59: =ROUND(I59*J59^($F$9-1),0) -> 84005 | M59: =G59*$F$7 -> 51746327 | N59: =F59/K59 -> 649.36877 | O59: =G59/L59 -> 639.4577 | P59: =M59/L59 -> 615.99103 | Q59: =IF(N59=0,"n.a.",P59/N59-1) -> -0.05140029
A60: 05011 | B60: 05 | C60: Coahuila de Zaragoza | D60: 011 | E60: General Cepeda | F60: 5338826 | G60: 6054635 | H60: 11873 | I60: 13016 | J60: =I60/H60 -> 1.0962688 | K60: =ROUND(I60*J60^($F$8-1),0) -> 12743 | L60: =ROUND(I60*J60^($F$9-1),0) -> 12954 | M60: =G60*$F$7 -> 5832443.4 | N60: =F60/K60 -> 418.96147 | O60: =G60/L60 -> 467.39501 | P60: =M60/L60 -> 450.24266 | Q60: =IF(N60=0,"n.a.",P60/N60-1) -> 0.074663649
A61: 05012 | B61: 05 | C61: Coahuila de Zaragoza | D61: 012 | E61: Guerrero | F61: 3879476 | G61: 3750404 | H61: 1633 | I61: 1417 | J61: =I61/H61 -> 0.86772811 | K61: =ROUND(I61*J61^($F$8-1),0) -> 1464 | L61: =ROUND(I61*J61^($F$9-1),0) -> 1427 | M61: =G61*$F$7 -> 3612772.6 | N61: =F61/K61 -> 2649.9153 | O61: =G61/L61 -> 2628.1738 | P61: =M61/L61 -> 2531.7257 | Q61: =IF(N61=0,"n.a.",P61/N61-1) -> -0.044601279
... A1424: 24024 | B1424: 24 | C1424: San Luis Potosí | D1424: 024 | E1424: Rioverde | F1424: 18756979 | G1424: 17739578 | H1424: 97557 | I1424: 95501 | J1424: =I1424/H1424 -> 0.97892514 | K1424: =ROUND(I1424*J1424^($F$8-1),0) -> 95972 | L1424: =ROUND(I1424*J1424^($F$9-1),0) -> 95607 | M1424: =G1424*$F$7 -> 17088575 | N1424: =F1424/K1424 -> 195.4422 | O1424: =G1424/L1424 -> 185.54685 | P1424: =M1424/L1424 -> 178.7377 | Q1424: =IF(N1424=0,"n.a.",P1424/N1424-1) -> -0.085470299
A1425: 24028 | B1425: 24 | C1425: San Luis Potosí | D1425: 028 | E1425: San Luis Potosí | F1425: 1164906681 | G1425: 1074097251 | H1425: 907903 | I1425: 771315 | J1425: =(I1425+170650)/(H1425) -> 1.0375172 | K1425: =ROUND(I1425*J1425^($F$8-1),0) -> 764784 | L1425: =ROUND(I1425*J1425^($F$9-1),0) -> 769840 | M1425: =G1425*$F$7 -> 1.0346803e+09 | N1425: =F1425/K1425 -> 1523.1839 | O1425: =G1425/L1425 -> 1395.2214 | P1425: =M1425/L1425 -> 1344.0199 | Q1425: =IF(N1425=0,"n.a.",P1425/N1425-1) -> -0.11762467
A1426: 24035 | B1426: 24 | C1426: San Luis Potosí | D1426: 035 | E1426: Soledad de Graciano Sánchez | F1426: 160805923 | G1426: 158866156 | H1426: 331903 | I1426: 350401 | J1426: =I1426/H1426 -> 1.0557332 | K1426: =ROUND(I1426*J1426^($F$8-1),0) -> 346041 | L1426: =ROUND(I1426*J1426^($F$9-1),0) -> 349415 | M1426: =G1426*$F$7 -> 1.5303612e+08 | N1426: =F1426/K1426 -> 464.70194 | O1426: =G1426/L1426 -> 454.66324 | P1426: =M1426/L1426 -> 437.97812 | Q1426: =IF(N1426=0,"n.a.",P1426/N1426-1) -> -0.057507446
A1427: 24037 | B1427: 24 | C1427: San Luis Potosí | D1427: 037 | E1427: Tamazunchale | F1427: 8047212 | G1427: 9098809 | H1427: 94937 | I1427: 90604 | J1427: =I1427/H1427 -> 0.95435921 | K1427: =ROUND(I1427*J1427^($F$8-1),0) -> 91587 | L1427: =ROUND(I1427*J1427^($F$9-1),0) -> 90824 | M1427: =G1427*$F$7 -> 8764903.1 | N1427: =F1427/K1427 -> 87.864129 | O1427: =G1427/L1427 -> 100.18067 | P1427: =M1427/L1427 -> 96.504262 | Q1427: =IF(N1427=0,"n.a.",P1427/N1427-1) -> 0.09833515
A1428: 24054 | B1428: 24 | C1428: San Luis Potosí | D1428: 054 | E1428: Xilitla | F1428: 3243541 | G1428: 3974643 | H1428: 49692 | I1428: 51038 | J1428: =I1428/H1428 -> 1.0270869 | K1428: =ROUND(I1428*J1428^($F$8-1),0) -> 50724 | L1428: =ROUND(I1428*J1428^($F$9-1),0) -> 50967 | M1428: =G1428*$F$7 -> 3828782.5 | N1428: =F1428/K1428 -> 63.944898 | O1428: =G1428/L1428 -> 77.984637 | P1428: =M1428/L1428 -> 75.122775 | Q1428: =IF(N1428=0,"n.a.",P1428/N1428-1) -> 0.17480484
A1429: 25001 | B1429: 25 | C1429: Sinaloa | D1429: 001 | E1429: Ahome | F1429: 429141977 | G1429: 478454646 | H1429: 457633 | I1429: 481719 | J1429: =J1439 -> 1.0602295 | K1429: =ROUND(I1429*J1429^($F$8-1),0) -> 475258 | L1429: =ROUND(I1429*J1429^($F$9-1),0) -> 480257 | M1429: =G1429*$F$7 -> 4.6089643e+08 | N1429: =F1429/K1429 -> 902.96634 | O1429: =G1429/L1429 -> 996.24711 | P1429: =M1429/L1429 -> 959.68706 | Q1429: =IF(N1429=0,"n.a.",P1429/N1429-1) -> 0.062815988
A1430: 25002 | B1430: 25 | C1430: Sinaloa | D1430: 002 | E1430: Angostura | F1430: 35912331 | G1430: 23917389 | H1430: 43662 | I1430: 45322 | J1430: =I1430/H1430 -> 1.0380193 | K1430: =ROUND(I1430*J1430^($F$8-1),0) -> 44933 | L1430: =ROUND(I1430*J1430^($F$9-1),0) -> 45234 | M1430: =G1430*$F$7 -> 23039674 | N1430: =F1430/K1430 -> 799.24178 | O1430: =G1430/L1430 -> 528.74804 | P1430: =M1430/L1430 -> 509.34417 | Q1430: =IF(N1430=0,"n.a.",P1430/N1430-1) -> -0.36271578
A1431: 25003 | B1431: 25 | C1431: Sinaloa | D1431: 003 | E1431: Badiraguato | F1431: 1621421 | G1431: 2693660 | H1431: 26498 | I1431: 19734 | J1431: =I1431/H1431 -> 0.74473545 | K1431: =ROUND(I1431*J1431^($F$8-1),0) -> 21124 | L1431: =ROUND(I1431*J1431^($F$9-1),0) -> 20039 | M1431: =G1431*$F$7 -> 2594808.7 | N1431: =F1431/K1431 -> 76.75729 | O1431: =G1431/L1431 -> 134.42088 | P1431: =M1431/L1431 -> 129.48793 | Q1431: =IF(N1431=0,"n.a.",P1431/N1431-1) -> 0.68697896
A1432: 25004 | B1432: 25 | C1432: Sinaloa | D1432: 004 | E1432: Concordia | F1432: 4312006 | G1432: 3883067 | H1432: 24829 | I1432: 23618 | J1432: =I1432/H1432 -> 0.95122639 | K1432: =ROUND(I1432*J1432^($F$8-1),0) -> 23892 | L1432: =ROUND(I1432*J1432^($F$9-1),0) -> 23679 | M1432: =G1432*$F$7 -> 3740567.1 | N1432: =F1432/K1432 -> 180.47907 | O1432: =G1432/L1432 -> 163.9878 | P1432: =M1432/L1432 -> 157.96981 | Q1432: =IF(N1432=0,"n.a.",P1432/N1432-1) -> -0.12471952
A1433: 25005 | B1433: 25 | C1433: Sinaloa | D1433: 005 | E1433: Cosalá | F1433: 4559053 | G1433: 3945922 | H1433: 16856 | I1433: 16247 | J1433: =I1433/H1433 -> 0.96387043 | K1433: =ROUND(I1433*J1433^($F$8-1),0) -> 16386 | L1433: =ROUND(I1433*J1433^($F$9-1),0) -> 16278 | M1433: =G1433*$F$7 -> 3801115.5 | N1433: =F1433/K1433 -> 278.22855 | O1433: =G1433/L1433 -> 242.40828 | P1433: =M1433/L1433 -> 233.51244 | Q1433: =IF(N1433=0,"n.a.",P1433/N1433-1) -> -0.16071719
A1434: 25006 | B1434: 25 | C1434: Sinaloa | D1434: 006 | E1434: Culiacán | F1434: 1482607161 | G1434: 1472976041 | H1434: 991401 | I1434: 943091 | J1434: =(I1434+37266)/(H1434) -> 0.98886021 | K1434: =ROUND(I1434*J1434^($F$8-1),0) -> 945533 | L1434: =ROUND(I1434*J1434^($F$9-1),0) -> 943640 | M1434: =G1434*$F$7 -> 1.4189211e+09 | N1434: =F1434/K1434 -> 1568.0121 | O1434: =G1434/L1434 -> 1560.9513 | P1434: =M1434/L1434 -> 1503.6678 | Q1434: =IF(N1434=0,"n.a.",P1434/N1434-1) -> -0.041035553
A1435: 25007 | B1435: 25 | C1435: Sinaloa | D1435: 007 | E1435: Choix | F1435: 4312006 | G1435: 4239581 | H1435: 29298 | I1435: 28486 | J1435: =I1435/H1435 -> 0.9722848 | K1435: =ROUND(I1435*J1435^($F$8-1),0) -> 28671 | L1435: =ROUND(I1435*J1435^($F$9-1),0) -> 28528 | M1435: =G1435*$F$7 -> 4083997.9 | N1435: =F1435/K1435 -> 150.39608 | O1435: =G1435/L1435 -> 148.61122 | P1435: =M1435/L1435 -> 143.15752 | Q1435: =IF(N1435=0,"n.a.",P1435/N1435-1) -> -0.048129947
A1436: 25008 | B1436: 25 | C1436: Sinaloa | D1436: 008 | E1436: Elota | F1436: 24709254 | G1436: 25297366 | H1436: 47114 | I1436: 44910 | J1436: =I1436/H1436 -> 0.95321985 | K1436: =ROUND(I1436*J1436^($F$8-1),0) -> 45410 | L1436: =ROUND(I1436*J1436^($F$9-1),0) -> 45022 | M1436: =G1436*$F$7 -> 24369009 | N1436: =F1436/K1436 -> 544.13684 | O1436: =G1436/L1436 -> 561.88899 | P1436: =M1436/L1436 -> 541.26892 | Q1436: =IF(N1436=0,"n.a.",P1436/N1436-1) -> -0.0052705937
A1437: 25009 | B1437: 25 | C1437: Sinaloa | D1437: 009 | E1437: Escuinapa | F1437: 20471542 | G1437: 20781752 | H1437: 59776 | I1437: 58874 | J1437: =I1437/H1437 -> 0.98491033 | K1437: =ROUND(I1437*J1437^($F$8-1),0) -> 59081 | L1437: =ROUND(I1437*J1437^($F$9-1),0) -> 58921 | M1437: =G1437*$F$7 -> 20019108 | N1437: =F1437/K1437 -> 346.49959 | O1437: =G1437/L1437 -> 352.70535 | P1437: =M1437/L1437 -> 339.76185 | Q1437: =IF(N1437=0,"n.a.",P1437/N1437-1) -> -0.019445137
A1438: 25010 | B1438: 25 | C1438: Sinaloa | D1438: 010 | E1438: El Fuerte | F1438: 36499556 | G1438: 34897719 | H1438: 96185 | I1438: 97508 | J1438: =I1438/H1438 -> 1.0137547 | K1438: =ROUND(I1438*J1438^($F$8-1),0) -> 97201 | L1438: =ROUND(I1438*J1438^($F$9-1),0) -> 97439 | M1438: =G1438*$F$7 -> 33617051 | N1438: =F1438/K1438 -> 375.50597 | O1438: =G1438/L1438 -> 358.1494 | P1438: =M1438/L1438 -> 345.00611 | Q1438: =IF(N1438=0,"n.a.",P1438/N1438-1) -> -0.081223364
A1439: 25011 | B1439: 25 | C1439: Sinaloa | D1439: 011 | E1439: Guasave | F1439: 178224976 | G1439: 181850285 | H1439: 284528 | I1439: 263913 | J1439: =(I1439+I1429+41229)/(H1439+H1429) -> 1.0602295 | K1439: =ROUND(I1439*J1439^($F$8-1),0) -> 260373 | L1439: =ROUND(I1439*J1439^($F$9-1),0) -> 263112 | M1439: =G1439*$F$7 -> 1.7517679e+08 | N1439: =F1439/K1439 -> 684.49868 | O1439: =G1439/L1439 -> 691.15162 | P1439: =M1439/L1439 -> 665.7879 | Q1439: =IF(N1439=0,"n.a.",P1439/N1439-1) -> -0.027335018
A1440: 25012 | B1440: 25 | C1440: Sinaloa | D1440: 012 | E1440: Mazatlán | F1440: 1149176465 | G1440: 1128421133 | H1440: 498785 | I1440: 539070 | J1440: =I1440/H1440 -> 1.0807663 | K1440: =ROUND(I1440*J1440^($F$8-1),0) -> 529489 | L1440: =ROUND(I1440*J1440^($F$9-1),0) -> 536899 | M1440: =G1440*$F$7 -> 1.0870106e+09 | N1440: =F1440/K1440 -> 2170.35 | O1440: =G1440/L1440 -> 2101.7382 | P1440: =M1440/L1440 -> 2024.6091 | Q1440: =IF(N1440=0,"n.a.",P1440/N1440-1) -> -0.067150887
A1441: 25013 | B1441: 25 | C1441: Sinaloa | D1441: 013 | E1441: Mocorito | F1441: 14460637 | G1441: 16923639 | H1441: 40317 | I1441: 40510 | J1441: =I1441/H1441 -> 1.0047871 | K1441: =ROUND(I1441*J1441^($F$8-1),0) -> 40465 | L1441: =ROUND(I1441*J1441^($F$9-1),0) -> 40500 | M1441: =G1441*$F$7 -> 16302579 | N1441: =F1441/K1441 -> 357.3616 | O1441: =G1441/L1441 -> 417.86763 | P1441: =M1441/L1441 -> 402.53282 | Q1441: =IF(N1441=0,"n.a.",P1441/N1441-1) -> 0.12640201
A1442: 25014 | B1442: 25 | C1442: Sinaloa | D1442: 014 | E1442: Rosario | F1442: 13240398 | G1442: 15899868 | H1442: 52307 | I1442: 50577 | J1442: =I1442/H1442 -> 0.96692603 | K1442: =ROUND(I1442*J1442^($F$8-1),0) -> 50971 | L1442: =ROUND(I1442*J1442^($F$9-1),0) -> 50665 | M1442: =G1442*$F$7 -> 15316378 | N1442: =F1442/K1442 -> 259.76336 | O1442: =G1442/L1442 -> 313.82351 | P1442: =M1442/L1442 -> 302.30689 | Q1442: =IF(N1442=0,"n.a.",P1442/N1442-1) -> 0.16377803
A1443: 25015 | B1443: 25 | C1443: Sinaloa | D1443: 015 | E1443: Salvador Alvarado | F1443: 55877350 | G1443: 61314575 | H1443: 79350 | I1443: 83984 | J1443: =I1443/H1443 -> 1.0583995 | K1443: =ROUND(I1443*J1443^($F$8-1),0) -> 82891 | L1443: =ROUND(I1443*J1443^($F$9-1),0) -> 83737 | M1443: =G1443*$F$7 -> 59064467 | N1443: =F1443/K1443 -> 674.10636 | O1443: =G1443/L1443 -> 732.22799 | P1443: =M1443/L1443 -> 705.35686 | Q1443: =IF(N1443=0,"n.a.",P1443/N1443-1) -> 0.046358413
A1444: 25016 | B1444: 25 | C1444: Sinaloa | D1444: 016 | E1444: San Ignacio | F1444: 3536977 | G1444: 4499974 | H1444: 18366 | I1444: 20201 | J1444: =I1444/H1444 -> 1.0999129 | K1444: =ROUND(I1444*J1444^($F$8-1),0) -> 19762 | L1444: =ROUND(I1444*J1444^($F$9-1),0) -> 20101 | M1444: =G1444*$F$7 -> 4334835 | N1444: =F1444/K1444 -> 178.9787 | O1444: =G1444/L1444 -> 223.86817 | P1444: =M1444/L1444 -> 215.6527 | Q1444: =IF(N1444=0,"n.a.",P1444/N1444-1) -> 0.20490711
A1445: 25017 | B1445: 25 | C1445: Sinaloa | D1445: 017 | E1445: Sinaloa | F1445: 23904190 | G1445: 21843331 | H1445: 78664 | I1445: 77385 | J1445: =I1445/H1445 -> 0.98374097 | K1445: =ROUND(I1445*J1445^($F$8-1),0) -> 77678 | L1445: =ROUND(I1445*J1445^($F$9-1),0) -> 77451 | M1445: =G1445*$F$7 -> 21041730 | N1445: =F1445/K1445 -> 307.73436 | O1445: =G1445/L1445 -> 282.02775 | P1445: =M1445/L1445 -> 271.67796 | Q1445: =IF(N1445=0,"n.a.",P1445/N1445-1) -> -0.1171673
A1446: 25018 | B1446: 25 | C1446: Sinaloa | D1446: 018 | E1446: Navolato | F1446: 124840773 | G1446: 120283121 | H1446: 141308 | I1446: 148219 | J1446: =I1446/H1446 -> 1.0489074 | K1446: =ROUND(I1446*J1446^($F$8-1),0) -> 146594 | L1446: =ROUND(I1446*J1446^($F$9-1),0) -> 147852 | M1446: =G1446*$F$7 -> 1.15869e+08 | N1446: =F1446/K1446 -> 851.60902 | O1446: =G1446/L1446 -> 813.53733 | P1446: =M1446/L1446 -> 783.68233 | Q1446: =IF(N1446=0,"n.a.",P1446/N1446-1) -> -0.079762771
A1447: 26001 | B1447: 26 | C1447: Sonora | D1447: 001 | E1447: Aconchi | F1447: 338685 | G1447: 224724 | H1447: 2563 | I1447: 2366 | J1447: =I1447/H1447 -> 0.92313695 | K1447: =ROUND(I1447*J1447^($F$8-1),0) -> 2410 | L1447: =ROUND(I1447*J1447^($F$9-1),0) -> 2376 | M1447: =G1447*$F$7 -> 216477.13 | N1447: =F1447/K1447 -> 140.5332 | O1447: =G1447/L1447 -> 94.580808 | P1447: =M1447/L1447 -> 91.109904 | Q1447: =IF(N1447=0,"n.a.",P1447/N1447-1) -> -0.35168411
A1448: 26002 | B1448: 26 | C1448: Sonora | D1448: 002 | E1448: Agua Prieta | F1448: 29563019 | G1448: 40901509 | H1448: 91527 | I1448: 96141 | J1448: =I1448/H1448 -> 1.0504114 | K1448: =ROUND(I1448*J1448^($F$8-1),0) -> 95055 | L1448: =ROUND(I1448*J1448^($F$9-1),0) -> 95896 | M1448: =G1448*$F$7 -> 39400515 | N1448: =F1448/K1448 -> 311.00962 | O1448: =G1448/L1448 -> 426.51945 | P1448: =M1448/L1448 -> 410.86714 | Q1448: =IF(N1448=0,"n.a.",P1448/N1448-1) -> 0.32107535
A1449: 26003 | B1449: 26 | C1449: Sonora | D1449: 003 | E1449: Álamos | F1449: 8155029 | G1449: 11530723 | H1449: 24958 | I1449: 25143 | J1449: =I1449/H1449 -> 1.0074125 | K1449: =ROUND(I1449*J1449^($F$8-1),0) -> 25100 | L1449: =ROUND(I1449*J1449^($F$9-1),0) -> 25133 | M1449: =G1449*$F$7 -> 11107571 | N1449: =F1449/K1449 -> 324.90155 | O1449: =G1449/L1449 -> 458.78817 | P1449: =M1449/L1449 -> 441.95167 | Q1449: =IF(N1449=0,"n.a.",P1449/N1449-1) -> 0.36026332
A1450: 26004 | B1450: 26 | C1450: Sonora | D1450: 004 | E1450: Altar | F1450: 2809491 | G1450: 3406131 | H1450: 9468 | I1450: 9727 | J1450: =I1450/H1450 -> 1.0273553 | K1450: =ROUND(I1450*J1450^($F$8-1),0) -> 9667 | L1450: =ROUND(I1450*J1450^($F$9-1),0) -> 9713 | M1450: =G1450*$F$7 -> 3281133.6 | N1450: =F1450/K1450 -> 290.62698 | O1450: =G1450/L1450 -> 350.67755 | P1450: =M1450/L1450 -> 337.80846 | Q1450: =IF(N1450=0,"n.a.",P1450/N1450-1) -> 0.16234379
A1451: 26005 | B1451: 26 | C1451: Sonora | D1451: 005 | E1451: Arivechi | F1451: 130380 | G1451: 240071 | H1451: 1177 | I1451: 1044 | J1451: =I1451/H1451 -> 0.88700085 | K1451: =ROUND(I1451*J1451^($F$8-1),0) -> 1073 | L1451: =ROUND(I1451*J1451^($F$9-1),0) -> 1051 | M1451: =G1451*$F$7 -> 231260.93 | N1451: =F1451/K1451 -> 121.50979 | O1451: =G1451/L1451 -> 228.4215 | P1451: =M1451/L1451 -> 220.03894 | Q1451: =IF(N1451=0,"n.a.",P1451/N1451-1) -> 0.81087427
... A1704: 32058 | B1704: 32 | C1704: Zacatecas | D1704: 058 | E1704: Santa María de la Paz | F1704: 1994288 | G1704: 1834574 | H1704: 2767 | I1704: 2686 | J1704: =I1704/H1704 -> 0.97072642 | K1704: =ROUND(I1704*J1704^($F$8-1),0) -> 2704 | L1704: =ROUND(I1704*J1704^($F$9-1),0) -> 2690 | M1704: =G1704*$F$7 -> 1767249.2 | N1704: =F1704/K1704 -> 737.53254 | O1704: =G1704/L1704 -> 681.99777 | P1704: =M1704/L1704 -> 656.96998 | Q1704: =IF(N1704=0,"n.a.",P1704/N1704-1) -> -0.10923256

Sheet Supuestos
A1: Supuestos
A3: INPC mensual (base 2a quincena de julio 2018 = 100)
A4: Mes | B4: 2024 | C4: 2025
A5: Enero | B5: 133.555 | C5: 138.343
A6: Febrero | B6: 133.681 | C6: 138.726
A7: Marzo | B7: 134.065 | C7: 139.161
A8: Abril | B8: 134.336 | C8: 139.62
A9: Mayo | B9: 134.087 | C9: 140.012
A10: Junio | B10: 134.594 | C10: 140.405
A11: Julio | B11: 136.003 | C11: 140.78
A12: Agosto | B12: 136.013 | C12: 140.867
A13: Septiembre | B13: 136.08 | C13: 141.197
A14: Octubre | B14: 136.828 | C14: 141.708
A15: Noviembre | B15: 137.424 | C15: 142.645
A16: Diciembre | B16: 137.949 | C16: 143.042
A17: Promedio anual | B17: =AVERAGE(B5:B16) -> 135.38458 | C17: =AVERAGE(C5:C16) -> 140.54217
A18: Fuente: INEGI, INPC (valores mensuales de calcu.mx/inpc; nov-2025 = 142.645 verificado con el boletín INEGI 718/25).
A20: Fechas para interpolar la población
A21: Fecha de referencia del Censo 2020 | B21: =DATE(2020,3,15) -> 43905
A22: Fecha de referencia de la Encuesta Intercensal 2025 | B22: =DATE(2025,10,15) -> 45945
A23: Población 2024 se estima al | B23: =DATE(2024,7,1) -> 45474
A24: Población 2025 se estima al | B24: =DATE(2025,7,1) -> 45839
A25: Fracción del periodo Censo→EIC transcurrida al 1-jul-2024 = (B23 − B21) ÷ (B22 − B21) | B25: =(B23-B21)/(B22-B21) -> 0.76911765
A26: Fracción del periodo Censo→EIC transcurrida al 1-jul-2025 = (B24 − B21) ÷ (B22 − B21) | B26: =(B24-B21)/(B22-B21) -> 0.94803922
A28: Notas
A29: • Impuestos = capítulo 'Impuestos' de los ingresos municipales de la EFIPEM (predial, traslado de dominio, espectáculos, etc.). No incluye los impuestos participables (Fondo ISR, IEPS, ISAN), que INEGI registra en Participaciones federales.
A30: • EFIPEM 2024 son cifras definitivas; 2025 son cifras preliminares (INEGI publica actualización el 30-nov-2026).
A31: • Solo se incluyen municipios que reportan a la EFIPEM en 2024 y en 2025 (1,691). Un municipio que reporta ingresos pero no tiene renglón de Impuestos aparece con impuestos = 0.
A32: • Se excluyen las 16 alcaldías de la CDMX: el predial y demás impuestos los recauda el gobierno central de la Ciudad.
A33: • Población: personas en viviendas particulares habitadas en el Censo 2020 y en la EIC 2025 (mismo concepto en ambos años).
A34: • Municipios creados después de 2020 (San Felipe, Dzitbalché) y municipios que perdieron territorio (Mexicali, Calkiní, San Luis Potosí, Culiacán, Guasave, Ahome): el factor de crecimiento se calcula con la población conjunta del municipio de origen y el nuevo, para que la escisión no se lea como caída de población. Ver comentarios en la columna J de la hoja Indicador.
A35: • Colores: azul = dato de INEGI o supuesto capturado; negro = fórmula; verde = vínculo a otra hoja.

Sheet Resumen estatal
A1: Resumen por entidad federativa
A2: Suma de los municipios de la hoja Indicador. Per cápita estatal = impuestos totales ÷ población total de esos municipios. Todas las cifras en pesos de 2024 salvo la columna H.
A4: Clave | B4: Entidad | C4: Municipios en la tabla | D4: Población 2024 | E4: Impuestos 2024 | F4: Per cápita 2024 ($) | G4: Población 2025 | H4: Impuestos 2025 (pesos corrientes) | I4: Impuestos 2025 (pesos de 2024) | J4: Per cápita 2025 (pesos de 2024) | K4: Variación real per cápita
A5: Catálogo INEGI | B5: Catálogo INEGI | C5: Conteo en Indicador | D5: Suma col. K | E5: Suma col. F | F5: = E ÷ D | G5: Suma col. L | H5: Suma col. G | I5: = H × deflactor | J5: = I ÷ G | K5: = J ÷ F − 1
A6: 01 | B6: Aguascalientes | C6: =COUNTIF(Indicador!$B$14:$B$1704,$A6) -> 11 | D6: =SUMIFS(Indicador!$K$14:$K$1704,Indicador!$B$14:$B$1704,$A6) -> 1507370 | E6: =SUMIFS(Indicador!$F$14:$F$1704,Indicador!$B$14:$B$1704,$A6) -> 1349719649 | F6: =E6/D6 -> 895.41363 | G6: =SUMIFS(Indicador!$L$14:$L$1704,Indicador!$B$14:$B$1704,$A6) -> 1528280 | H6: =SUMIFS(Indicador!$G$14:$G$1704,Indicador!$B$14:$B$1704,$A6) -> 1577737358 | I6: =H6*Indicador!$F$7 -> 1.5198379e+09 | J6: =I6/G6 -> 994.47609 | K6: =J6/F6-1 -> 0.11063318
A7: 02 | B7: Baja California | C7: =COUNTIF(Indicador!$B$14:$B$1704,$A7) -> 7 | D7: =SUMIFS(Indicador!$K$14:$K$1704,Indicador!$B$14:$B$1704,$A7) -> 3921666 | E7: =SUMIFS(Indicador!$F$14:$F$1704,Indicador!$B$14:$B$1704,$A7) -> 5537764530 | F7: =E7/D7 -> 1412.0949 | G7: =SUMIFS(Indicador!$L$14:$L$1704,Indicador!$B$14:$B$1704,$A7) -> 3965684 | H7: =SUMIFS(Indicador!$G$14:$G$1704,Indicador!$B$14:$B$1704,$A7) -> 6047963425 | I7: =H7*Indicador!$F$7 -> 5.8260167e+09 | J7: =I7/G7 -> 1469.1076 | K7: =J7/F7-1 -> 0.040374591
A8: 03 | B8: Baja California Sur | C8: =COUNTIF(Indicador!$B$14:$B$1704,$A8) -> 5 | D8: =SUMIFS(Indicador!$K$14:$K$1704,Indicador!$B$14:$B$1704,$A8) -> 914355 | E8: =SUMIFS(Indicador!$F$14:$F$1704,Indicador!$B$14:$B$1704,$A8) -> 2715559213 | F8: =E8/D8 -> 2969.9178 | G8: =SUMIFS(Indicador!$L$14:$L$1704,Indicador!$B$14:$B$1704,$A8) -> 946003 | H8: =SUMIFS(Indicador!$G$14:$G$1704,Indicador!$B$14:$B$1704,$A8) -> 3660579796 | I8: =H8*Indicador!$F$7 -> 3.5262447e+09 | J8: =I8/G8 -> 3727.5196 | K8: =J8/F8-1 -> 0.25509182
A9: 04 | B9: Campeche | C9: =COUNTIF(Indicador!$B$14:$B$1704,$A9) -> 13 | D9: =SUMIFS(Indicador!$K$14:$K$1704,Indicador!$B$14:$B$1704,$A9) -> 957500 | E9: =SUMIFS(Indicador!$F$14:$F$1704,Indicador!$B$14:$B$1704,$A9) -> 305199751 | F9: =E9/D9 -> 318.74648 | G9: =SUMIFS(Indicador!$L$14:$L$1704,Indicador!$B$14:$B$1704,$A9) -> 964922 | H9: =SUMIFS(Indicador!$G$14:$G$1704,Indicador!$B$14:$B$1704,$A9) -> 337198911 | I9: =H9*Indicador!$F$7 -> 3.2482446e+08 | J9: =I9/G9 -> 336.63287 | K9: =J9/F9-1 -> 0.056114805
A10: 05 | B10: Coahuila de Zaragoza | C10: =COUNTIF(Indicador!$B$14:$B$1704,$A10) -> 38 | D10: =SUMIFS(Indicador!$K$14:$K$1704,Indicador!$B$14:$B$1704,$A10) -> 3339543 | E10: =SUMIFS(Indicador!$F$14:$F$1704,Indicador!$B$14:$B$1704,$A10) -> 3312894325 | F10: =E10/D10 -> 992.02026 | G10: =SUMIFS(Indicador!$L$14:$L$1704,Indicador!$B$14:$B$1704,$A10) -> 3389752 | H10: =SUMIFS(Indicador!$G$14:$G$1704,Indicador!$B$14:$B$1704,$A10) -> 3621110244 | I10: =H10*Indicador!$F$7 -> 3.4882236e+09 | J10: =I10/G10 -> 1029.0498 | K10: =J10/F10-1 -> 0.037327393
A11: 06 | B11: Colima | C11: =COUNTIF(Indicador!$B$14:$B$1704,$A11) -> 10 | D11: =SUMIFS(Indicador!$K$14:$K$1704,Indicador!$B$14:$B$1704,$A11) -> 751704 | E11: =SUMIFS(Indicador!$F$14:$F$1704,Indicador!$B$14:$B$1704,$A11) -> 946824030 | F11: =E11/D11 -> 1259.5703 | G11: =SUMIFS(Indicador!$L$14:$L$1704,Indicador!$B$14:$B$1704,$A11) -> 757339 | H11: =SUMIFS(Indicador!$G$14:$G$1704,Indicador!$B$14:$B$1704,$A11) -> 1080504797 | I11: =H11*Indicador!$F$7 -> 1.0408527e+09 | J11: =I11/G11 -> 1374.3551 | K11: =J11/F11-1 -> 0.091130097
A12: 07 | B12: Chiapas | C12: =COUNTIF(Indicador!$B$14:$B$1704,$A12) -> 98 | D12: =SUMIFS(Indicador!$K$14:$K$1704,Indicador!$B$14:$B$1704,$A12) -> 4918408 | E12: =SUMIFS(Indicador!$F$14:$F$1704,Indicador!$B$14:$B$1704,$A12) -> 923071439 | F12: =E12/D12 -> 187.67687 | G12: =SUMIFS(Indicador!$L$14:$L$1704,Indicador!$B$14:$B$1704,$A12) -> 4974882 | H12: =SUMIFS(Indicador!$G$14:$G$1704,Indicador!$B$14:$B$1704,$A12) -> 1008703136 | I12: =H12*Indicador!$F$7 -> 9.7168599e+08 | J12: =I12/G12 -> 195.3184 | K12: =J12/F12-1 -> 0.040716389
A13: 08 | B13: Chihuahua | C13: =COUNTIF(Indicador!$B$14:$B$1704,$A13) -> 64 | D13: =SUMIFS(Indicador!$K$14:$K$1704,Indicador!$B$14:$B$1704,$A13) -> 3793520 | E13: =SUMIFS(Indicador!$F$14:$F$1704,Indicador!$B$14:$B$1704,$A13) -> 4742500905 | F13: =E13/D13 -> 1250.1584 | G13: =SUMIFS(Indicador!$L$14:$L$1704,Indicador!$B$14:$B$1704,$A13) -> 3825448 | H13: =SUMIFS(Indicador!$G$14:$G$1704,Indicador!$B$14:$B$1704,$A13) -> 5357344772 | I13: =H13*Indicador!$F$7 -> 5.1607422e+09 | J13: =I13/G13 -> 1349.0556 | K13: =J13/F13-1 -> 0.079107764
A14: 10 | B14: Durango | C14: =COUNTIF(Indicador!$B$14:$B$1704,$A14) -> 3 | D14: =SUMIFS(Indicador!$K$14:$K$1704,Indicador!$B$14:$B$1704,$A14) -> 1302725 | E14: =SUMIFS(Indicador!$F$14:$F$1704,Indicador!$B$14:$B$1704,$A14) -> 1002139231 | F14: =E14/D14 -> 769.26384 | G14: =SUMIFS(Indicador!$L$14:$L$1704,Indicador!$B$14:$B$1704,$A14) -> 1323551 | H14: =SUMIFS(Indicador!$G$14:$G$1704,Indicador!$B$14:$B$1704,$A14) -> 1217801320 | I14: =H14*Indicador!$F$7 -> 1.1731107e+09 | J14: =I14/G14 -> 886.33588 | K14: =J14/F14-1 -> 0.15218711
A15: 11 | B15: Guanajuato | C15: =COUNTIF(Indicador!$B$14:$B$1704,$A15) -> 34 | D15: =SUMIFS(Indicador!$K$14:$K$1704,Indicador!$B$14:$B$1704,$A15) -> 5690209 | E15: =SUMIFS(Indicador!$F$14:$F$1704,Indicador!$B$14:$B$1704,$A15) -> 4556706968 | F15: =E15/D15 -> 800.79782 | G15: =SUMIFS(Indicador!$L$14:$L$1704,Indicador!$B$14:$B$1704,$A15) -> 5737062 | H15: =SUMIFS(Indicador!$G$14:$G$1704,Indicador!$B$14:$B$1704,$A15) -> 5044634478 | I15: =H15*Indicador!$F$7 -> 4.8595077e+09 | J15: =I15/G15 -> 847.03768 | K15: =J15/F15-1 -> 0.057742235
A16: 12 | B16: Guerrero | C16: =COUNTIF(Indicador!$B$14:$B$1704,$A16) -> 8 | D16: =SUMIFS(Indicador!$K$14:$K$1704,Indicador!$B$14:$B$1704,$A16) -> 1640134 | E16: =SUMIFS(Indicador!$F$14:$F$1704,Indicador!$B$14:$B$1704,$A16) -> 1136297441 | F16: =E16/D16 -> 692.80769 | G16: =SUMIFS(Indicador!$L$14:$L$1704,Indicador!$B$14:$B$1704,$A16) -> 1635501 | H16: =SUMIFS(Indicador!$G$14:$G$1704,Indicador!$B$14:$B$1704,$A16) -> 1269566401 | I16: =H16*Indicador!$F$7 -> 1.2229762e+09 | J16: =I16/G16 -> 747.76851 | K16: =J16/F16-1 -> 0.079330569
A17: 13 | B17: Hidalgo | C17: =COUNTIF(Indicador!$B$14:$B$1704,$A17) -> 5 | D17: =SUMIFS(Indicador!$K$14:$K$1704,Indicador!$B$14:$B$1704,$A17) -> 823458 | E17: =SUMIFS(Indicador!$F$14:$F$1704,Indicador!$B$14:$B$1704,$A17) -> 585801189 | F17: =E17/D17 -> 711.3917 | G17: =SUMIFS(Indicador!$L$14:$L$1704,Indicador!$B$14:$B$1704,$A17) -> 826506 | H17: =SUMIFS(Indicador!$G$14:$G$1704,Indicador!$B$14:$B$1704,$A17) -> 548919420 | I17: =H17*Indicador!$F$7 -> 5.287753e+08 | J17: =I17/G17 -> 639.77189 | K17: =J17/F17-1 -> -0.10067564
... A36: 32 | B36: Zacatecas | C36: =COUNTIF(Indicador!$B$14:$B$1704,$A36) -> 44 | D36: =SUMIFS(Indicador!$K$14:$K$1704,Indicador!$B$14:$B$1704,$A36) -> 1349667 | E36: =SUMIFS(Indicador!$F$14:$F$1704,Indicador!$B$14:$B$1704,$A36) -> 752801036 | F36: =E36/D36 -> 557.76798 | G36: =SUMIFS(Indicador!$L$14:$L$1704,Indicador!$B$14:$B$1704,$A36) -> 1360288 | H36: =SUMIFS(Indicador!$G$14:$G$1704,Indicador!$B$14:$B$1704,$A36) -> 835329019 | I36: =H36*Indicador!$F$7 -> 8.0467431e+08 | J36: =I36/G36 -> 591.54702 | K36: =J36/F36-1 -> 0.060561094
B37: Nacional (sin CDMX) | C37: =SUM(C6:C36) -> 1691 | D37: =SUM(D6:D36) -> 101571350 | E37: =SUM(E6:E36) -> 97594966712 | F37: =E37/D37 -> 960.85133 | G37: =SUM(G6:G36) -> 102406508 | H37: =SUM(H6:H36) -> 107225503859 | I37: =H37*Indicador!$F$7 -> 1.0329057e+11 | J37: =I37/G37 -> 1008.6328 | K37: =J37/F37-1 -> 0.049728313
