Workbook

Sheet Resumen
A1: 2027: qué cambiaría en las participaciones si la población de la Encuesta Intercensal 2025 sustituye a la ENOE
A2: Millones de pesos al año. FGP, FFM 70%, FOFIR y Fondo de Compensación; montos del PPEF 2027 y variables del DOF de agosto 2026.
A3: Escenario de esta hoja: ENOE 1T-2026 (la que usa hoy la SHCP). Ver también: Escenario ENOE 4T-2025 (misma fecha que la Intercensal) y Rango entre trimestres.
A4: En resumen
A5: ="• Con todo lo demás igual, la población de la Intercensal movería unos "&TEXT(-SUMIF($G$91:$G$122,"<0"),"#,##0")&" millones al año entre estados. "&COUNTIF($G$91:$G$122,"<0")&" estados perderían y "&COUNTIF($G$91:$G$122,">0")&" ganarían. La mayor pérdida sería para "&INDEX($B$91:$B$122,MATCH(MIN($G$91:$G$122),$G$91:$G$122,0))&" ("&TEXT(MIN($G$91:$G$122),"#,##0")&" millones"&IF(INDEX($B$91:$B$122,MATCH(MIN($G$91:$G$122),$G$91:$G$122,0))=INDEX($B$91:$B$122,MATCH(MIN($I$91:$I$122),$I$91:$I$122,0)),", que también sería la mayor en proporción: "&TEXT(MIN($I$91:$I$122),"0.0%")&" de sus participaciones).",") y, en proporción, para "&INDEX($B$91:$B$122,MATCH(MIN($I$91:$I$122),$I$91:$I$122,0))&" ("&TEXT(MIN($I$91:$I$122),"0.0%")&" de sus participaciones).") -> • Con todo lo demás igual, la población de la Intercensal movería unos 7,672 millones al año entre estados. 15 estados perderían y 17 ganarían. La mayor pérdida sería para Coahuila (-1,171 millones, que también sería la mayor en proporción: -3.6% de sus participaciones).
A6: • Las entidades afectadas podrían registrar reducciones importantes, pero por lo observado en 2021-2022 el cambio se aplicaría de forma gradual: entra con la ENOE trimestral que publique el INEGI con la nueva base, y lo ya pagado se corrige con los ajustes cuatrimestrales y el definitivo. Ver el calendario de abajo.
A7: • Referencia histórica: en 2021 el cambio por el Censo 2020 movió unos 7,500 millones al año y el Estado de México perdió 3.7% de sus participaciones (archivo 2021-2022). La magnitud ahora es parecida.
B9: Redistribución anual estimada | D9: Mayor pérdida en pesos | F9: Mayor pérdida en % | H9: Estados que pierden / ganan
B10: =-SUMIF($G$91:$G$122,"<0") -> 7671.5526 | D10: =MIN($G$91:$G$122) -> -1170.6414 | F10: =MIN($I$91:$I$122) -> -0.036144789 | H10: =COUNTIF($G$91:$G$122,"<0")&" / "&COUNTIF($G$91:$G$122,">0") -> 15 / 17
B11: millones de pesos por año | D11: =INDEX($B$91:$B$122,MATCH(MIN($G$91:$G$122),$G$91:$G$122,0)) -> Coahuila | F11: =INDEX($B$91:$B$122,MATCH(MIN($I$91:$I$122),$I$91:$I$122,0)) -> Coahuila | H11: de 32 entidades
A13: Quiénes perderían y quiénes ganarían (efecto anual, ceteris paribus) | P13: Datos de la gráfica
A14: Más afectados: en millones de pesos | F14: Más beneficiados: en millones de pesos | P14: Estado (ordenado) | Q14: Gana (%) | R14: Pierde (%)
A15: # | B15: Estado | C15: mdp | D15: % partic. | F15: # | G15: Estado | H15: mdp | I15: % partic. | P15: =INDEX($B$91:$B$122,MATCH(SMALL($I$91:$I$122,1),$I$91:$I$122,0)) -> Coahuila | Q15: =MAX(SMALL($I$91:$I$122,1),0) -> 0 | R15: =MIN(SMALL($I$91:$I$122,1),0) -> -0.036144789
A16: 1 | B16: =INDEX($B$91:$B$122,MATCH(SMALL($G$91:$G$122,1),$G$91:$G$122,0)) -> Coahuila | C16: =INDEX($G$91:$G$122,MATCH(SMALL($G$91:$G$122,1),$G$91:$G$122,0)) -> -1170.6414 | D16: =INDEX($I$91:$I$122,MATCH(SMALL($G$91:$G$122,1),$G$91:$G$122,0)) -> -0.036144789 | F16: 1 | G16: =INDEX($B$91:$B$122,MATCH(LARGE($G$91:$G$122,1),$G$91:$G$122,0)) -> Puebla | H16: =INDEX($G$91:$G$122,MATCH(LARGE($G$91:$G$122,1),$G$91:$G$122,0)) -> 2233.6538 | I16: =INDEX($I$91:$I$122,MATCH(LARGE($G$91:$G$122,1),$G$91:$G$122,0)) -> 0.037997454 | P16: =INDEX($B$91:$B$122,MATCH(SMALL($I$91:$I$122,2),$I$91:$I$122,0)) -> Guerrero | Q16: =MAX(SMALL($I$91:$I$122,2),0) -> 0 | R16: =MIN(SMALL($I$91:$I$122,2),0) -> -0.031471206
A17: 2 | B17: =INDEX($B$91:$B$122,MATCH(SMALL($G$91:$G$122,2),$G$91:$G$122,0)) -> Guerrero | C17: =INDEX($G$91:$G$122,MATCH(SMALL($G$91:$G$122,2),$G$91:$G$122,0)) -> -993.99518 | D17: =INDEX($I$91:$I$122,MATCH(SMALL($G$91:$G$122,2),$G$91:$G$122,0)) -> -0.031471206 | F17: 2 | G17: =INDEX($B$91:$B$122,MATCH(LARGE($G$91:$G$122,2),$G$91:$G$122,0)) -> Baja California | H17: =INDEX($G$91:$G$122,MATCH(LARGE($G$91:$G$122,2),$G$91:$G$122,0)) -> 1384.584 | I17: =INDEX($I$91:$I$122,MATCH(LARGE($G$91:$G$122,2),$G$91:$G$122,0)) -> 0.036944668 | P17: =INDEX($B$91:$B$122,MATCH(SMALL($I$91:$I$122,3),$I$91:$I$122,0)) -> Chihuahua | Q17: =MAX(SMALL($I$91:$I$122,3),0) -> 0 | R17: =MIN(SMALL($I$91:$I$122,3),0) -> -0.019560919
A18: 3 | B18: =INDEX($B$91:$B$122,MATCH(SMALL($G$91:$G$122,3),$G$91:$G$122,0)) -> Veracruz | C18: =INDEX($G$91:$G$122,MATCH(SMALL($G$91:$G$122,3),$G$91:$G$122,0)) -> -897.07125 | D18: =INDEX($I$91:$I$122,MATCH(SMALL($G$91:$G$122,3),$G$91:$G$122,0)) -> -0.012132902 | F18: 3 | G18: =INDEX($B$91:$B$122,MATCH(LARGE($G$91:$G$122,3),$G$91:$G$122,0)) -> Quintana Roo | H18: =INDEX($G$91:$G$122,MATCH(LARGE($G$91:$G$122,3),$G$91:$G$122,0)) -> 945.9536 | I18: =INDEX($I$91:$I$122,MATCH(LARGE($G$91:$G$122,3),$G$91:$G$122,0)) -> 0.051457276 | P18: =INDEX($B$91:$B$122,MATCH(SMALL($I$91:$I$122,4),$I$91:$I$122,0)) -> San Luis Potosí | Q18: =MAX(SMALL($I$91:$I$122,4),0) -> 0 | R18: =MIN(SMALL($I$91:$I$122,4),0) -> -0.014477143
A19: 4 | B19: =INDEX($B$91:$B$122,MATCH(SMALL($G$91:$G$122,4),$G$91:$G$122,0)) -> Ciudad de México | C19: =INDEX($G$91:$G$122,MATCH(SMALL($G$91:$G$122,4),$G$91:$G$122,0)) -> -884.41692 | D19: =INDEX($I$91:$I$122,MATCH(SMALL($G$91:$G$122,4),$G$91:$G$122,0)) -> -0.0071077827 | F19: 4 | G19: =INDEX($B$91:$B$122,MATCH(LARGE($G$91:$G$122,4),$G$91:$G$122,0)) -> Nuevo León | H19: =INDEX($G$91:$G$122,MATCH(LARGE($G$91:$G$122,4),$G$91:$G$122,0)) -> 546.83358 | I19: =INDEX($I$91:$I$122,MATCH(LARGE($G$91:$G$122,4),$G$91:$G$122,0)) -> 0.0086695967 | P19: =INDEX($B$91:$B$122,MATCH(SMALL($I$91:$I$122,5),$I$91:$I$122,0)) -> Hidalgo | Q19: =MAX(SMALL($I$91:$I$122,5),0) -> 0 | R19: =MIN(SMALL($I$91:$I$122,5),0) -> -0.014267507
A20: 5 | B20: =INDEX($B$91:$B$122,MATCH(SMALL($G$91:$G$122,5),$G$91:$G$122,0)) -> México | C20: =INDEX($G$91:$G$122,MATCH(SMALL($G$91:$G$122,5),$G$91:$G$122,0)) -> -837.82081 | D20: =INDEX($I$91:$I$122,MATCH(SMALL($G$91:$G$122,5),$G$91:$G$122,0)) -> -0.004596737 | F20: 5 | G20: =INDEX($B$91:$B$122,MATCH(LARGE($G$91:$G$122,5),$G$91:$G$122,0)) -> Querétaro | H20: =INDEX($G$91:$G$122,MATCH(LARGE($G$91:$G$122,5),$G$91:$G$122,0)) -> 533.17003 | I20: =INDEX($I$91:$I$122,MATCH(LARGE($G$91:$G$122,5),$G$91:$G$122,0)) -> 0.022723624 | P20: =INDEX($B$91:$B$122,MATCH(SMALL($I$91:$I$122,6),$I$91:$I$122,0)) -> Veracruz | Q20: =MAX(SMALL($I$91:$I$122,6),0) -> 0 | R20: =MIN(SMALL($I$91:$I$122,6),0) -> -0.012132902
P21: =INDEX($B$91:$B$122,MATCH(SMALL($I$91:$I$122,7),$I$91:$I$122,0)) -> Tabasco | Q21: =MAX(SMALL($I$91:$I$122,7),0) -> 0 | R21: =MIN(SMALL($I$91:$I$122,7),0) -> -0.0093755007
A22: Más afectados: en % de sus participaciones | F22: Más beneficiados: en % de sus participaciones | P22: =INDEX($B$91:$B$122,MATCH(SMALL($I$91:$I$122,8),$I$91:$I$122,0)) -> Durango | Q22: =MAX(SMALL($I$91:$I$122,8),0) -> 0 | R22: =MIN(SMALL($I$91:$I$122,8),0) -> -0.0083548875
A23: # | B23: Estado | C23: mdp | D23: % partic. | F23: # | G23: Estado | H23: mdp | I23: % partic. | P23: =INDEX($B$91:$B$122,MATCH(SMALL($I$91:$I$122,9),$I$91:$I$122,0)) -> Michoacán | Q23: =MAX(SMALL($I$91:$I$122,9),0) -> 0 | R23: =MIN(SMALL($I$91:$I$122,9),0) -> -0.0074302306
A24: 1 | B24: =INDEX($B$91:$B$122,MATCH(SMALL($I$91:$I$122,1),$I$91:$I$122,0)) -> Coahuila | C24: =INDEX($G$91:$G$122,MATCH(SMALL($I$91:$I$122,1),$I$91:$I$122,0)) -> -1170.6414 | D24: =INDEX($I$91:$I$122,MATCH(SMALL($I$91:$I$122,1),$I$91:$I$122,0)) -> -0.036144789 | F24: 1 | G24: =INDEX($B$91:$B$122,MATCH(LARGE($I$91:$I$122,1),$I$91:$I$122,0)) -> Quintana Roo | H24: =INDEX($G$91:$G$122,MATCH(LARGE($I$91:$I$122,1),$I$91:$I$122,0)) -> 945.9536 | I24: =INDEX($I$91:$I$122,MATCH(LARGE($I$91:$I$122,1),$I$91:$I$122,0)) -> 0.051457276 | P24: =INDEX($B$91:$B$122,MATCH(SMALL($I$91:$I$122,10),$I$91:$I$122,0)) -> Ciudad de México | Q24: =MAX(SMALL($I$91:$I$122,10),0) -> 0 | R24: =MIN(SMALL($I$91:$I$122,10),0) -> -0.0071077827
A25: 2 | B25: =INDEX($B$91:$B$122,MATCH(SMALL($I$91:$I$122,2),$I$91:$I$122,0)) -> Guerrero | C25: =INDEX($G$91:$G$122,MATCH(SMALL($I$91:$I$122,2),$I$91:$I$122,0)) -> -993.99518 | D25: =INDEX($I$91:$I$122,MATCH(SMALL($I$91:$I$122,2),$I$91:$I$122,0)) -> -0.031471206 | F25: 2 | G25: =INDEX($B$91:$B$122,MATCH(LARGE($I$91:$I$122,2),$I$91:$I$122,0)) -> Puebla | H25: =INDEX($G$91:$G$122,MATCH(LARGE($I$91:$I$122,2),$I$91:$I$122,0)) -> 2233.6538 | I25: =INDEX($I$91:$I$122,MATCH(LARGE($I$91:$I$122,2),$I$91:$I$122,0)) -> 0.037997454 | P25: =INDEX($B$91:$B$122,MATCH(SMALL($I$91:$I$122,11),$I$91:$I$122,0)) -> México | Q25: =MAX(SMALL($I$91:$I$122,11),0) -> 0 | R25: =MIN(SMALL($I$91:$I$122,11),0) -> -0.004596737
A26: 3 | B26: =INDEX($B$91:$B$122,MATCH(SMALL($I$91:$I$122,3),$I$91:$I$122,0)) -> Chihuahua | C26: =INDEX($G$91:$G$122,MATCH(SMALL($I$91:$I$122,3),$I$91:$I$122,0)) -> -748.04586 | D26: =INDEX($I$91:$I$122,MATCH(SMALL($I$91:$I$122,3),$I$91:$I$122,0)) -> -0.019560919 | F26: 3 | G26: =INDEX($B$91:$B$122,MATCH(LARGE($I$91:$I$122,3),$I$91:$I$122,0)) -> Baja California | H26: =INDEX($G$91:$G$122,MATCH(LARGE($I$91:$I$122,3),$I$91:$I$122,0)) -> 1384.584 | I26: =INDEX($I$91:$I$122,MATCH(LARGE($I$91:$I$122,3),$I$91:$I$122,0)) -> 0.036944668 | P26: =INDEX($B$91:$B$122,MATCH(SMALL($I$91:$I$122,12),$I$91:$I$122,0)) -> Jalisco | Q26: =MAX(SMALL($I$91:$I$122,12),0) -> 0 | R26: =MIN(SMALL($I$91:$I$122,12),0) -> -0.0045705598
A27: 4 | B27: =INDEX($B$91:$B$122,MATCH(SMALL($I$91:$I$122,4),$I$91:$I$122,0)) -> San Luis Potosí | C27: =INDEX($G$91:$G$122,MATCH(SMALL($I$91:$I$122,4),$I$91:$I$122,0)) -> -381.15666 | D27: =INDEX($I$91:$I$122,MATCH(SMALL($I$91:$I$122,4),$I$91:$I$122,0)) -> -0.014477143 | F27: 4 | G27: =INDEX($B$91:$B$122,MATCH(LARGE($I$91:$I$122,4),$I$91:$I$122,0)) -> Baja California Sur | H27: =INDEX($G$91:$G$122,MATCH(LARGE($I$91:$I$122,4),$I$91:$I$122,0)) -> 233.85718 | I27: =INDEX($I$91:$I$122,MATCH(LARGE($I$91:$I$122,4),$I$91:$I$122,0)) -> 0.027503349 | P27: =INDEX($B$91:$B$122,MATCH(SMALL($I$91:$I$122,13),$I$91:$I$122,0)) -> Tlaxcala | Q27: =MAX(SMALL($I$91:$I$122,13),0) -> 0 | R27: =MIN(SMALL($I$91:$I$122,13),0) -> -0.0036984564
A28: 5 | B28: =INDEX($B$91:$B$122,MATCH(SMALL($I$91:$I$122,5),$I$91:$I$122,0)) -> Hidalgo | C28: =INDEX($G$91:$G$122,MATCH(SMALL($I$91:$I$122,5),$I$91:$I$122,0)) -> -412.38267 | D28: =INDEX($I$91:$I$122,MATCH(SMALL($I$91:$I$122,5),$I$91:$I$122,0)) -> -0.014267507 | F28: 5 | G28: =INDEX($B$91:$B$122,MATCH(LARGE($I$91:$I$122,5),$I$91:$I$122,0)) -> Campeche | H28: =INDEX($G$91:$G$122,MATCH(LARGE($I$91:$I$122,5),$I$91:$I$122,0)) -> 196.98141 | I28: =INDEX($I$91:$I$122,MATCH(LARGE($I$91:$I$122,5),$I$91:$I$122,0)) -> 0.02316048 | P28: =INDEX($B$91:$B$122,MATCH(SMALL($I$91:$I$122,14),$I$91:$I$122,0)) -> Chiapas | Q28: =MAX(SMALL($I$91:$I$122,14),0) -> 0 | R28: =MIN(SMALL($I$91:$I$122,14),0) -> -0.0024307091
P29: =INDEX($B$91:$B$122,MATCH(SMALL($I$91:$I$122,15),$I$91:$I$122,0)) -> Oaxaca | Q29: =MAX(SMALL($I$91:$I$122,15),0) -> 0 | R29: =MIN(SMALL($I$91:$I$122,15),0) -> -0.00058329686
A30: Efecto por estado (% de sus participaciones 2027 estimadas) | P30: =INDEX($B$91:$B$122,MATCH(SMALL($I$91:$I$122,16),$I$91:$I$122,0)) -> Zacatecas | Q30: =MAX(SMALL($I$91:$I$122,16),0) -> 0.00078429921 | R30: =MIN(SMALL($I$91:$I$122,16),0) -> 0
P31: =INDEX($B$91:$B$122,MATCH(SMALL($I$91:$I$122,17),$I$91:$I$122,0)) -> Colima | Q31: =MAX(SMALL($I$91:$I$122,17),0) -> 0.0011091833 | R31: =MIN(SMALL($I$91:$I$122,17),0) -> 0
P32: =INDEX($B$91:$B$122,MATCH(SMALL($I$91:$I$122,18),$I$91:$I$122,0)) -> Sonora | Q32: =MAX(SMALL($I$91:$I$122,18),0) -> 0.0043837337 | R32: =MIN(SMALL($I$91:$I$122,18),0) -> 0
P33: =INDEX($B$91:$B$122,MATCH(SMALL($I$91:$I$122,19),$I$91:$I$122,0)) -> Morelos | Q33: =MAX(SMALL($I$91:$I$122,19),0) -> 0.0045577784 | R33: =MIN(SMALL($I$91:$I$122,19),0) -> 0
P34: =INDEX($B$91:$B$122,MATCH(SMALL($I$91:$I$122,20),$I$91:$I$122,0)) -> Aguascalientes | Q34: =MAX(SMALL($I$91:$I$122,20),0) -> 0.0049298768 | R34: =MIN(SMALL($I$91:$I$122,20),0) -> 0
P35: =INDEX($B$91:$B$122,MATCH(SMALL($I$91:$I$122,21),$I$91:$I$122,0)) -> Tamaulipas | Q35: =MAX(SMALL($I$91:$I$122,21),0) -> 0.0051274122 | R35: =MIN(SMALL($I$91:$I$122,21),0) -> 0
P36: =INDEX($B$91:$B$122,MATCH(SMALL($I$91:$I$122,22),$I$91:$I$122,0)) -> Sinaloa | Q36: =MAX(SMALL($I$91:$I$122,22),0) -> 0.005221782 | R36: =MIN(SMALL($I$91:$I$122,22),0) -> 0
P37: =INDEX($B$91:$B$122,MATCH(SMALL($I$91:$I$122,23),$I$91:$I$122,0)) -> Guanajuato | Q37: =MAX(SMALL($I$91:$I$122,23),0) -> 0.0069280256 | R37: =MIN(SMALL($I$91:$I$122,23),0) -> 0
P38: =INDEX($B$91:$B$122,MATCH(SMALL($I$91:$I$122,24),$I$91:$I$122,0)) -> Nuevo León | Q38: =MAX(SMALL($I$91:$I$122,24),0) -> 0.0086695967 | R38: =MIN(SMALL($I$91:$I$122,24),0) -> 0
P39: =INDEX($B$91:$B$122,MATCH(SMALL($I$91:$I$122,25),$I$91:$I$122,0)) -> Nayarit | Q39: =MAX(SMALL($I$91:$I$122,25),0) -> 0.014908909 | R39: =MIN(SMALL($I$91:$I$122,25),0) -> 0
P40: =INDEX($B$91:$B$122,MATCH(SMALL($I$91:$I$122,26),$I$91:$I$122,0)) -> Yucatán | Q40: =MAX(SMALL($I$91:$I$122,26),0) -> 0.016424825 | R40: =MIN(SMALL($I$91:$I$122,26),0) -> 0
P41: =INDEX($B$91:$B$122,MATCH(SMALL($I$91:$I$122,27),$I$91:$I$122,0)) -> Querétaro | Q41: =MAX(SMALL($I$91:$I$122,27),0) -> 0.022723624 | R41: =MIN(SMALL($I$91:$I$122,27),0) -> 0
P42: =INDEX($B$91:$B$122,MATCH(SMALL($I$91:$I$122,28),$I$91:$I$122,0)) -> Campeche | Q42: =MAX(SMALL($I$91:$I$122,28),0) -> 0.02316048 | R42: =MIN(SMALL($I$91:$I$122,28),0) -> 0
P43: =INDEX($B$91:$B$122,MATCH(SMALL($I$91:$I$122,29),$I$91:$I$122,0)) -> Baja California Sur | Q43: =MAX(SMALL($I$91:$I$122,29),0) -> 0.027503349 | R43: =MIN(SMALL($I$91:$I$122,29),0) -> 0
P44: =INDEX($B$91:$B$122,MATCH(SMALL($I$91:$I$122,30),$I$91:$I$122,0)) -> Baja California | Q44: =MAX(SMALL($I$91:$I$122,30),0) -> 0.036944668 | R44: =MIN(SMALL($I$91:$I$122,30),0) -> 0
P45: =INDEX($B$91:$B$122,MATCH(SMALL($I$91:$I$122,31),$I$91:$I$122,0)) -> Puebla | Q45: =MAX(SMALL($I$91:$I$122,31),0) -> 0.037997454 | R45: =MIN(SMALL($I$91:$I$122,31),0) -> 0
P46: =INDEX($B$91:$B$122,MATCH(SMALL($I$91:$I$122,32),$I$91:$I$122,0)) -> Quintana Roo | Q46: =MAX(SMALL($I$91:$I$122,32),0) -> 0.051457276 | R46: =MIN(SMALL($I$91:$I$122,32),0) -> 0
A63: Implementación gradual: cuánto del efecto anual se reflejaría y cuándo (lección 2021-2022)
B64: Si el INEGI publica la ENOE con base Intercensal desde… | F64: En los pagos de 2027 | G64: Con el 3er ajuste cuatrimestral (feb-2028) | H64: Con el ajuste definitivo (jun-2028)
B65: 3T-2026 (publicada nov-2026): todo 2027 se paga con la nueva población | F65: 1 | G65: 1 | H65: 1
F66: =F65*$B$10 -> 7671.5526 | G66: =G65*$B$10 -> 7671.5526 | H66: =H65*$B$10 -> 7671.5526
B67: 1T-2027 (may-2027): ene-abr se corrigen en el 1er ajuste cuatrimestral (jun-2027) — así pasó en 2021 | F67: 1 | G67: 1 | H67: 1
F68: =F67*$B$10 -> 7671.5526 | G68: =G67*$B$10 -> 7671.5526 | H68: =H67*$B$10 -> 7671.5526
B69: 3T-2027 (nov-2027): solo nov-dic en 2027; sep-oct en feb-2028 y el resto en el definitivo | F69: 0.16666667 | G69: 0.33333333 | H69: 1
F70: =F69*$B$10 -> 1278.5921 | G70: =G69*$B$10 -> 2557.1842 | H70: =H69*$B$10 -> 7671.5526
B71: El INEGI no recalibra la ENOE y la SHCP no usa la Intercensal | F71: 0 | G71: 0 | H71: 0
F72: =F71*$B$10 -> 0 | G72: =G71*$B$10 -> 0 | H72: =H71*$B$10 -> 0
B73: % del efecto anual 2027 (FGP, FFM y FOFIR) reconocido en los pagos; en mdp, monto redistribuido × %. En 2021 el INEGI recalibró la ENOE desde el 1T-2021 y la SHCP la usó a partir del informe de mayo. No está confirmado que el INEGI vaya a recalibrar la ENOE con la Intercensal.
B75: Fondo de Compensación: usa la ENOE del 4o trimestre de dos años antes (hoy 4T-2024) y no tiene ajustes; el cambio llegaría en 2028 o después y sería permanente (con la Intercensal, Puebla entraría al fondo e Hidalgo saldría).
B77: ="Ya pasó en 2026: el 1er ajuste cuatrimestral (DOF 27-jul-2026) recalculó ene-abr con la ENOE 1T-2026 y solo por población movió "&TEXT('Evidencia ajuste 2026'!C39,"#,##0")&" mdp entre estados (pestaña Evidencia ajuste 2026)." -> Ya pasó en 2026: el 1er ajuste cuatrimestral (DOF 27-jul-2026) recalculó ene-abr con la ENOE 1T-2026 y solo por población movió 939 mdp entre estados (pestaña Evidencia ajuste 2026).
A79: Lecciones de 2021-2022
B80: 1. El monto anual lo fija la población con la que se cierra el año (ajuste definitivo).
B81: 2. Lo pagado antes se corrige meses después: para los que pierden, son devoluciones futuras.
B82: 3. El trimestre de la ENOE importa: con la 3T-2025 Coahuila casi no perdía; con la 1T-2026 es el más afectado.
B83: 4. Un error de estimación (Edomex 2021) generó un sobrepago de ~2,400 mdp que se devolvió meses después: conviene revisar cada trimestre publicado.
A89: Tabla completa por estado
B90: Estado | C90: FGP | D90: FFM 70% | E90: FOFIR | F90: Fondo de Compensación | G90: Total (mdp) | H90: Participaciones 2027 estimadas (mdp) | I90: % de sus participaciones
B91: Aguascalientes | C91: =SUMIFS('Cálculo FGP-FFM-FOFIR'!$Q$5:$Q$260,'Cálculo FGP-FFM-FOFIR'!$B$5:$B$260,$B91,'Cálculo FGP-FFM-FOFIR'!$A$5:$A$260,"FGP*")/1000000 -> 65.2707 | D91: =SUMIFS('Cálculo FGP-FFM-FOFIR'!$Q$5:$Q$260,'Cálculo FGP-FFM-FOFIR'!$B$5:$B$260,$B91,'Cálculo FGP-FFM-FOFIR'!$A$5:$A$260,"FFM*")/1000000 -> 2.1210539 | E91: =SUMIFS('Cálculo FGP-FFM-FOFIR'!$Q$5:$Q$260,'Cálculo FGP-FFM-FOFIR'!$B$5:$B$260,$B91,'Cálculo FGP-FFM-FOFIR'!$A$5:$A$260,"FOFIR*")/1000000 -> 2.4437558 | F91: ='Cálculo FoCo'!Q5/1000000 -> 0 | G91: =SUM(C91:F91) -> 69.83551 | H91: ='Base 2027'!N5/1000000 -> 14165.772 | I91: =G91/H91 -> 0.0049298768
B92: Baja California | C92: =SUMIFS('Cálculo FGP-FFM-FOFIR'!$Q$5:$Q$260,'Cálculo FGP-FFM-FOFIR'!$B$5:$B$260,$B92,'Cálculo FGP-FFM-FOFIR'!$A$5:$A$260,"FGP*")/1000000 -> 1277.1019 | D92: =SUMIFS('Cálculo FGP-FFM-FOFIR'!$Q$5:$Q$260,'Cálculo FGP-FFM-FOFIR'!$B$5:$B$260,$B92,'Cálculo FGP-FFM-FOFIR'!$A$5:$A$260,"FFM*")/1000000 -> 36.613813 | E92: =SUMIFS('Cálculo FGP-FFM-FOFIR'!$Q$5:$Q$260,'Cálculo FGP-FFM-FOFIR'!$B$5:$B$260,$B92,'Cálculo FGP-FFM-FOFIR'!$A$5:$A$260,"FOFIR*")/1000000 -> 70.868296 | F92: ='Cálculo FoCo'!Q6/1000000 -> 0 | G92: =SUM(C92:F92) -> 1384.584 | H92: ='Base 2027'!N6/1000000 -> 37477.235 | I92: =G92/H92 -> 0.036944668
B93: Baja California Sur | C93: =SUMIFS('Cálculo FGP-FFM-FOFIR'!$Q$5:$Q$260,'Cálculo FGP-FFM-FOFIR'!$B$5:$B$260,$B93,'Cálculo FGP-FFM-FOFIR'!$A$5:$A$260,"FGP*")/1000000 -> 215.67343 | D93: =SUMIFS('Cálculo FGP-FFM-FOFIR'!$Q$5:$Q$260,'Cálculo FGP-FFM-FOFIR'!$B$5:$B$260,$B93,'Cálculo FGP-FFM-FOFIR'!$A$5:$A$260,"FFM*")/1000000 -> 6.323959 | E93: =SUMIFS('Cálculo FGP-FFM-FOFIR'!$Q$5:$Q$260,'Cálculo FGP-FFM-FOFIR'!$B$5:$B$260,$B93,'Cálculo FGP-FFM-FOFIR'!$A$5:$A$260,"FOFIR*")/1000000 -> 11.859789 | F93: ='Cálculo FoCo'!Q7/1000000 -> 0 | G93: =SUM(C93:F93) -> 233.85718 | H93: ='Base 2027'!N7/1000000 -> 8502.8619 | I93: =G93/H93 -> 0.027503349
B94: Campeche | C94: =SUMIFS('Cálculo FGP-FFM-FOFIR'!$Q$5:$Q$260,'Cálculo FGP-FFM-FOFIR'!$B$5:$B$260,$B94,'Cálculo FGP-FFM-FOFIR'!$A$5:$A$260,"FGP*")/1000000 -> 184.6727 | D94: =SUMIFS('Cálculo FGP-FFM-FOFIR'!$Q$5:$Q$260,'Cálculo FGP-FFM-FOFIR'!$B$5:$B$260,$B94,'Cálculo FGP-FFM-FOFIR'!$A$5:$A$260,"FFM*")/1000000 -> 6.4641101 | E94: =SUMIFS('Cálculo FGP-FFM-FOFIR'!$Q$5:$Q$260,'Cálculo FGP-FFM-FOFIR'!$B$5:$B$260,$B94,'Cálculo FGP-FFM-FOFIR'!$A$5:$A$260,"FOFIR*")/1000000 -> 5.844597 | F94: ='Cálculo FoCo'!Q8/1000000 -> 0 | G94: =SUM(C94:F94) -> 196.98141 | H94: ='Base 2027'!N8/1000000 -> 8505.0658 | I94: =G94/H94 -> 0.02316048
B95: Coahuila | C95: =SUMIFS('Cálculo FGP-FFM-FOFIR'!$Q$5:$Q$260,'Cálculo FGP-FFM-FOFIR'!$B$5:$B$260,$B95,'Cálculo FGP-FFM-FOFIR'!$A$5:$A$260,"FGP*")/1000000 -> -1092.5913 | D95: =SUMIFS('Cálculo FGP-FFM-FOFIR'!$Q$5:$Q$260,'Cálculo FGP-FFM-FOFIR'!$B$5:$B$260,$B95,'Cálculo FGP-FFM-FOFIR'!$A$5:$A$260,"FFM*")/1000000 -> -32.075728 | E95: =SUMIFS('Cálculo FGP-FFM-FOFIR'!$Q$5:$Q$260,'Cálculo FGP-FFM-FOFIR'!$B$5:$B$260,$B95,'Cálculo FGP-FFM-FOFIR'!$A$5:$A$260,"FOFIR*")/1000000 -> -45.974416 | F95: ='Cálculo FoCo'!Q9/1000000 -> 0 | G95: =SUM(C95:F95) -> -1170.6414 | H95: ='Base 2027'!N9/1000000 -> 32387.557 | I95: =G95/H95 -> -0.036144789
B96: Colima | C96: =SUMIFS('Cálculo FGP-FFM-FOFIR'!$Q$5:$Q$260,'Cálculo FGP-FFM-FOFIR'!$B$5:$B$260,$B96,'Cálculo FGP-FFM-FOFIR'!$A$5:$A$260,"FGP*")/1000000 -> 7.8035347 | D96: =SUMIFS('Cálculo FGP-FFM-FOFIR'!$Q$5:$Q$260,'Cálculo FGP-FFM-FOFIR'!$B$5:$B$260,$B96,'Cálculo FGP-FFM-FOFIR'!$A$5:$A$260,"FFM*")/1000000 -> 0.2447844 | E96: =SUMIFS('Cálculo FGP-FFM-FOFIR'!$Q$5:$Q$260,'Cálculo FGP-FFM-FOFIR'!$B$5:$B$260,$B96,'Cálculo FGP-FFM-FOFIR'!$A$5:$A$260,"FOFIR*")/1000000 -> 0.083903961 | F96: ='Cálculo FoCo'!Q10/1000000 -> 0 | G96: =SUM(C96:F96) -> 8.132223 | H96: ='Base 2027'!N10/1000000 -> 7331.7213 | I96: =G96/H96 -> 0.0011091833
B97: Chiapas | C97: =SUMIFS('Cálculo FGP-FFM-FOFIR'!$Q$5:$Q$260,'Cálculo FGP-FFM-FOFIR'!$B$5:$B$260,$B97,'Cálculo FGP-FFM-FOFIR'!$A$5:$A$260,"FGP*")/1000000 -> -124.7802 | D97: =SUMIFS('Cálculo FGP-FFM-FOFIR'!$Q$5:$Q$260,'Cálculo FGP-FFM-FOFIR'!$B$5:$B$260,$B97,'Cálculo FGP-FFM-FOFIR'!$A$5:$A$260,"FFM*")/1000000 -> -3.8102367 | E97: =SUMIFS('Cálculo FGP-FFM-FOFIR'!$Q$5:$Q$260,'Cálculo FGP-FFM-FOFIR'!$B$5:$B$260,$B97,'Cálculo FGP-FFM-FOFIR'!$A$5:$A$260,"FOFIR*")/1000000 -> -5.2329582 | F97: ='Cálculo FoCo'!Q11/1000000 -> -1.2837507 | G97: =SUM(C97:F97) -> -135.10715 | H97: ='Base 2027'!N11/1000000 -> 55583.429 | I97: =G97/H97 -> -0.0024307091
B98: Chihuahua | C98: =SUMIFS('Cálculo FGP-FFM-FOFIR'!$Q$5:$Q$260,'Cálculo FGP-FFM-FOFIR'!$B$5:$B$260,$B98,'Cálculo FGP-FFM-FOFIR'!$A$5:$A$260,"FGP*")/1000000 -> -682.4961 | D98: =SUMIFS('Cálculo FGP-FFM-FOFIR'!$Q$5:$Q$260,'Cálculo FGP-FFM-FOFIR'!$B$5:$B$260,$B98,'Cálculo FGP-FFM-FOFIR'!$A$5:$A$260,"FFM*")/1000000 -> -20.08842 | E98: =SUMIFS('Cálculo FGP-FFM-FOFIR'!$Q$5:$Q$260,'Cálculo FGP-FFM-FOFIR'!$B$5:$B$260,$B98,'Cálculo FGP-FFM-FOFIR'!$A$5:$A$260,"FOFIR*")/1000000 -> -45.461337 | F98: ='Cálculo FoCo'!Q12/1000000 -> 0 | G98: =SUM(C98:F98) -> -748.04586 | H98: ='Base 2027'!N12/1000000 -> 38241.857 | I98: =G98/H98 -> -0.019560919
B99: Ciudad de México | C99: =SUMIFS('Cálculo FGP-FFM-FOFIR'!$Q$5:$Q$260,'Cálculo FGP-FFM-FOFIR'!$B$5:$B$260,$B99,'Cálculo FGP-FFM-FOFIR'!$A$5:$A$260,"FGP*")/1000000 -> -825.47902 | D99: =SUMIFS('Cálculo FGP-FFM-FOFIR'!$Q$5:$Q$260,'Cálculo FGP-FFM-FOFIR'!$B$5:$B$260,$B99,'Cálculo FGP-FFM-FOFIR'!$A$5:$A$260,"FFM*")/1000000 -> -20.715112 | E99: =SUMIFS('Cálculo FGP-FFM-FOFIR'!$Q$5:$Q$260,'Cálculo FGP-FFM-FOFIR'!$B$5:$B$260,$B99,'Cálculo FGP-FFM-FOFIR'!$A$5:$A$260,"FOFIR*")/1000000 -> -38.222793 | F99: ='Cálculo FoCo'!Q13/1000000 -> 0 | G99: =SUM(C99:F99) -> -884.41692 | H99: ='Base 2027'!N13/1000000 -> 124429.37 | I99: =G99/H99 -> -0.0071077827
B100: Durango | C100: =SUMIFS('Cálculo FGP-FFM-FOFIR'!$Q$5:$Q$260,'Cálculo FGP-FFM-FOFIR'!$B$5:$B$260,$B100,'Cálculo FGP-FFM-FOFIR'!$A$5:$A$260,"FGP*")/1000000 -> -135.92724 | D100: =SUMIFS('Cálculo FGP-FFM-FOFIR'!$Q$5:$Q$260,'Cálculo FGP-FFM-FOFIR'!$B$5:$B$260,$B100,'Cálculo FGP-FFM-FOFIR'!$A$5:$A$260,"FFM*")/1000000 -> -4.088664 | E100: =SUMIFS('Cálculo FGP-FFM-FOFIR'!$Q$5:$Q$260,'Cálculo FGP-FFM-FOFIR'!$B$5:$B$260,$B100,'Cálculo FGP-FFM-FOFIR'!$A$5:$A$260,"FOFIR*")/1000000 -> -16.314807 | F100: ='Cálculo FoCo'!Q14/1000000 -> 0 | G100: =SUM(C100:F100) -> -156.33071 | H100: ='Base 2027'!N14/1000000 -> 18711.289 | I100: =G100/H100 -> -0.0083548875
B101: Guanajuato | C101: =SUMIFS('Cálculo FGP-FFM-FOFIR'!$Q$5:$Q$260,'Cálculo FGP-FFM-FOFIR'!$B$5:$B$260,$B101,'Cálculo FGP-FFM-FOFIR'!$A$5:$A$260,"FGP*")/1000000 -> 382.42139 | D101: =SUMIFS('Cálculo FGP-FFM-FOFIR'!$Q$5:$Q$260,'Cálculo FGP-FFM-FOFIR'!$B$5:$B$260,$B101,'Cálculo FGP-FFM-FOFIR'!$A$5:$A$260,"FFM*")/1000000 -> 10.759386 | E101: =SUMIFS('Cálculo FGP-FFM-FOFIR'!$Q$5:$Q$260,'Cálculo FGP-FFM-FOFIR'!$B$5:$B$260,$B101,'Cálculo FGP-FFM-FOFIR'!$A$5:$A$260,"FOFIR*")/1000000 -> 15.35141 | F101: ='Cálculo FoCo'!Q15/1000000 -> 0 | G101: =SUM(C101:F101) -> 408.53218 | H101: ='Base 2027'!N15/1000000 -> 58968.054 | I101: =G101/H101 -> 0.0069280256
B102: Guerrero | C102: =SUMIFS('Cálculo FGP-FFM-FOFIR'!$Q$5:$Q$260,'Cálculo FGP-FFM-FOFIR'!$B$5:$B$260,$B102,'Cálculo FGP-FFM-FOFIR'!$A$5:$A$260,"FGP*")/1000000 -> -893.04735 | D102: =SUMIFS('Cálculo FGP-FFM-FOFIR'!$Q$5:$Q$260,'Cálculo FGP-FFM-FOFIR'!$B$5:$B$260,$B102,'Cálculo FGP-FFM-FOFIR'!$A$5:$A$260,"FFM*")/1000000 -> -27.43964 | E102: =SUMIFS('Cálculo FGP-FFM-FOFIR'!$Q$5:$Q$260,'Cálculo FGP-FFM-FOFIR'!$B$5:$B$260,$B102,'Cálculo FGP-FFM-FOFIR'!$A$5:$A$260,"FOFIR*")/1000000 -> -29.859805 | F102: ='Cálculo FoCo'!Q16/1000000 -> -43.648385 | G102: =SUM(C102:F102) -> -993.99518 | H102: ='Base 2027'!N16/1000000 -> 31584.274 | I102: =G102/H102 -> -0.031471206
... B122: Zacatecas | C122: =SUMIFS('Cálculo FGP-FFM-FOFIR'!$Q$5:$Q$260,'Cálculo FGP-FFM-FOFIR'!$B$5:$B$260,$B122,'Cálculo FGP-FFM-FOFIR'!$A$5:$A$260,"FGP*")/1000000 -> 2.8172551 | D122: =SUMIFS('Cálculo FGP-FFM-FOFIR'!$Q$5:$Q$260,'Cálculo FGP-FFM-FOFIR'!$B$5:$B$260,$B122,'Cálculo FGP-FFM-FOFIR'!$A$5:$A$260,"FFM*")/1000000 -> 0.064257101 | E122: =SUMIFS('Cálculo FGP-FFM-FOFIR'!$Q$5:$Q$260,'Cálculo FGP-FFM-FOFIR'!$B$5:$B$260,$B122,'Cálculo FGP-FFM-FOFIR'!$A$5:$A$260,"FOFIR*")/1000000 -> -0.3001897 | F122: ='Cálculo FoCo'!Q36/1000000 -> 10.404434 | G122: =SUM(C122:F122) -> 12.985756 | H122: ='Base 2027'!N36/1000000 -> 16557.146 | I122: =G122/H122 -> 0.00078429921
B123: Total | C123: =SUM(C91:C122) -> -2.9310332e-11 | D123: =SUM(D91:D122) -> -3.3998498e-12 | E123: =SUM(E91:E122) -> 4.4917403e-12 | F123: =SUM(F91:F122) -> -4.7251092e-13 | G123: =SUM(G91:G122) -> -2.8212099e-11 | H123: =SUM(H91:H122) -> 1283350.7
B125: Fuentes: PPEF 2027, Tomo IV, Ramo 28; DOF de agosto 2026 (variables) y julio 2026 (FOFIR); INEGI, Encuesta Intercensal 2025. Supuestos y detalle en las demás pestañas.

Sheet Escenario ENOE 4T-2025
A1: Escenario ENOE 4T-2025: misma fecha que la Intercensal (oct-dic 2025)
A2: Compara la misma población medida con dos fuentes: aísla el efecto de cambiar la base de población (como la comparación 2021 del Censo). Montos PPEF 2027 y variables del DOF de agosto 2026.
A3: Redistribución anual (FGP+FFM+FOFIR, mdp) | D3: Estados que pierden / ganan | G3: Mayor pérdida (mdp) | I3: Mayor pérdida (%)
A4: =-SUMIF($H$7:$H$38,"<0") -> 8140.5731 | D4: =COUNTIF($H$7:$H$38,"<0")&" / "&COUNTIF($H$7:$H$38,">0") -> 17 / 15 | G4: =INDEX($A$7:$A$38,MATCH(MIN($H$7:$H$38),$H$7:$H$38,0))&": "&TEXT(MIN($H$7:$H$38),"#,##0") -> México: -1,259 | I4: =INDEX($A$7:$A$38,MATCH(MIN($I$7:$I$38),$I$7:$I$38,0))&": "&TEXT(MIN($I$7:$I$38),"0.0%") -> Coahuila: -3.5%
A6: Estado | B6: Población ENOE 4T-2025 | C6: Población Intercensal 2025 | D6: Cambio en población | E6: FGP | F6: FFM 70% | G6: FOFIR | H6: Total FGP+FFM+FOFIR (mdp) | I6: % de sus participaciones 2027 | J6: Fondo de Compensación (mdp) | K6: Total con FoCo (mdp)
A7: Aguascalientes | B7: =Población!L5 -> 1519678 | C7: =Población!D5 -> 1539174 | D7: =C7/B7-1 -> 0.012829034 | E7: =SUMIFS('Cálculo FGP-FFM-FOFIR'!$Y$5:$Y$260,'Cálculo FGP-FFM-FOFIR'!$B$5:$B$260,$A7,'Cálculo FGP-FFM-FOFIR'!$A$5:$A$260,"FGP*")/1000000 -> 126.60537 | F7: =SUMIFS('Cálculo FGP-FFM-FOFIR'!$Y$5:$Y$260,'Cálculo FGP-FFM-FOFIR'!$B$5:$B$260,$A7,'Cálculo FGP-FFM-FOFIR'!$A$5:$A$260,"FFM*")/1000000 -> 4.1097308 | G7: =SUMIFS('Cálculo FGP-FFM-FOFIR'!$Y$5:$Y$260,'Cálculo FGP-FFM-FOFIR'!$B$5:$B$260,$A7,'Cálculo FGP-FFM-FOFIR'!$A$5:$A$260,"FOFIR*")/1000000 -> 5.7549689 | H7: =SUM(E7:G7) -> 136.47007 | I7: =H7/('Base 2027'!N5/1000000) -> 0.0096337901 | J7: ='Cálculo FoCo'!Q5/1000000 -> 0 | K7: =H7+J7 -> 136.47007
A8: Baja California | B8: =Población!L6 -> 3790412 | C8: =Población!D6 -> 4009678 | D8: =C8/B8-1 -> 0.057847537 | E8: =SUMIFS('Cálculo FGP-FFM-FOFIR'!$Y$5:$Y$260,'Cálculo FGP-FFM-FOFIR'!$B$5:$B$260,$A8,'Cálculo FGP-FFM-FOFIR'!$A$5:$A$260,"FGP*")/1000000 -> 1522.545 | F8: =SUMIFS('Cálculo FGP-FFM-FOFIR'!$Y$5:$Y$260,'Cálculo FGP-FFM-FOFIR'!$B$5:$B$260,$A8,'Cálculo FGP-FFM-FOFIR'!$A$5:$A$260,"FFM*")/1000000 -> 43.577978 | G8: =SUMIFS('Cálculo FGP-FFM-FOFIR'!$Y$5:$Y$260,'Cálculo FGP-FFM-FOFIR'!$B$5:$B$260,$A8,'Cálculo FGP-FFM-FOFIR'!$A$5:$A$260,"FOFIR*")/1000000 -> 85.197474 | H8: =SUM(E8:G8) -> 1651.3205 | I8: =H8/('Base 2027'!N6/1000000) -> 0.044061961 | J8: ='Cálculo FoCo'!Q6/1000000 -> 0 | K8: =H8+J8 -> 1651.3205
A9: Baja California Sur | B9: =Población!L7 -> 906940 | C9: =Población!D7 -> 961514 | D9: =C9/B9-1 -> 0.060173771 | E9: =SUMIFS('Cálculo FGP-FFM-FOFIR'!$Y$5:$Y$260,'Cálculo FGP-FFM-FOFIR'!$B$5:$B$260,$A9,'Cálculo FGP-FFM-FOFIR'!$A$5:$A$260,"FGP*")/1000000 -> 343.9255 | F9: =SUMIFS('Cálculo FGP-FFM-FOFIR'!$Y$5:$Y$260,'Cálculo FGP-FFM-FOFIR'!$B$5:$B$260,$A9,'Cálculo FGP-FFM-FOFIR'!$A$5:$A$260,"FFM*")/1000000 -> 10.078375 | G9: =SUMIFS('Cálculo FGP-FFM-FOFIR'!$Y$5:$Y$260,'Cálculo FGP-FFM-FOFIR'!$B$5:$B$260,$A9,'Cálculo FGP-FFM-FOFIR'!$A$5:$A$260,"FOFIR*")/1000000 -> 19.207062 | H9: =SUM(E9:G9) -> 373.21094 | I9: =H9/('Base 2027'!N7/1000000) -> 0.043892391 | J9: ='Cálculo FoCo'!Q7/1000000 -> 0 | K9: =H9+J9 -> 373.21094
A10: Campeche | B10: =Población!L8 -> 918817 | C10: =Población!D8 -> 968673 | D10: =C10/B10-1 -> 0.054261077 | E10: =SUMIFS('Cálculo FGP-FFM-FOFIR'!$Y$5:$Y$260,'Cálculo FGP-FFM-FOFIR'!$B$5:$B$260,$A10,'Cálculo FGP-FFM-FOFIR'!$A$5:$A$260,"FGP*")/1000000 -> 266.41135 | F10: =SUMIFS('Cálculo FGP-FFM-FOFIR'!$Y$5:$Y$260,'Cálculo FGP-FFM-FOFIR'!$B$5:$B$260,$A10,'Cálculo FGP-FFM-FOFIR'!$A$5:$A$260,"FFM*")/1000000 -> 9.3173357 | G10: =SUMIFS('Cálculo FGP-FFM-FOFIR'!$Y$5:$Y$260,'Cálculo FGP-FFM-FOFIR'!$B$5:$B$260,$A10,'Cálculo FGP-FFM-FOFIR'!$A$5:$A$260,"FOFIR*")/1000000 -> 8.4208395 | H10: =SUM(E10:G10) -> 284.14953 | I10: =H10/('Base 2027'!N8/1000000) -> 0.033409445 | J10: ='Cálculo FoCo'!Q8/1000000 -> 0 | K10: =H10+J10 -> 284.14953
A11: Coahuila | B11: =Población!L9 -> 3582441 | C11: =Población!D9 -> 3415128 | D11: =C11/B11-1 -> -0.04670363 | E11: =SUMIFS('Cálculo FGP-FFM-FOFIR'!$Y$5:$Y$260,'Cálculo FGP-FFM-FOFIR'!$B$5:$B$260,$A11,'Cálculo FGP-FFM-FOFIR'!$A$5:$A$260,"FGP*")/1000000 -> -1063.1627 | F11: =SUMIFS('Cálculo FGP-FFM-FOFIR'!$Y$5:$Y$260,'Cálculo FGP-FFM-FOFIR'!$B$5:$B$260,$A11,'Cálculo FGP-FFM-FOFIR'!$A$5:$A$260,"FFM*")/1000000 -> -31.289415 | G11: =SUMIFS('Cálculo FGP-FFM-FOFIR'!$Y$5:$Y$260,'Cálculo FGP-FFM-FOFIR'!$B$5:$B$260,$A11,'Cálculo FGP-FFM-FOFIR'!$A$5:$A$260,"FOFIR*")/1000000 -> -45.230158 | H11: =SUM(E11:G11) -> -1139.6822 | I11: =H11/('Base 2027'!N9/1000000) -> -0.035188891 | J11: ='Cálculo FoCo'!Q9/1000000 -> 0 | K11: =H11+J11 -> -1139.6822
A12: Colima | B12: =Población!L10 -> 745394 | C12: =Población!D10 -> 762212 | D12: =C12/B12-1 -> 0.022562564 | E12: =SUMIFS('Cálculo FGP-FFM-FOFIR'!$Y$5:$Y$260,'Cálculo FGP-FFM-FOFIR'!$B$5:$B$260,$A12,'Cálculo FGP-FFM-FOFIR'!$A$5:$A$260,"FGP*")/1000000 -> 105.44598 | F12: =SUMIFS('Cálculo FGP-FFM-FOFIR'!$Y$5:$Y$260,'Cálculo FGP-FFM-FOFIR'!$B$5:$B$260,$A12,'Cálculo FGP-FFM-FOFIR'!$A$5:$A$260,"FFM*")/1000000 -> 3.3635019 | G12: =SUMIFS('Cálculo FGP-FFM-FOFIR'!$Y$5:$Y$260,'Cálculo FGP-FFM-FOFIR'!$B$5:$B$260,$A12,'Cálculo FGP-FFM-FOFIR'!$A$5:$A$260,"FOFIR*")/1000000 -> 3.8499729 | H12: =SUM(E12:G12) -> 112.65946 | I12: =H12/('Base 2027'!N10/1000000) -> 0.015366031 | J12: ='Cálculo FoCo'!Q10/1000000 -> 0 | K12: =H12+J12 -> 112.65946
A13: Chiapas | B13: =Población!L11 -> 5900473 | C13: =Población!D11 -> 5860728 | D13: =C13/B13-1 -> -0.0067359007 | E13: =SUMIFS('Cálculo FGP-FFM-FOFIR'!$Y$5:$Y$260,'Cálculo FGP-FFM-FOFIR'!$B$5:$B$260,$A13,'Cálculo FGP-FFM-FOFIR'!$A$5:$A$260,"FGP*")/1000000 -> -224.50733 | F13: =SUMIFS('Cálculo FGP-FFM-FOFIR'!$Y$5:$Y$260,'Cálculo FGP-FFM-FOFIR'!$B$5:$B$260,$A13,'Cálculo FGP-FFM-FOFIR'!$A$5:$A$260,"FFM*")/1000000 -> -6.8739706 | G13: =SUMIFS('Cálculo FGP-FFM-FOFIR'!$Y$5:$Y$260,'Cálculo FGP-FFM-FOFIR'!$B$5:$B$260,$A13,'Cálculo FGP-FFM-FOFIR'!$A$5:$A$260,"FOFIR*")/1000000 -> -8.9882187 | H13: =SUM(E13:G13) -> -240.36952 | I13: =H13/('Base 2027'!N11/1000000) -> -0.0043244817 | J13: ='Cálculo FoCo'!Q11/1000000 -> -1.2837507 | K13: =H13+J13 -> -241.65327
A14: Chihuahua | B14: =Población!L12 -> 3991333 | C14: =Población!D12 -> 3903944 | D14: =C14/B14-1 -> -0.02189469 | E14: =SUMIFS('Cálculo FGP-FFM-FOFIR'!$Y$5:$Y$260,'Cálculo FGP-FFM-FOFIR'!$B$5:$B$260,$A14,'Cálculo FGP-FFM-FOFIR'!$A$5:$A$260,"FGP*")/1000000 -> -549.35241 | F14: =SUMIFS('Cálculo FGP-FFM-FOFIR'!$Y$5:$Y$260,'Cálculo FGP-FFM-FOFIR'!$B$5:$B$260,$A14,'Cálculo FGP-FFM-FOFIR'!$A$5:$A$260,"FFM*")/1000000 -> -16.328463 | G14: =SUMIFS('Cálculo FGP-FFM-FOFIR'!$Y$5:$Y$260,'Cálculo FGP-FFM-FOFIR'!$B$5:$B$260,$A14,'Cálculo FGP-FFM-FOFIR'!$A$5:$A$260,"FOFIR*")/1000000 -> -38.165873 | H14: =SUM(E14:G14) -> -603.84675 | I14: =H14/('Base 2027'!N12/1000000) -> -0.015790204 | J14: ='Cálculo FoCo'!Q12/1000000 -> 0 | K14: =H14+J14 -> -603.84675
A15: Ciudad de México | B15: =Población!L13 -> 9319955 | C15: =Población!D13 -> 9216407 | D15: =C15/B15-1 -> -0.011110354 | E15: =SUMIFS('Cálculo FGP-FFM-FOFIR'!$Y$5:$Y$260,'Cálculo FGP-FFM-FOFIR'!$B$5:$B$260,$A15,'Cálculo FGP-FFM-FOFIR'!$A$5:$A$260,"FGP*")/1000000 -> -750.90091 | F15: =SUMIFS('Cálculo FGP-FFM-FOFIR'!$Y$5:$Y$260,'Cálculo FGP-FFM-FOFIR'!$B$5:$B$260,$A15,'Cálculo FGP-FFM-FOFIR'!$A$5:$A$260,"FFM*")/1000000 -> -19.568815 | G15: =SUMIFS('Cálculo FGP-FFM-FOFIR'!$Y$5:$Y$260,'Cálculo FGP-FFM-FOFIR'!$B$5:$B$260,$A15,'Cálculo FGP-FFM-FOFIR'!$A$5:$A$260,"FOFIR*")/1000000 -> -36.947213 | H15: =SUM(E15:G15) -> -807.41694 | I15: =H15/('Base 2027'!N13/1000000) -> -0.0064889579 | J15: ='Cálculo FoCo'!Q13/1000000 -> 0 | K15: =H15+J15 -> -807.41694
A16: Durango | B16: =Población!L14 -> 1954301 | C16: =Población!D14 -> 1943290 | D16: =C16/B16-1 -> -0.0056342396 | E16: =SUMIFS('Cálculo FGP-FFM-FOFIR'!$Y$5:$Y$260,'Cálculo FGP-FFM-FOFIR'!$B$5:$B$260,$A16,'Cálculo FGP-FFM-FOFIR'!$A$5:$A$260,"FGP*")/1000000 -> -60.636109 | F16: =SUMIFS('Cálculo FGP-FFM-FOFIR'!$Y$5:$Y$260,'Cálculo FGP-FFM-FOFIR'!$B$5:$B$260,$A16,'Cálculo FGP-FFM-FOFIR'!$A$5:$A$260,"FFM*")/1000000 -> -1.8642901 | G16: =SUMIFS('Cálculo FGP-FFM-FOFIR'!$Y$5:$Y$260,'Cálculo FGP-FFM-FOFIR'!$B$5:$B$260,$A16,'Cálculo FGP-FFM-FOFIR'!$A$5:$A$260,"FOFIR*")/1000000 -> -10.271353 | H16: =SUM(E16:G16) -> -72.771752 | I16: =H16/('Base 2027'!N14/1000000) -> -0.0038891897 | J16: ='Cálculo FoCo'!Q14/1000000 -> 0 | K16: =H16+J16 -> -72.771752
A17: Guanajuato | B17: =Población!L15 -> 6376710 | C17: =Población!D15 -> 6446935 | D17: =C17/B17-1 -> 0.011012732 | E17: =SUMIFS('Cálculo FGP-FFM-FOFIR'!$Y$5:$Y$260,'Cálculo FGP-FFM-FOFIR'!$B$5:$B$260,$A17,'Cálculo FGP-FFM-FOFIR'!$A$5:$A$260,"FGP*")/1000000 -> 507.64479 | F17: =SUMIFS('Cálculo FGP-FFM-FOFIR'!$Y$5:$Y$260,'Cálculo FGP-FFM-FOFIR'!$B$5:$B$260,$A17,'Cálculo FGP-FFM-FOFIR'!$A$5:$A$260,"FFM*")/1000000 -> 14.209334 | G17: =SUMIFS('Cálculo FGP-FFM-FOFIR'!$Y$5:$Y$260,'Cálculo FGP-FFM-FOFIR'!$B$5:$B$260,$A17,'Cálculo FGP-FFM-FOFIR'!$A$5:$A$260,"FOFIR*")/1000000 -> 22.040495 | H17: =SUM(E17:G17) -> 543.89462 | I17: =H17/('Base 2027'!N15/1000000) -> 0.009223547 | J17: ='Cálculo FoCo'!Q15/1000000 -> 0 | K17: =H17+J17 -> 543.89462
A18: Guerrero | B18: =Población!L16 -> 3578620 | C18: =Población!D16 -> 3418902 | D18: =C18/B18-1 -> -0.044631171 | E18: =SUMIFS('Cálculo FGP-FFM-FOFIR'!$Y$5:$Y$260,'Cálculo FGP-FFM-FOFIR'!$B$5:$B$260,$A18,'Cálculo FGP-FFM-FOFIR'!$A$5:$A$260,"FGP*")/1000000 -> -972.74118 | F18: =SUMIFS('Cálculo FGP-FFM-FOFIR'!$Y$5:$Y$260,'Cálculo FGP-FFM-FOFIR'!$B$5:$B$260,$A18,'Cálculo FGP-FFM-FOFIR'!$A$5:$A$260,"FFM*")/1000000 -> -29.935775 | G18: =SUMIFS('Cálculo FGP-FFM-FOFIR'!$Y$5:$Y$260,'Cálculo FGP-FFM-FOFIR'!$B$5:$B$260,$A18,'Cálculo FGP-FFM-FOFIR'!$A$5:$A$260,"FOFIR*")/1000000 -> -32.713741 | H18: =SUM(E18:G18) -> -1035.3907 | I18: =H18/('Base 2027'!N16/1000000) -> -0.032781843 | J18: ='Cálculo FoCo'!Q16/1000000 -> -43.648385 | K18: =H18+J18 -> -1079.0391
... A38: Zacatecas | B38: =Población!L36 -> 1703991 | C38: =Población!D36 -> 1686419 | D38: =C38/B38-1 -> -0.010312261 | E38: =SUMIFS('Cálculo FGP-FFM-FOFIR'!$Y$5:$Y$260,'Cálculo FGP-FFM-FOFIR'!$B$5:$B$260,$A38,'Cálculo FGP-FFM-FOFIR'!$A$5:$A$260,"FGP*")/1000000 -> -104.26142 | F38: =SUMIFS('Cálculo FGP-FFM-FOFIR'!$Y$5:$Y$260,'Cálculo FGP-FFM-FOFIR'!$B$5:$B$260,$A38,'Cálculo FGP-FFM-FOFIR'!$A$5:$A$260,"FFM*")/1000000 -> -3.0642391 | G38: =SUMIFS('Cálculo FGP-FFM-FOFIR'!$Y$5:$Y$260,'Cálculo FGP-FFM-FOFIR'!$B$5:$B$260,$A38,'Cálculo FGP-FFM-FOFIR'!$A$5:$A$260,"FOFIR*")/1000000 -> -4.1387961 | H38: =SUM(E38:G38) -> -111.46445 | I38: =H38/('Base 2027'!N36/1000000) -> -0.0067321056 | J38: ='Cálculo FoCo'!Q36/1000000 -> 10.404434 | K38: =H38+J38 -> -101.06002
A39: Total | B39: =SUM(B7:B38) -> 131001723 | C39: =SUM(C7:C38) -> 130911314 | D39: =C39/B39-1 -> -0.00069013596 | E39: =SUM(E7:E38) -> -2.0747848e-11 | F39: =SUM(F7:F38) -> -3.9701575e-12 | G39: =SUM(G7:G38) -> 2.354561e-12 | H39: =SUM(H7:H38) -> -2.1657343e-11 | J39: =SUM(J7:J38) -> -4.7251092e-13 | K39: =SUM(K7:K38) -> -2.2055247e-11
A41: Fondo de Compensación: se calcula aparte con la ENOE 4T-2024 que usa la SHCP para ese fondo; es igual en todos los escenarios. % sobre las participaciones 2027 estimadas (pestaña Base 2027).

Sheet Escenario ENOE 1T-2026
A1: Escenario ENOE 1T-2026: frente al cálculo vigente de la SHCP (ene-mar 2026)
A2: Población que usa hoy la SHCP (DOF de agosto 2026). Mezcla fechas (oct-2025 vs. ene-mar 2026): parte de la diferencia es movimiento de la ENOE entre trimestres.
A3: Redistribución anual (FGP+FFM+FOFIR, mdp) | D3: Estados que pierden / ganan | G3: Mayor pérdida (mdp) | I3: Mayor pérdida (%)
A4: =-SUMIF($H$7:$H$38,"<0") -> 7178.6253 | D4: =COUNTIF($H$7:$H$38,"<0")&" / "&COUNTIF($H$7:$H$38,">0") -> 14 / 18 | G4: =INDEX($A$7:$A$38,MATCH(MIN($H$7:$H$38),$H$7:$H$38,0))&": "&TEXT(MIN($H$7:$H$38),"#,##0") -> Coahuila: -1,171 | I4: =INDEX($A$7:$A$38,MATCH(MIN($I$7:$I$38),$I$7:$I$38,0))&": "&TEXT(MIN($I$7:$I$38),"0.0%") -> Coahuila: -3.6%
A6: Estado | B6: Población ENOE 1T-2026 | C6: Población Intercensal 2025 | D6: Cambio en población | E6: FGP | F6: FFM 70% | G6: FOFIR | H6: Total FGP+FFM+FOFIR (mdp) | I6: % de sus participaciones 2027 | J6: Fondo de Compensación (mdp) | K6: Total con FoCo (mdp)
A7: Aguascalientes | B7: =Población!B5 -> 1531396 | C7: =Población!D5 -> 1539174 | D7: =C7/B7-1 -> 0.0050790259 | E7: =SUMIFS('Cálculo FGP-FFM-FOFIR'!$Q$5:$Q$260,'Cálculo FGP-FFM-FOFIR'!$B$5:$B$260,$A7,'Cálculo FGP-FFM-FOFIR'!$A$5:$A$260,"FGP*")/1000000 -> 65.2707 | F7: =SUMIFS('Cálculo FGP-FFM-FOFIR'!$Q$5:$Q$260,'Cálculo FGP-FFM-FOFIR'!$B$5:$B$260,$A7,'Cálculo FGP-FFM-FOFIR'!$A$5:$A$260,"FFM*")/1000000 -> 2.1210539 | G7: =SUMIFS('Cálculo FGP-FFM-FOFIR'!$Q$5:$Q$260,'Cálculo FGP-FFM-FOFIR'!$B$5:$B$260,$A7,'Cálculo FGP-FFM-FOFIR'!$A$5:$A$260,"FOFIR*")/1000000 -> 2.4437558 | H7: =SUM(E7:G7) -> 69.83551 | I7: =H7/('Base 2027'!N5/1000000) -> 0.0049298768 | J7: ='Cálculo FoCo'!Q5/1000000 -> 0 | K7: =H7+J7 -> 69.83551
A8: Baja California | B8: =Población!B6 -> 3830329 | C8: =Población!D6 -> 4009678 | D8: =C8/B8-1 -> 0.046823393 | E8: =SUMIFS('Cálculo FGP-FFM-FOFIR'!$Q$5:$Q$260,'Cálculo FGP-FFM-FOFIR'!$B$5:$B$260,$A8,'Cálculo FGP-FFM-FOFIR'!$A$5:$A$260,"FGP*")/1000000 -> 1277.1019 | F8: =SUMIFS('Cálculo FGP-FFM-FOFIR'!$Q$5:$Q$260,'Cálculo FGP-FFM-FOFIR'!$B$5:$B$260,$A8,'Cálculo FGP-FFM-FOFIR'!$A$5:$A$260,"FFM*")/1000000 -> 36.613813 | G8: =SUMIFS('Cálculo FGP-FFM-FOFIR'!$Q$5:$Q$260,'Cálculo FGP-FFM-FOFIR'!$B$5:$B$260,$A8,'Cálculo FGP-FFM-FOFIR'!$A$5:$A$260,"FOFIR*")/1000000 -> 70.868296 | H8: =SUM(E8:G8) -> 1384.584 | I8: =H8/('Base 2027'!N6/1000000) -> 0.036944668 | J8: ='Cálculo FoCo'!Q6/1000000 -> 0 | K8: =H8+J8 -> 1384.584
A9: Baja California Sur | B9: =Población!B7 -> 928591 | C9: =Población!D7 -> 961514 | D9: =C9/B9-1 -> 0.035454791 | E9: =SUMIFS('Cálculo FGP-FFM-FOFIR'!$Q$5:$Q$260,'Cálculo FGP-FFM-FOFIR'!$B$5:$B$260,$A9,'Cálculo FGP-FFM-FOFIR'!$A$5:$A$260,"FGP*")/1000000 -> 215.67343 | F9: =SUMIFS('Cálculo FGP-FFM-FOFIR'!$Q$5:$Q$260,'Cálculo FGP-FFM-FOFIR'!$B$5:$B$260,$A9,'Cálculo FGP-FFM-FOFIR'!$A$5:$A$260,"FFM*")/1000000 -> 6.323959 | G9: =SUMIFS('Cálculo FGP-FFM-FOFIR'!$Q$5:$Q$260,'Cálculo FGP-FFM-FOFIR'!$B$5:$B$260,$A9,'Cálculo FGP-FFM-FOFIR'!$A$5:$A$260,"FOFIR*")/1000000 -> 11.859789 | H9: =SUM(E9:G9) -> 233.85718 | I9: =H9/('Base 2027'!N7/1000000) -> 0.027503349 | J9: ='Cálculo FoCo'!Q7/1000000 -> 0 | K9: =H9+J9 -> 233.85718
A10: Campeche | B10: =Población!B8 -> 935371 | C10: =Población!D8 -> 968673 | D10: =C10/B10-1 -> 0.035602985 | E10: =SUMIFS('Cálculo FGP-FFM-FOFIR'!$Q$5:$Q$260,'Cálculo FGP-FFM-FOFIR'!$B$5:$B$260,$A10,'Cálculo FGP-FFM-FOFIR'!$A$5:$A$260,"FGP*")/1000000 -> 184.6727 | F10: =SUMIFS('Cálculo FGP-FFM-FOFIR'!$Q$5:$Q$260,'Cálculo FGP-FFM-FOFIR'!$B$5:$B$260,$A10,'Cálculo FGP-FFM-FOFIR'!$A$5:$A$260,"FFM*")/1000000 -> 6.4641101 | G10: =SUMIFS('Cálculo FGP-FFM-FOFIR'!$Q$5:$Q$260,'Cálculo FGP-FFM-FOFIR'!$B$5:$B$260,$A10,'Cálculo FGP-FFM-FOFIR'!$A$5:$A$260,"FOFIR*")/1000000 -> 5.844597 | H10: =SUM(E10:G10) -> 196.98141 | I10: =H10/('Base 2027'!N8/1000000) -> 0.02316048 | J10: ='Cálculo FoCo'!Q8/1000000 -> 0 | K10: =H10+J10 -> 196.98141
A11: Coahuila | B11: =Población!B9 -> 3590747 | C11: =Población!D9 -> 3415128 | D11: =C11/B11-1 -> -0.048908765 | E11: =SUMIFS('Cálculo FGP-FFM-FOFIR'!$Q$5:$Q$260,'Cálculo FGP-FFM-FOFIR'!$B$5:$B$260,$A11,'Cálculo FGP-FFM-FOFIR'!$A$5:$A$260,"FGP*")/1000000 -> -1092.5913 | F11: =SUMIFS('Cálculo FGP-FFM-FOFIR'!$Q$5:$Q$260,'Cálculo FGP-FFM-FOFIR'!$B$5:$B$260,$A11,'Cálculo FGP-FFM-FOFIR'!$A$5:$A$260,"FFM*")/1000000 -> -32.075728 | G11: =SUMIFS('Cálculo FGP-FFM-FOFIR'!$Q$5:$Q$260,'Cálculo FGP-FFM-FOFIR'!$B$5:$B$260,$A11,'Cálculo FGP-FFM-FOFIR'!$A$5:$A$260,"FOFIR*")/1000000 -> -45.974416 | H11: =SUM(E11:G11) -> -1170.6414 | I11: =H11/('Base 2027'!N9/1000000) -> -0.036144789 | J11: ='Cálculo FoCo'!Q9/1000000 -> 0 | K11: =H11+J11 -> -1170.6414
A12: Colima | B12: =Población!B10 -> 762355 | C12: =Población!D10 -> 762212 | D12: =C12/B12-1 -> -0.00018757665 | E12: =SUMIFS('Cálculo FGP-FFM-FOFIR'!$Q$5:$Q$260,'Cálculo FGP-FFM-FOFIR'!$B$5:$B$260,$A12,'Cálculo FGP-FFM-FOFIR'!$A$5:$A$260,"FGP*")/1000000 -> 7.8035347 | F12: =SUMIFS('Cálculo FGP-FFM-FOFIR'!$Q$5:$Q$260,'Cálculo FGP-FFM-FOFIR'!$B$5:$B$260,$A12,'Cálculo FGP-FFM-FOFIR'!$A$5:$A$260,"FFM*")/1000000 -> 0.2447844 | G12: =SUMIFS('Cálculo FGP-FFM-FOFIR'!$Q$5:$Q$260,'Cálculo FGP-FFM-FOFIR'!$B$5:$B$260,$A12,'Cálculo FGP-FFM-FOFIR'!$A$5:$A$260,"FOFIR*")/1000000 -> 0.083903961 | H12: =SUM(E12:G12) -> 8.132223 | I12: =H12/('Base 2027'!N10/1000000) -> 0.0011091833 | J12: ='Cálculo FoCo'!Q10/1000000 -> 0 | K12: =H12+J12 -> 8.132223
A13: Chiapas | B13: =Población!B11 -> 5891372 | C13: =Población!D11 -> 5860728 | D13: =C13/B13-1 -> -0.0052015048 | E13: =SUMIFS('Cálculo FGP-FFM-FOFIR'!$Q$5:$Q$260,'Cálculo FGP-FFM-FOFIR'!$B$5:$B$260,$A13,'Cálculo FGP-FFM-FOFIR'!$A$5:$A$260,"FGP*")/1000000 -> -124.7802 | F13: =SUMIFS('Cálculo FGP-FFM-FOFIR'!$Q$5:$Q$260,'Cálculo FGP-FFM-FOFIR'!$B$5:$B$260,$A13,'Cálculo FGP-FFM-FOFIR'!$A$5:$A$260,"FFM*")/1000000 -> -3.8102367 | G13: =SUMIFS('Cálculo FGP-FFM-FOFIR'!$Q$5:$Q$260,'Cálculo FGP-FFM-FOFIR'!$B$5:$B$260,$A13,'Cálculo FGP-FFM-FOFIR'!$A$5:$A$260,"FOFIR*")/1000000 -> -5.2329582 | H13: =SUM(E13:G13) -> -133.8234 | I13: =H13/('Base 2027'!N11/1000000) -> -0.0024076132 | J13: ='Cálculo FoCo'!Q11/1000000 -> -1.2837507 | K13: =H13+J13 -> -135.10715
A14: Chihuahua | B14: =Población!B12 -> 4015493 | C14: =Población!D12 -> 3903944 | D14: =C14/B14-1 -> -0.027779652 | E14: =SUMIFS('Cálculo FGP-FFM-FOFIR'!$Q$5:$Q$260,'Cálculo FGP-FFM-FOFIR'!$B$5:$B$260,$A14,'Cálculo FGP-FFM-FOFIR'!$A$5:$A$260,"FGP*")/1000000 -> -682.4961 | F14: =SUMIFS('Cálculo FGP-FFM-FOFIR'!$Q$5:$Q$260,'Cálculo FGP-FFM-FOFIR'!$B$5:$B$260,$A14,'Cálculo FGP-FFM-FOFIR'!$A$5:$A$260,"FFM*")/1000000 -> -20.08842 | G14: =SUMIFS('Cálculo FGP-FFM-FOFIR'!$Q$5:$Q$260,'Cálculo FGP-FFM-FOFIR'!$B$5:$B$260,$A14,'Cálculo FGP-FFM-FOFIR'!$A$5:$A$260,"FOFIR*")/1000000 -> -45.461337 | H14: =SUM(E14:G14) -> -748.04586 | I14: =H14/('Base 2027'!N12/1000000) -> -0.019560919 | J14: ='Cálculo FoCo'!Q12/1000000 -> 0 | K14: =H14+J14 -> -748.04586
A15: Ciudad de México | B15: =Población!B13 -> 9336468 | C15: =Población!D13 -> 9216407 | D15: =C15/B15-1 -> -0.01285936 | E15: =SUMIFS('Cálculo FGP-FFM-FOFIR'!$Q$5:$Q$260,'Cálculo FGP-FFM-FOFIR'!$B$5:$B$260,$A15,'Cálculo FGP-FFM-FOFIR'!$A$5:$A$260,"FGP*")/1000000 -> -825.47902 | F15: =SUMIFS('Cálculo FGP-FFM-FOFIR'!$Q$5:$Q$260,'Cálculo FGP-FFM-FOFIR'!$B$5:$B$260,$A15,'Cálculo FGP-FFM-FOFIR'!$A$5:$A$260,"FFM*")/1000000 -> -20.715112 | G15: =SUMIFS('Cálculo FGP-FFM-FOFIR'!$Q$5:$Q$260,'Cálculo FGP-FFM-FOFIR'!$B$5:$B$260,$A15,'Cálculo FGP-FFM-FOFIR'!$A$5:$A$260,"FOFIR*")/1000000 -> -38.222793 | H15: =SUM(E15:G15) -> -884.41692 | I15: =H15/('Base 2027'!N13/1000000) -> -0.0071077827 | J15: ='Cálculo FoCo'!Q13/1000000 -> 0 | K15: =H15+J15 -> -884.41692
A16: Durango | B16: =Población!B14 -> 1968132 | C16: =Población!D14 -> 1943290 | D16: =C16/B16-1 -> -0.012622121 | E16: =SUMIFS('Cálculo FGP-FFM-FOFIR'!$Q$5:$Q$260,'Cálculo FGP-FFM-FOFIR'!$B$5:$B$260,$A16,'Cálculo FGP-FFM-FOFIR'!$A$5:$A$260,"FGP*")/1000000 -> -135.92724 | F16: =SUMIFS('Cálculo FGP-FFM-FOFIR'!$Q$5:$Q$260,'Cálculo FGP-FFM-FOFIR'!$B$5:$B$260,$A16,'Cálculo FGP-FFM-FOFIR'!$A$5:$A$260,"FFM*")/1000000 -> -4.088664 | G16: =SUMIFS('Cálculo FGP-FFM-FOFIR'!$Q$5:$Q$260,'Cálculo FGP-FFM-FOFIR'!$B$5:$B$260,$A16,'Cálculo FGP-FFM-FOFIR'!$A$5:$A$260,"FOFIR*")/1000000 -> -16.314807 | H16: =SUM(E16:G16) -> -156.33071 | I16: =H16/('Base 2027'!N14/1000000) -> -0.0083548875 | J16: ='Cálculo FoCo'!Q14/1000000 -> 0 | K16: =H16+J16 -> -156.33071
A17: Guanajuato | B17: =Población!B15 -> 6402249 | C17: =Población!D15 -> 6446935 | D17: =C17/B17-1 -> 0.0069797348 | E17: =SUMIFS('Cálculo FGP-FFM-FOFIR'!$Q$5:$Q$260,'Cálculo FGP-FFM-FOFIR'!$B$5:$B$260,$A17,'Cálculo FGP-FFM-FOFIR'!$A$5:$A$260,"FGP*")/1000000 -> 382.42139 | F17: =SUMIFS('Cálculo FGP-FFM-FOFIR'!$Q$5:$Q$260,'Cálculo FGP-FFM-FOFIR'!$B$5:$B$260,$A17,'Cálculo FGP-FFM-FOFIR'!$A$5:$A$260,"FFM*")/1000000 -> 10.759386 | G17: =SUMIFS('Cálculo FGP-FFM-FOFIR'!$Q$5:$Q$260,'Cálculo FGP-FFM-FOFIR'!$B$5:$B$260,$A17,'Cálculo FGP-FFM-FOFIR'!$A$5:$A$260,"FOFIR*")/1000000 -> 15.35141 | H17: =SUM(E17:G17) -> 408.53218 | I17: =H17/('Base 2027'!N15/1000000) -> 0.0069280256 | J17: ='Cálculo FoCo'!Q15/1000000 -> 0 | K17: =H17+J17 -> 408.53218
A18: Guerrero | B18: =Población!B16 -> 3569633 | C18: =Población!D16 -> 3418902 | D18: =C18/B18-1 -> -0.042225909 | E18: =SUMIFS('Cálculo FGP-FFM-FOFIR'!$Q$5:$Q$260,'Cálculo FGP-FFM-FOFIR'!$B$5:$B$260,$A18,'Cálculo FGP-FFM-FOFIR'!$A$5:$A$260,"FGP*")/1000000 -> -893.04735 | F18: =SUMIFS('Cálculo FGP-FFM-FOFIR'!$Q$5:$Q$260,'Cálculo FGP-FFM-FOFIR'!$B$5:$B$260,$A18,'Cálculo FGP-FFM-FOFIR'!$A$5:$A$260,"FFM*")/1000000 -> -27.43964 | G18: =SUMIFS('Cálculo FGP-FFM-FOFIR'!$Q$5:$Q$260,'Cálculo FGP-FFM-FOFIR'!$B$5:$B$260,$A18,'Cálculo FGP-FFM-FOFIR'!$A$5:$A$260,"FOFIR*")/1000000 -> -29.859805 | H18: =SUM(E18:G18) -> -950.34679 | I18: =H18/('Base 2027'!N16/1000000) -> -0.03008924 | J18: ='Cálculo FoCo'!Q16/1000000 -> -43.648385 | K18: =H18+J18 -> -993.99518
... A38: Zacatecas | B38: =Población!B36 -> 1689186 | C38: =Población!D36 -> 1686419 | D38: =C38/B38-1 -> -0.0016380671 | E38: =SUMIFS('Cálculo FGP-FFM-FOFIR'!$Q$5:$Q$260,'Cálculo FGP-FFM-FOFIR'!$B$5:$B$260,$A38,'Cálculo FGP-FFM-FOFIR'!$A$5:$A$260,"FGP*")/1000000 -> 2.8172551 | F38: =SUMIFS('Cálculo FGP-FFM-FOFIR'!$Q$5:$Q$260,'Cálculo FGP-FFM-FOFIR'!$B$5:$B$260,$A38,'Cálculo FGP-FFM-FOFIR'!$A$5:$A$260,"FFM*")/1000000 -> 0.064257101 | G38: =SUMIFS('Cálculo FGP-FFM-FOFIR'!$Q$5:$Q$260,'Cálculo FGP-FFM-FOFIR'!$B$5:$B$260,$A38,'Cálculo FGP-FFM-FOFIR'!$A$5:$A$260,"FOFIR*")/1000000 -> -0.3001897 | H38: =SUM(E38:G38) -> 2.5813225 | I38: =H38/('Base 2027'!N36/1000000) -> 0.00015590383 | J38: ='Cálculo FoCo'!Q36/1000000 -> 10.404434 | K38: =H38+J38 -> 12.985756
A39: Total | B39: =SUM(B7:B38) -> 131150866 | C39: =SUM(C7:C38) -> 130911314 | D39: =C39/B39-1 -> -0.0018265377 | E39: =SUM(E7:E38) -> -2.9310332e-11 | F39: =SUM(F7:F38) -> -3.3998498e-12 | G39: =SUM(G7:G38) -> 4.4917403e-12 | H39: =SUM(H7:H38) -> -2.8728131e-11 | J39: =SUM(J7:J38) -> -4.7251092e-13 | K39: =SUM(K7:K38) -> -2.8212099e-11
A41: Fondo de Compensación: se calcula aparte con la ENOE 4T-2024 que usa la SHCP para ese fondo; es igual en todos los escenarios. % sobre las participaciones 2027 estimadas (pestaña Base 2027).

Sheet Rango entre trimestres
A1: Rango entre trimestres: efecto anual 2027 (FGP+FFM+FOFIR, mdp) según la ENOE que se tome como base
A2: Misma Intercensal, mismas variables y montos; solo cambia el trimestre de la ENOE con el que se compara. Un rango grande indica que el resultado del estado depende del trimestre (la ENOE varía entre trimestres).
A4: Estado | B4: ENOE 3T-2025 | C4: ENOE 4T-2025 (misma fecha) | D4: ENOE 1T-2026 (vigente SHCP) | E4: ENOE 2T-2026 | F4: Mínimo | G4: Máximo | H4: Rango (máx − mín) | I4: Promedio | J4: Lectura
A5: Aguascalientes | B5: =SUMIFS('Cálculo FGP-FFM-FOFIR'!$U$5:$U$260,'Cálculo FGP-FFM-FOFIR'!$B$5:$B$260,$A5)/1000000 -> 225.30185 | C5: =SUMIFS('Cálculo FGP-FFM-FOFIR'!$Y$5:$Y$260,'Cálculo FGP-FFM-FOFIR'!$B$5:$B$260,$A5)/1000000 -> 136.47007 | D5: =SUMIFS('Cálculo FGP-FFM-FOFIR'!$Q$5:$Q$260,'Cálculo FGP-FFM-FOFIR'!$B$5:$B$260,$A5)/1000000 -> 69.83551 | E5: =SUMIFS('Cálculo FGP-FFM-FOFIR'!$AC$5:$AC$260,'Cálculo FGP-FFM-FOFIR'!$B$5:$B$260,$A5)/1000000 -> -101.97922 | F5: =MIN(B5:E5) -> -101.97922 | G5: =MAX(B5:E5) -> 225.30185 | H5: =G5-F5 -> 327.28107 | I5: =AVERAGE(B5:E5) -> 82.407054 | J5: =IF(G5<0,"Pierde en todos los trimestres",IF(F5>0,"Gana en todos los trimestres","Depende del trimestre")) -> Depende del trimestre
A6: Baja California | B6: =SUMIFS('Cálculo FGP-FFM-FOFIR'!$U$5:$U$260,'Cálculo FGP-FFM-FOFIR'!$B$5:$B$260,$A6)/1000000 -> 1687.0551 | C6: =SUMIFS('Cálculo FGP-FFM-FOFIR'!$Y$5:$Y$260,'Cálculo FGP-FFM-FOFIR'!$B$5:$B$260,$A6)/1000000 -> 1651.3205 | D6: =SUMIFS('Cálculo FGP-FFM-FOFIR'!$Q$5:$Q$260,'Cálculo FGP-FFM-FOFIR'!$B$5:$B$260,$A6)/1000000 -> 1384.584 | E6: =SUMIFS('Cálculo FGP-FFM-FOFIR'!$AC$5:$AC$260,'Cálculo FGP-FFM-FOFIR'!$B$5:$B$260,$A6)/1000000 -> 1158.8432 | F6: =MIN(B6:E6) -> 1158.8432 | G6: =MAX(B6:E6) -> 1687.0551 | H6: =G6-F6 -> 528.21198 | I6: =AVERAGE(B6:E6) -> 1470.4507 | J6: =IF(G6<0,"Pierde en todos los trimestres",IF(F6>0,"Gana en todos los trimestres","Depende del trimestre")) -> Gana en todos los trimestres
A7: Baja California Sur | B7: =SUMIFS('Cálculo FGP-FFM-FOFIR'!$U$5:$U$260,'Cálculo FGP-FFM-FOFIR'!$B$5:$B$260,$A7)/1000000 -> 536.39164 | C7: =SUMIFS('Cálculo FGP-FFM-FOFIR'!$Y$5:$Y$260,'Cálculo FGP-FFM-FOFIR'!$B$5:$B$260,$A7)/1000000 -> 373.21094 | D7: =SUMIFS('Cálculo FGP-FFM-FOFIR'!$Q$5:$Q$260,'Cálculo FGP-FFM-FOFIR'!$B$5:$B$260,$A7)/1000000 -> 233.85718 | E7: =SUMIFS('Cálculo FGP-FFM-FOFIR'!$AC$5:$AC$260,'Cálculo FGP-FFM-FOFIR'!$B$5:$B$260,$A7)/1000000 -> 23.412748 | F7: =MIN(B7:E7) -> 23.412748 | G7: =MAX(B7:E7) -> 536.39164 | H7: =G7-F7 -> 512.9789 | I7: =AVERAGE(B7:E7) -> 291.71813 | J7: =IF(G7<0,"Pierde en todos los trimestres",IF(F7>0,"Gana en todos los trimestres","Depende del trimestre")) -> Gana en todos los trimestres
A8: Campeche | B8: =SUMIFS('Cálculo FGP-FFM-FOFIR'!$U$5:$U$260,'Cálculo FGP-FFM-FOFIR'!$B$5:$B$260,$A8)/1000000 -> 234.20832 | C8: =SUMIFS('Cálculo FGP-FFM-FOFIR'!$Y$5:$Y$260,'Cálculo FGP-FFM-FOFIR'!$B$5:$B$260,$A8)/1000000 -> 284.14953 | D8: =SUMIFS('Cálculo FGP-FFM-FOFIR'!$Q$5:$Q$260,'Cálculo FGP-FFM-FOFIR'!$B$5:$B$260,$A8)/1000000 -> 196.98141 | E8: =SUMIFS('Cálculo FGP-FFM-FOFIR'!$AC$5:$AC$260,'Cálculo FGP-FFM-FOFIR'!$B$5:$B$260,$A8)/1000000 -> 106.29982 | F8: =MIN(B8:E8) -> 106.29982 | G8: =MAX(B8:E8) -> 284.14953 | H8: =G8-F8 -> 177.84971 | I8: =AVERAGE(B8:E8) -> 205.40977 | J8: =IF(G8<0,"Pierde en todos los trimestres",IF(F8>0,"Gana en todos los trimestres","Depende del trimestre")) -> Gana en todos los trimestres
A9: Coahuila | B9: =SUMIFS('Cálculo FGP-FFM-FOFIR'!$U$5:$U$260,'Cálculo FGP-FFM-FOFIR'!$B$5:$B$260,$A9)/1000000 -> -286.70974 | C9: =SUMIFS('Cálculo FGP-FFM-FOFIR'!$Y$5:$Y$260,'Cálculo FGP-FFM-FOFIR'!$B$5:$B$260,$A9)/1000000 -> -1139.6822 | D9: =SUMIFS('Cálculo FGP-FFM-FOFIR'!$Q$5:$Q$260,'Cálculo FGP-FFM-FOFIR'!$B$5:$B$260,$A9)/1000000 -> -1170.6414 | E9: =SUMIFS('Cálculo FGP-FFM-FOFIR'!$AC$5:$AC$260,'Cálculo FGP-FFM-FOFIR'!$B$5:$B$260,$A9)/1000000 -> -604.76308 | F9: =MIN(B9:E9) -> -1170.6414 | G9: =MAX(B9:E9) -> -286.70974 | H9: =G9-F9 -> 883.9317 | I9: =AVERAGE(B9:E9) -> -800.44912 | J9: =IF(G9<0,"Pierde en todos los trimestres",IF(F9>0,"Gana en todos los trimestres","Depende del trimestre")) -> Pierde en todos los trimestres
A10: Colima | B10: =SUMIFS('Cálculo FGP-FFM-FOFIR'!$U$5:$U$260,'Cálculo FGP-FFM-FOFIR'!$B$5:$B$260,$A10)/1000000 -> 211.63876 | C10: =SUMIFS('Cálculo FGP-FFM-FOFIR'!$Y$5:$Y$260,'Cálculo FGP-FFM-FOFIR'!$B$5:$B$260,$A10)/1000000 -> 112.65946 | D10: =SUMIFS('Cálculo FGP-FFM-FOFIR'!$Q$5:$Q$260,'Cálculo FGP-FFM-FOFIR'!$B$5:$B$260,$A10)/1000000 -> 8.132223 | E10: =SUMIFS('Cálculo FGP-FFM-FOFIR'!$AC$5:$AC$260,'Cálculo FGP-FFM-FOFIR'!$B$5:$B$260,$A10)/1000000 -> -45.466153 | F10: =MIN(B10:E10) -> -45.466153 | G10: =MAX(B10:E10) -> 211.63876 | H10: =G10-F10 -> 257.10492 | I10: =AVERAGE(B10:E10) -> 71.741073 | J10: =IF(G10<0,"Pierde en todos los trimestres",IF(F10>0,"Gana en todos los trimestres","Depende del trimestre")) -> Depende del trimestre
A11: Chiapas | B11: =SUMIFS('Cálculo FGP-FFM-FOFIR'!$U$5:$U$260,'Cálculo FGP-FFM-FOFIR'!$B$5:$B$260,$A11)/1000000 -> -829.21199 | C11: =SUMIFS('Cálculo FGP-FFM-FOFIR'!$Y$5:$Y$260,'Cálculo FGP-FFM-FOFIR'!$B$5:$B$260,$A11)/1000000 -> -240.36952 | D11: =SUMIFS('Cálculo FGP-FFM-FOFIR'!$Q$5:$Q$260,'Cálculo FGP-FFM-FOFIR'!$B$5:$B$260,$A11)/1000000 -> -133.8234 | E11: =SUMIFS('Cálculo FGP-FFM-FOFIR'!$AC$5:$AC$260,'Cálculo FGP-FFM-FOFIR'!$B$5:$B$260,$A11)/1000000 -> -70.701695 | F11: =MIN(B11:E11) -> -829.21199 | G11: =MAX(B11:E11) -> -70.701695 | H11: =G11-F11 -> 758.51029 | I11: =AVERAGE(B11:E11) -> -318.52665 | J11: =IF(G11<0,"Pierde en todos los trimestres",IF(F11>0,"Gana en todos los trimestres","Depende del trimestre")) -> Pierde en todos los trimestres
A12: Chihuahua | B12: =SUMIFS('Cálculo FGP-FFM-FOFIR'!$U$5:$U$260,'Cálculo FGP-FFM-FOFIR'!$B$5:$B$260,$A12)/1000000 -> -547.56752 | C12: =SUMIFS('Cálculo FGP-FFM-FOFIR'!$Y$5:$Y$260,'Cálculo FGP-FFM-FOFIR'!$B$5:$B$260,$A12)/1000000 -> -603.84675 | D12: =SUMIFS('Cálculo FGP-FFM-FOFIR'!$Q$5:$Q$260,'Cálculo FGP-FFM-FOFIR'!$B$5:$B$260,$A12)/1000000 -> -748.04586 | E12: =SUMIFS('Cálculo FGP-FFM-FOFIR'!$AC$5:$AC$260,'Cálculo FGP-FFM-FOFIR'!$B$5:$B$260,$A12)/1000000 -> -520.53144 | F12: =MIN(B12:E12) -> -748.04586 | G12: =MAX(B12:E12) -> -520.53144 | H12: =G12-F12 -> 227.51441 | I12: =AVERAGE(B12:E12) -> -604.99789 | J12: =IF(G12<0,"Pierde en todos los trimestres",IF(F12>0,"Gana en todos los trimestres","Depende del trimestre")) -> Pierde en todos los trimestres
A13: Ciudad de México | B13: =SUMIFS('Cálculo FGP-FFM-FOFIR'!$U$5:$U$260,'Cálculo FGP-FFM-FOFIR'!$B$5:$B$260,$A13)/1000000 -> -1255.07 | C13: =SUMIFS('Cálculo FGP-FFM-FOFIR'!$Y$5:$Y$260,'Cálculo FGP-FFM-FOFIR'!$B$5:$B$260,$A13)/1000000 -> -807.41694 | D13: =SUMIFS('Cálculo FGP-FFM-FOFIR'!$Q$5:$Q$260,'Cálculo FGP-FFM-FOFIR'!$B$5:$B$260,$A13)/1000000 -> -884.41692 | E13: =SUMIFS('Cálculo FGP-FFM-FOFIR'!$AC$5:$AC$260,'Cálculo FGP-FFM-FOFIR'!$B$5:$B$260,$A13)/1000000 -> -503.07673 | F13: =MIN(B13:E13) -> -1255.07 | G13: =MAX(B13:E13) -> -503.07673 | H13: =G13-F13 -> 751.99323 | I13: =AVERAGE(B13:E13) -> -862.49514 | J13: =IF(G13<0,"Pierde en todos los trimestres",IF(F13>0,"Gana en todos los trimestres","Depende del trimestre")) -> Pierde en todos los trimestres
A14: Durango | B14: =SUMIFS('Cálculo FGP-FFM-FOFIR'!$U$5:$U$260,'Cálculo FGP-FFM-FOFIR'!$B$5:$B$260,$A14)/1000000 -> -27.943752 | C14: =SUMIFS('Cálculo FGP-FFM-FOFIR'!$Y$5:$Y$260,'Cálculo FGP-FFM-FOFIR'!$B$5:$B$260,$A14)/1000000 -> -72.771752 | D14: =SUMIFS('Cálculo FGP-FFM-FOFIR'!$Q$5:$Q$260,'Cálculo FGP-FFM-FOFIR'!$B$5:$B$260,$A14)/1000000 -> -156.33071 | E14: =SUMIFS('Cálculo FGP-FFM-FOFIR'!$AC$5:$AC$260,'Cálculo FGP-FFM-FOFIR'!$B$5:$B$260,$A14)/1000000 -> -85.49567 | F14: =MIN(B14:E14) -> -156.33071 | G14: =MAX(B14:E14) -> -27.943752 | H14: =G14-F14 -> 128.38696 | I14: =AVERAGE(B14:E14) -> -85.635472 | J14: =IF(G14<0,"Pierde en todos los trimestres",IF(F14>0,"Gana en todos los trimestres","Depende del trimestre")) -> Pierde en todos los trimestres
A15: Guanajuato | B15: =SUMIFS('Cálculo FGP-FFM-FOFIR'!$U$5:$U$260,'Cálculo FGP-FFM-FOFIR'!$B$5:$B$260,$A15)/1000000 -> 680.499 | C15: =SUMIFS('Cálculo FGP-FFM-FOFIR'!$Y$5:$Y$260,'Cálculo FGP-FFM-FOFIR'!$B$5:$B$260,$A15)/1000000 -> 543.89462 | D15: =SUMIFS('Cálculo FGP-FFM-FOFIR'!$Q$5:$Q$260,'Cálculo FGP-FFM-FOFIR'!$B$5:$B$260,$A15)/1000000 -> 408.53218 | E15: =SUMIFS('Cálculo FGP-FFM-FOFIR'!$AC$5:$AC$260,'Cálculo FGP-FFM-FOFIR'!$B$5:$B$260,$A15)/1000000 -> 217.12081 | F15: =MIN(B15:E15) -> 217.12081 | G15: =MAX(B15:E15) -> 680.499 | H15: =G15-F15 -> 463.37819 | I15: =AVERAGE(B15:E15) -> 462.51165 | J15: =IF(G15<0,"Pierde en todos los trimestres",IF(F15>0,"Gana en todos los trimestres","Depende del trimestre")) -> Gana en todos los trimestres
A16: Guerrero | B16: =SUMIFS('Cálculo FGP-FFM-FOFIR'!$U$5:$U$260,'Cálculo FGP-FFM-FOFIR'!$B$5:$B$260,$A16)/1000000 -> -1263.7342 | C16: =SUMIFS('Cálculo FGP-FFM-FOFIR'!$Y$5:$Y$260,'Cálculo FGP-FFM-FOFIR'!$B$5:$B$260,$A16)/1000000 -> -1035.3907 | D16: =SUMIFS('Cálculo FGP-FFM-FOFIR'!$Q$5:$Q$260,'Cálculo FGP-FFM-FOFIR'!$B$5:$B$260,$A16)/1000000 -> -950.34679 | E16: =SUMIFS('Cálculo FGP-FFM-FOFIR'!$AC$5:$AC$260,'Cálculo FGP-FFM-FOFIR'!$B$5:$B$260,$A16)/1000000 -> -730.10613 | F16: =MIN(B16:E16) -> -1263.7342 | G16: =MAX(B16:E16) -> -730.10613 | H16: =G16-F16 -> 533.62805 | I16: =AVERAGE(B16:E16) -> -994.89445 | J16: =IF(G16<0,"Pierde en todos los trimestres",IF(F16>0,"Gana en todos los trimestres","Depende del trimestre")) -> Pierde en todos los trimestres
... A36: Zacatecas | B36: =SUMIFS('Cálculo FGP-FFM-FOFIR'!$U$5:$U$260,'Cálculo FGP-FFM-FOFIR'!$B$5:$B$260,$A36)/1000000 -> -76.246381 | C36: =SUMIFS('Cálculo FGP-FFM-FOFIR'!$Y$5:$Y$260,'Cálculo FGP-FFM-FOFIR'!$B$5:$B$260,$A36)/1000000 -> -111.46445 | D36: =SUMIFS('Cálculo FGP-FFM-FOFIR'!$Q$5:$Q$260,'Cálculo FGP-FFM-FOFIR'!$B$5:$B$260,$A36)/1000000 -> 2.5813225 | E36: =SUMIFS('Cálculo FGP-FFM-FOFIR'!$AC$5:$AC$260,'Cálculo FGP-FFM-FOFIR'!$B$5:$B$260,$A36)/1000000 -> -31.316445 | F36: =MIN(B36:E36) -> -111.46445 | G36: =MAX(B36:E36) -> 2.5813225 | H36: =G36-F36 -> 114.04578 | I36: =AVERAGE(B36:E36) -> -54.111489 | J36: =IF(G36<0,"Pierde en todos los trimestres",IF(F36>0,"Gana en todos los trimestres","Depende del trimestre")) -> Depende del trimestre
A37: Redistribución total | B37: =-SUMIF(B5:B36,"<0") -> 9502.7497 | C37: =-SUMIF(C5:C36,"<0") -> 8140.5731 | D37: =-SUMIF(D5:D36,"<0") -> 7178.6253 | E37: =-SUMIF(E5:E36,"<0") -> 4439.5252
A38: Población ENOE total | B38: =Población!K37 -> 130760049 | C38: =Población!L37 -> 131001723 | D38: =Población!B37 -> 131150866 | E38: =Población!M37 -> 131231919
A39: Intercensal 2025 (15-oct-2025): 130,911,314 personas.
A41: No incluye el Fondo de Compensación (usa la ENOE 4T-2024 y no depende de este trimestre).

Sheet Evidencia ajuste 2026
A1: Evidencia 2026: el 1er ajuste cuatrimestral ya corrigió enero-abril con una población más reciente
A2: Millones de pesos. Fuente: DOF de junio 2026 (publicado 27-jul-2026), Cuadro 35, y DOF de enero a abril 2026.
A3: Enero y febrero 2026 se pagaron con la ENOE 3T-2025 y marzo y abril con la 4T-2025. En junio la SHCP recalculó enero-abril con la ENOE 1T-2026 y con variables de recaudación local más recientes, y pagó la diferencia en el ajuste. Aquí se separa qué parte se debió solo al cambio de población (con las variables de junio fijas) y qué parte a las variables; el resto es la recaudación federal participable observada y el IEPS.
A5: Estado | B5: Diferencia total del ajuste (DOF) | C5: Por cambio de población (FGP y FFM 70%) | D5: Por cambio de variables (FGP y FFM 70%) | E5: Resto (recaudación federal participable, IEPS)
A6: Aguascalientes | B6: 260.94771 | C6: =SUMIFS('Cálculo ajuste 2026'!$Z$5:$Z$516,'Cálculo ajuste 2026'!$C$5:$C$516,$A6)/1000000 -> 33.183222 | D6: =SUMIFS('Cálculo ajuste 2026'!$AA$5:$AA$516,'Cálculo ajuste 2026'!$C$5:$C$516,$A6)/1000000 -> 34.827281 | E6: =B6-C6-D6 -> 192.9372
A7: Baja California | B7: 512.75678 | C7: =SUMIFS('Cálculo ajuste 2026'!$Z$5:$Z$516,'Cálculo ajuste 2026'!$C$5:$C$516,$A7)/1000000 -> 84.876027 | D7: =SUMIFS('Cálculo ajuste 2026'!$AA$5:$AA$516,'Cálculo ajuste 2026'!$C$5:$C$516,$A7)/1000000 -> -93.0834 | E7: =B7-C7-D7 -> 520.96415
A8: Baja California Sur | B8: 119.04174 | C8: =SUMIFS('Cálculo ajuste 2026'!$Z$5:$Z$516,'Cálculo ajuste 2026'!$C$5:$C$516,$A8)/1000000 -> 65.838983 | D8: =SUMIFS('Cálculo ajuste 2026'!$AA$5:$AA$516,'Cálculo ajuste 2026'!$C$5:$C$516,$A8)/1000000 -> -26.289219 | E8: =B8-C8-D8 -> 79.491979
A9: Campeche | B9: 43.92298 | C9: =SUMIFS('Cálculo ajuste 2026'!$Z$5:$Z$516,'Cálculo ajuste 2026'!$C$5:$C$516,$A9)/1000000 -> 18.863099 | D9: =SUMIFS('Cálculo ajuste 2026'!$AA$5:$AA$516,'Cálculo ajuste 2026'!$C$5:$C$516,$A9)/1000000 -> -46.708042 | E9: =B9-C9-D9 -> 71.767924
A10: Coahuila | B10: 602.70014 | C10: =SUMIFS('Cálculo ajuste 2026'!$Z$5:$Z$516,'Cálculo ajuste 2026'!$C$5:$C$516,$A10)/1000000 -> 139.51855 | D10: =SUMIFS('Cálculo ajuste 2026'!$AA$5:$AA$516,'Cálculo ajuste 2026'!$C$5:$C$516,$A10)/1000000 -> 75.991906 | E10: =B10-C10-D10 -> 387.18969
A11: Colima | B11: 127.25678 | C11: =SUMIFS('Cálculo ajuste 2026'!$Z$5:$Z$516,'Cálculo ajuste 2026'!$C$5:$C$516,$A11)/1000000 -> 46.759877 | D11: =SUMIFS('Cálculo ajuste 2026'!$AA$5:$AA$516,'Cálculo ajuste 2026'!$C$5:$C$516,$A11)/1000000 -> 9.8610644 | E11: =B11-C11-D11 -> 70.635834
A12: Chiapas | B12: 1099.3201 | C12: =SUMIFS('Cálculo ajuste 2026'!$Z$5:$Z$516,'Cálculo ajuste 2026'!$C$5:$C$516,$A12)/1000000 -> -122.86348 | D12: =SUMIFS('Cálculo ajuste 2026'!$AA$5:$AA$516,'Cálculo ajuste 2026'!$C$5:$C$516,$A12)/1000000 -> 584.5101 | E12: =B12-C12-D12 -> 637.67352
A13: Chihuahua | B13: 304.90928 | C13: =SUMIFS('Cálculo ajuste 2026'!$Z$5:$Z$516,'Cálculo ajuste 2026'!$C$5:$C$516,$A13)/1000000 -> 51.46114 | D13: =SUMIFS('Cálculo ajuste 2026'!$AA$5:$AA$516,'Cálculo ajuste 2026'!$C$5:$C$516,$A13)/1000000 -> -167.40063 | E13: =B13-C13-D13 -> 420.84877
A14: Ciudad de México | B14: 2505.9281 | C14: =SUMIFS('Cálculo ajuste 2026'!$Z$5:$Z$516,'Cálculo ajuste 2026'!$C$5:$C$516,$A14)/1000000 -> -44.086462 | D14: =SUMIFS('Cálculo ajuste 2026'!$AA$5:$AA$516,'Cálculo ajuste 2026'!$C$5:$C$516,$A14)/1000000 -> 931.94637 | E14: =B14-C14-D14 -> 1618.0682
A15: Durango | B15: 242.81293 | C15: =SUMIFS('Cálculo ajuste 2026'!$Z$5:$Z$516,'Cálculo ajuste 2026'!$C$5:$C$516,$A15)/1000000 -> 30.648873 | D15: =SUMIFS('Cálculo ajuste 2026'!$AA$5:$AA$516,'Cálculo ajuste 2026'!$C$5:$C$516,$A15)/1000000 -> 0.53234892 | E15: =B15-C15-D15 -> 211.6317
A16: Guanajuato | B16: 642.57966 | C16: =SUMIFS('Cálculo ajuste 2026'!$Z$5:$Z$516,'Cálculo ajuste 2026'!$C$5:$C$516,$A16)/1000000 -> 61.038785 | D16: =SUMIFS('Cálculo ajuste 2026'!$AA$5:$AA$516,'Cálculo ajuste 2026'!$C$5:$C$516,$A16)/1000000 -> -93.252768 | E16: =B16-C16-D16 -> 674.79364
A17: Guerrero | B17: 503.28469 | C17: =SUMIFS('Cálculo ajuste 2026'!$Z$5:$Z$516,'Cálculo ajuste 2026'!$C$5:$C$516,$A17)/1000000 -> -60.815218 | D17: =SUMIFS('Cálculo ajuste 2026'!$AA$5:$AA$516,'Cálculo ajuste 2026'!$C$5:$C$516,$A17)/1000000 -> 134.71998 | E17: =B17-C17-D17 -> 429.37993
... A37: Zacatecas | B37: 197.09086 | C37: =SUMIFS('Cálculo ajuste 2026'!$Z$5:$Z$516,'Cálculo ajuste 2026'!$C$5:$C$516,$A37)/1000000 -> -29.210024 | D37: =SUMIFS('Cálculo ajuste 2026'!$AA$5:$AA$516,'Cálculo ajuste 2026'!$C$5:$C$516,$A37)/1000000 -> 61.535897 | E37: =B37-C37-D37 -> 164.76498
A38: Total | B38: =SUM(B6:B37) -> 15151.455 | C38: =SUM(C6:C37) -> -9.2121866e-12 | D38: =SUM(D6:D37) -> 1.8836488e-11 | E38: =SUM(E6:E37) -> 15151.455
A39: Monto movido solo por población (suma de lo que pierden los que pierden): | C39: =-SUMIF(C6:C37,"<0") -> 938.96382

Sheet Fondos 2027
A1: Montos 2027 a distribuir (PPEF 2027, Ramo 28) y partes que usan población
A2: Pesos. Fuente: PPEF 2027, Tomo IV, Ramo 28, Análisis Funcional Programático Económico (septiembre 2026). Azul = dato; negro = fórmula.
A4: Concepto | B4: Monto (pesos) | C4: Cómo se obtiene
A5: Fondo General de Participaciones (PPEF 2027) | B5: 1146547607219 | C5: PPEF 2027, C001
A6: Fondo de Fomento Municipal (PPEF 2027) | B6: 57227524535 | C6: PPEF 2027, C002
A7: Fondo de Fiscalización y Recaudación (PPEF 2027) | B7: 71534405671 | C7: PPEF 2027, C005
A8: Fondo de Compensación (PPEF 2027) | B8: 8041200000 | C8: PPEF 2027, C006
A9: 0.136% de la RFP (PPEF 2027) | B9: 7782943337 | C9: PPEF 2027, C009
A10: Recaudación federal participable 2027 implícita | B10: =B9/0.00136 -> 5.7227525e+12 | C10: 0.136% de la RFP / 0.00136 (cuadra con FFM = 1% de la RFP)
A11: FGP base 2007 (anual) | B11: 265828053996 | C11: 12 × 22,152,337,833 (DOF, Cuadro 2, renglón 4)
A12: FFM base 2013 (anual) | B12: 21339511050 | C12: DOF, ajuste definitivo (Integración del FFM)
A13: FOFIR base 2013 (anual) | B13: 26674388812 | C13: 2 × 13,337,194,406 (DOF jul-2026, Cuadro 26, renglón 4, semestral)
A14: Crecimiento FGP 2027 (20% RFP − base 2007) | B14: =0.2*B10-B11 -> 8.7872244e+11
A15: Crecimiento FFM 2027 (1% RFP − base 2013) | B15: =0.01*B10-B12 -> 3.5888013e+10
A16: Crecimiento FOFIR 2027 (1.25% RFP − base 2013) | B16: =0.0125*B10-B13 -> 4.4860017e+10
A18: Partes que se reparten con población
A19: Parte | B19: Monto 2027 (pesos) | C19: Regla
A20: FGP primera parte (60%) | B20: =B14*0.6 -> 5.2723346e+11 | C20: 60% del crecimiento: crecimiento del PIB × población
A21: FGP segunda parte (30%) | B21: =B14*0.3 -> 2.6361673e+11 | C21: 30%: media móvil del crecimiento de recaudación local × población
A22: FGP tercera parte (10%) | B22: =B14*0.1 -> 8.7872244e+10 | C22: 10%: recaudación local × población
A23: FFM 70% | B23: =B15*0.7 -> 2.5121609e+10 | C23: 70% del crecimiento: variación de agua y predial × población
A24: FOFIR primera parte (30%) | B24: =B16*0.3 -> 1.3458005e+10 | C24: Cifras virtuales / PIB × población
A25: FOFIR segunda parte (10%) | B25: =B16*0.1 -> 4.4860017e+09 | C25: Mercancía embargada × población
A26: FOFIR tercera parte (30%) | B26: =B16*0.3 -> 1.3458005e+10 | C26: Crecimiento de recaudación local × población
A27: FOFIR cuarta parte (30%) | B27: =B16*0.3 -> 1.3458005e+10 | C27: Recaudación local / ingresos de libre disposición × población
A28: Fondo de Compensación | B28: =B8 -> 8041200000 | C28: 10 entidades con menor PIB per cápita no minero (población en el denominador)
A29: Total que depende de población | B29: =SUM(B20:B28) -> 9.5674526e+11
A31: No se recalculan: bases 2007 y 2013, BET, FFM 30% (población municipal del Censo 2020), IEPS, gasolinas 9/11, FEXHI, Fondo ISR, ISAN, incentivos.

Sheet Base 2027
A1: Participaciones 2027 estimadas por estado en FGP, FFM, FOFIR y FoCo (escenario base, población ENOE)
A2: Pesos. Partes fijas repartidas con la participación de cada estado en el último DOF (ago-2026; FOFIR jul-2026); partes que dependen de población con los coeficientes base. Se usa para expresar los efectos en %.
A4: Entidad | B4: FGP base 2007 (DOF ago-26, mensual) | C4: BET (DOF ago-26, mensual) | D4: FFM base 2013 (DOF ago-26, mensual) | E4: FFM 30% (DOF ago-26, mensual) | F4: FOFIR base 2013 (DOF jul-26, semestral) | G4: FGP base 2007 2027 | H4: BET 2027 | I4: FFM base 2013 2027 | J4: FFM 30% 2027 | K4: FOFIR base 2013 2027 | L4: Partes con población (base) | M4: FoCo (base) | N4: Total estimado 2027
A5: Aguascalientes | B5: 253448939 | C5: 1407175 | D5: 42831004 | E5: 12124756 | F5: 115157096 | G5: =B5/B$37*'Fondos 2027'!$B$11 -> 3.0413873e+09 | H5: =C5/C$37*('Fondos 2027'!$B$5-0.2*'Fondos 2027'!$B$10) -> 17431012 | I5: =D5/D$37*'Fondos 2027'!$B$12 -> 5.1397205e+08 | J5: =E5/E$37*'Fondos 2027'!$B$15*0.3 -> 1.8168924e+08 | K5: =F5/F$37*'Fondos 2027'!$B$13 -> 2.3031419e+08 | L5: =SUMIFS('Cálculo FGP-FFM-FOFIR'!$O$5:$O$260,'Cálculo FGP-FFM-FOFIR'!$B$5:$B$260,A5) -> 1.0180978e+10 | M5: ='Cálculo FoCo'!O5 -> 0 | N5: =SUM(G5:M5) -> 1.4165772e+10
A6: Baja California | B6: 635563001 | C6: 5275161 | D6: 29439346 | E6: 31249007 | F6: 327996822 | G6: =B6/B$37*'Fondos 2027'!$B$11 -> 7.626756e+09 | H6: =C6/C$37*('Fondos 2027'!$B$5-0.2*'Fondos 2027'!$B$10) -> 65344677 | I6: =D6/D$37*'Fondos 2027'!$B$12 -> 3.5327215e+08 | J6: =E6/E$37*'Fondos 2027'!$B$15*0.3 -> 4.6826579e+08 | K6: =F6/F$37*'Fondos 2027'!$B$13 -> 6.5599364e+08 | L6: =SUMIFS('Cálculo FGP-FFM-FOFIR'!$O$5:$O$260,'Cálculo FGP-FFM-FOFIR'!$B$5:$B$260,A6) -> 2.8307603e+10 | M6: ='Cálculo FoCo'!O6 -> 0 | N6: =SUM(G6:M6) -> 3.7477235e+10
A7: Baja California Sur | B7: 160245947 | C7: 1379021 | D7: 13281123 | E7: 0 | F7: 67064946 | G7: =B7/B$37*'Fondos 2027'!$B$11 -> 1.9229514e+09 | H7: =C7/C$37*('Fondos 2027'!$B$5-0.2*'Fondos 2027'!$B$10) -> 17082262 | I7: =D7/D$37*'Fondos 2027'!$B$12 -> 1.5937348e+08 | J7: =E7/E$37*'Fondos 2027'!$B$15*0.3 -> 0 | K7: =F7/F$37*'Fondos 2027'!$B$13 -> 1.3412989e+08 | L7: =SUMIFS('Cálculo FGP-FFM-FOFIR'!$O$5:$O$260,'Cálculo FGP-FFM-FOFIR'!$B$5:$B$260,A7) -> 6.2693249e+09 | M7: ='Cálculo FoCo'!O7 -> 0 | N7: =SUM(G7:M7) -> 8.5028619e+09
A8: Campeche | B8: 226439168 | C8: 1451237 | D8: 19893110 | E8: 6840785 | F8: 90342337 | G8: =B8/B$37*'Fondos 2027'!$B$11 -> 2.71727e+09 | H8: =C8/C$37*('Fondos 2027'!$B$5-0.2*'Fondos 2027'!$B$10) -> 17976819 | I8: =D8/D$37*'Fondos 2027'!$B$12 -> 2.3871732e+08 | J8: =E8/E$37*'Fondos 2027'!$B$15*0.3 -> 1.0250904e+08 | K8: =F8/F$37*'Fondos 2027'!$B$13 -> 1.8068467e+08 | L8: =SUMIFS('Cálculo FGP-FFM-FOFIR'!$O$5:$O$260,'Cálculo FGP-FFM-FOFIR'!$B$5:$B$260,A8) -> 5.247908e+09 | M8: ='Cálculo FoCo'!O8 -> 0 | N8: =SUM(G8:M8) -> 8.5050658e+09
A9: Coahuila | B9: 538189157 | C9: 4012589 | D9: 30379818 | E9: 8930495 | F9: 250445349 | G9: =B9/B$37*'Fondos 2027'!$B$11 -> 6.4582699e+09 | H9: =C9/C$37*('Fondos 2027'!$B$5-0.2*'Fondos 2027'!$B$10) -> 49704896 | I9: =D9/D$37*'Fondos 2027'!$B$12 -> 3.6455782e+08 | J9: =E9/E$37*'Fondos 2027'!$B$15*0.3 -> 1.338233e+08 | K9: =F9/F$37*'Fondos 2027'!$B$13 -> 5.008907e+08 | L9: =SUMIFS('Cálculo FGP-FFM-FOFIR'!$O$5:$O$260,'Cálculo FGP-FFM-FOFIR'!$B$5:$B$260,A9) -> 2.4880311e+10 | M9: ='Cálculo FoCo'!O9 -> 0 | N9: =SUM(G9:M9) -> 3.2387557e+10
A10: Colima | B10: 164236610 | C10: 578089 | D10: 23005209 | E10: 0 | F10: 69149770 | G10: =B10/B$37*'Fondos 2027'!$B$11 -> 1.9708393e+09 | H10: =C10/C$37*('Fondos 2027'!$B$5-0.2*'Fondos 2027'!$B$10) -> 7160926.2 | I10: =D10/D$37*'Fondos 2027'!$B$12 -> 2.7606251e+08 | J10: =E10/E$37*'Fondos 2027'!$B$15*0.3 -> 0 | K10: =F10/F$37*'Fondos 2027'!$B$13 -> 1.3829954e+08 | L10: =SUMIFS('Cálculo FGP-FFM-FOFIR'!$O$5:$O$260,'Cálculo FGP-FFM-FOFIR'!$B$5:$B$260,A10) -> 4.939359e+09 | M10: ='Cálculo FoCo'!O10 -> 0 | N10: =SUM(G10:M10) -> 7.3317213e+09
A11: Chiapas | B11: 1004369892 | C11: 13002615 | D11: 39872920 | E11: 17108259 | F11: 448422249 | G11: =B11/B$37*'Fondos 2027'!$B$11 -> 1.2052439e+10 | H11: =C11/C$37*('Fondos 2027'!$B$5-0.2*'Fondos 2027'!$B$10) -> 1.6106649e+08 | I11: =D11/D$37*'Fondos 2027'!$B$12 -> 4.7847504e+08 | J11: =E11/E$37*'Fondos 2027'!$B$15*0.3 -> 2.5636694e+08 | K11: =F11/F$37*'Fondos 2027'!$B$13 -> 8.968445e+08 | L11: =SUMIFS('Cálculo FGP-FFM-FOFIR'!$O$5:$O$260,'Cálculo FGP-FFM-FOFIR'!$B$5:$B$260,A11) -> 4.0409225e+10 | M11: ='Cálculo FoCo'!O11 -> 1.3290114e+09 | N11: =SUM(G11:M11) -> 5.5583429e+10
A12: Chihuahua | B12: 629999297 | C12: 14543564 | D12: 39996201 | E12: 29051215 | F12: 330999416 | G12: =B12/B$37*'Fondos 2027'!$B$11 -> 7.5599916e+09 | H12: =C12/C$37*('Fondos 2027'!$B$5-0.2*'Fondos 2027'!$B$10) -> 1.8015459e+08 | I12: =D12/D$37*'Fondos 2027'!$B$12 -> 4.7995441e+08 | J12: =E12/E$37*'Fondos 2027'!$B$15*0.3 -> 4.3533192e+08 | K12: =F12/F$37*'Fondos 2027'!$B$13 -> 6.6199883e+08 | L12: =SUMIFS('Cálculo FGP-FFM-FOFIR'!$O$5:$O$260,'Cálculo FGP-FFM-FOFIR'!$B$5:$B$260,A12) -> 2.8924426e+10 | M12: ='Cálculo FoCo'!O12 -> 0 | N12: =SUM(G12:M12) -> 3.8241857e+10
A13: Ciudad de México | B13: 2744713747 | C13: 1735279 | D13: 220083536 | E13: 80267372 | F13: 1248872838 | G13: =B13/B$37*'Fondos 2027'!$B$11 -> 3.2936565e+10 | H13: =C13/C$37*('Fondos 2027'!$B$5-0.2*'Fondos 2027'!$B$10) -> 21495315 | I13: =D13/D$37*'Fondos 2027'!$B$12 -> 2.6410024e+09 | J13: =E13/E$37*'Fondos 2027'!$B$15*0.3 -> 1.2028051e+09 | K13: =F13/F$37*'Fondos 2027'!$B$13 -> 2.4977457e+09 | L13: =SUMIFS('Cálculo FGP-FFM-FOFIR'!$O$5:$O$260,'Cálculo FGP-FFM-FOFIR'!$B$5:$B$260,A13) -> 8.5129756e+10 | M13: ='Cálculo FoCo'!O13 -> 0 | N13: =SUM(G13:M13) -> 1.2442937e+11
A14: Durango | B14: 288519244 | C14: 7562112 | D14: 38935872 | E14: 14437339 | F14: 150006426 | G14: =B14/B$37*'Fondos 2027'!$B$11 -> 3.4622309e+09 | H14: =C14/C$37*('Fondos 2027'!$B$5-0.2*'Fondos 2027'!$B$10) -> 93673684 | I14: =D14/D$37*'Fondos 2027'!$B$12 -> 4.6723046e+08 | J14: =E14/E$37*'Fondos 2027'!$B$15*0.3 -> 2.1634326e+08 | K14: =F14/F$37*'Fondos 2027'!$B$13 -> 3.0001285e+08 | L14: =SUMIFS('Cálculo FGP-FFM-FOFIR'!$O$5:$O$260,'Cálculo FGP-FFM-FOFIR'!$B$5:$B$260,A14) -> 1.4171798e+10 | M14: ='Cálculo FoCo'!O14 -> 0 | N14: =SUM(G14:M14) -> 1.8711289e+10
A15: Guanajuato | B15: 855324839 | C15: 4576808 | D15: 64119654 | E15: 46819557 | F15: 606203440 | G15: =B15/B$37*'Fondos 2027'!$B$11 -> 1.0263898e+10 | H15: =C15/C$37*('Fondos 2027'!$B$5-0.2*'Fondos 2027'!$B$10) -> 56694012 | I15: =D15/D$37*'Fondos 2027'!$B$12 -> 7.6943585e+08 | J15: =E15/E$37*'Fondos 2027'!$B$15*0.3 -> 7.0159019e+08 | K15: =F15/F$37*'Fondos 2027'!$B$13 -> 1.2124069e+09 | L15: =SUMIFS('Cálculo FGP-FFM-FOFIR'!$O$5:$O$260,'Cálculo FGP-FFM-FOFIR'!$B$5:$B$260,A15) -> 4.5964029e+10 | M15: ='Cálculo FoCo'!O15 -> 0 | N15: =SUM(G15:M15) -> 5.8968054e+10
A16: Guerrero | B16: 493273999 | C16: 585664 | D16: 29484254 | E16: 20854462 | F16: 239537414 | G16: =B16/B$37*'Fondos 2027'!$B$11 -> 5.919288e+09 | H16: =C16/C$37*('Fondos 2027'!$B$5-0.2*'Fondos 2027'!$B$10) -> 7254759.6 | I16: =D16/D$37*'Fondos 2027'!$B$12 -> 3.5381105e+08 | J16: =E16/E$37*'Fondos 2027'!$B$15*0.3 -> 3.1250372e+08 | K16: =F16/F$37*'Fondos 2027'!$B$13 -> 4.7907483e+08 | L16: =SUMIFS('Cálculo FGP-FFM-FOFIR'!$O$5:$O$260,'Cálculo FGP-FFM-FOFIR'!$B$5:$B$260,A16) -> 2.350437e+10 | M16: ='Cálculo FoCo'!O16 -> 1.0079714e+09 | N16: =SUM(G16:M16) -> 3.1584274e+10
... A36: Zacatecas | B36: 267212803 | C36: 1523641 | D36: 65980157 | E36: 5995781 | F36: 116473809 | G36: =B36/B$37*'Fondos 2027'!$B$11 -> 3.2065536e+09 | H36: =C36/C$37*('Fondos 2027'!$B$5-0.2*'Fondos 2027'!$B$10) -> 18873704 | I36: =D36/D$37*'Fondos 2027'!$B$12 -> 7.9176188e+08 | J36: =E36/E$37*'Fondos 2027'!$B$15*0.3 -> 89846667 | K36: =F36/F$37*'Fondos 2027'!$B$13 -> 2.3294762e+08 | L36: =SUMIFS('Cálculo FGP-FFM-FOFIR'!$O$5:$O$260,'Cálculo FGP-FFM-FOFIR'!$B$5:$B$260,A36) -> 1.1550516e+10 | M36: ='Cálculo FoCo'!O36 -> 6.6664662e+08 | N36: =SUM(G36:M36) -> 1.6557146e+10
A37: Total | B37: =SUM(B5:B36) -> 22152337835 | C37: =SUM(C5:C36) -> 161223707 | D37: =SUM(D5:D36) -> 1778292588 | E37: =SUM(E5:E36) -> 718479641 | F37: =SUM(F5:F36) -> 13337194404 | G37: =SUM(G5:G36) -> 2.6582805e+11 | H37: =SUM(H5:H36) -> 1.9971165e+09 | I37: =SUM(I5:I36) -> 21339511050 | ... N37: =SUM(N5:N36) -> 1.2833507e+12
A38: Control: total estimado vs. FGP+FFM+FOFIR+FoCo del PPEF 2027 | N38: =N37-('Fondos 2027'!B5+'Fondos 2027'!B6+'Fondos 2027'!B7+'Fondos 2027'!B8) -> 1.7207031

Sheet Población
A1: Población por entidad: la que usa la SHCP vs. Encuesta Intercensal 2025
A2: Personas. ENOE 1T-2026: la que usa el DOF de agosto 2026 (FGP, FFM, FOFIR). ENOE 4T-2024: la que usa para el Fondo de Compensación. EIC 2025: INEGI, población total (viviendas particulares + colectivas).
K3: ENOE (INEGI, serie vigente) para escenarios
A4: Entidad | B4: ENOE 1T-2026 (DOF ago-2026) | C4: ENOE 4T-2024 (DOF, FoCo) | D4: EIC 2025 (total) | E4: Cambio EIC vs ENOE 1T-2026 | F4: Cambio % | G4: Participación ENOE 1T-2026 | H4: Participación EIC 2025 | I4: Cambio en participación (pp) | K4: ENOE 3T-2025 (INEGI) | L4: ENOE 4T-2025 (INEGI) | M4: ENOE 2T-2026 (INEGI)
A5: Aguascalientes | B5: 1531396 | C5: 1493459 | D5: 1539174 | E5: =D5-B5 -> 7778 | F5: =D5/B5-1 -> 0.0050790259 | G5: =B5/B$37 -> 0.011676598 | H5: =D5/D$37 -> 0.01175738 | I5: =(H5-G5)*100 -> 0.0080781043 | K5: 1503564 | L5: 1519678 | M5: 1558219
A6: Baja California | B6: 3830329 | C6: 3779050 | D6: 4009678 | E6: =D6-B6 -> 179349 | F6: =D6/B6-1 -> 0.046823393 | G6: =B6/B$37 -> 0.029205518 | H6: =D6/D$37 -> 0.030628965 | I6: =(H6-G6)*100 -> 0.14234464 | K6: 3778283 | L6: 3790412 | M6: 3862801
A7: Baja California Sur | B7: 928591 | C7: 872439 | D7: 961514 | E7: =D7-B7 -> 32923 | F7: =D7/B7-1 -> 0.035454791 | G7: =B7/B$37 -> 0.0070803269 | H7: =D7/D$37 -> 0.0073447739 | I7: =(H7-G7)*100 -> 0.026444702 | K7: 881164 | L7: 906940 | M7: 960359
A8: Campeche | B8: 935371 | C8: 949481 | D8: 968673 | E8: =D8-B8 -> 33302 | F8: =D8/B8-1 -> 0.035602985 | G8: =B8/B$37 -> 0.0071320231 | H8: =D8/D$37 -> 0.0073994598 | I8: =(H8-G8)*100 -> 0.02674367 | K8: 925978 | L8: 918817 | M8: 952094
A9: Coahuila | B9: 3590747 | C9: 3457516 | D9: 3415128 | E9: =D9-B9 -> -175619 | F9: =D9/B9-1 -> -0.048908765 | G9: =B9/B$37 -> 0.027378752 | H9: =D9/D$37 -> 0.02608734 | I9: =(H9-G9)*100 -> -0.12914114 | K9: 3452989 | L9: 3582441 | M9: 3510963
A10: Colima | B10: 762355 | C10: 719445 | D10: 762212 | E10: =D10-B10 -> -143 | F10: =D10/B10-1 -> -0.00018757665 | G10: =B10/B$37 -> 0.0058128095 | H10: =D10/D$37 -> 0.0058223539 | I10: =(H10-G10)*100 -> 0.00095444015 | K10: 728776 | L10: 745394 | M10: 771093
A11: Chiapas | B11: 5891372 | C11: 5914879 | D11: 5860728 | E11: =D11-B11 -> -30644 | F11: =D11/B11-1 -> -0.0052015048 | G11: =B11/B$37 -> 0.044920573 | H11: =D11/D$37 -> 0.04476869 | I11: =(H11-G11)*100 -> -0.015188288 | K11: 5975155 | L11: 5900473 | M11: 5885528
A12: Chihuahua | B12: 4015493 | C12: 3900629 | D12: 3903944 | E12: =D12-B12 -> -111549 | F12: =D12/B12-1 -> -0.027779652 | G12: =B12/B$37 -> 0.030617358 | H12: =D12/D$37 -> 0.029821288 | I12: =(H12-G12)*100 -> -0.079606985 | K12: 3976037 | L12: 3991333 | M12: 3985958
A13: Ciudad de México | B13: 9336468 | C13: 9352517 | D13: 9216407 | E13: =D13-B13 -> -120061 | F13: =D13/B13-1 -> -0.01285936 | G13: =B13/B$37 -> 0.071188764 | H13: =D13/D$37 -> 0.070401913 | I13: =(H13-G13)*100 -> -0.078685017 | K13: 9350964 | L13: 9319955 | M13: 9296753
A14: Durango | B14: 1968132 | C14: 1890563 | D14: 1943290 | E14: =D14-B14 -> -24842 | F14: =D14/B14-1 -> -0.012622121 | G14: =B14/B$37 -> 0.015006626 | H14: =D14/D$37 -> 0.014844324 | I14: =(H14-G14)*100 -> -0.016230173 | K14: 1944614 | L14: 1954301 | M14: 1959669
A15: Guanajuato | B15: 6402249 | C15: 6313504 | D15: 6446935 | E15: =D15-B15 -> 44686 | F15: =D15/B15-1 -> 0.0069797348 | G15: =B15/B$37 -> 0.048815911 | H15: =D15/D$37 -> 0.049246584 | I15: =(H15-G15)*100 -> 0.043067285 | K15: 6345807 | L15: 6376710 | M15: 6432483
A16: Guerrero | B16: 3569633 | C16: 3603188 | D16: 3418902 | E16: =D16-B16 -> -150731 | F16: =D16/B16-1 -> -0.042225909 | G16: =B16/B$37 -> 0.027217762 | H16: =D16/D$37 -> 0.026116169 | I16: =(H16-G16)*100 -> -0.11015926 | K16: 3606579 | L16: 3578620 | M16: 3538257
... A36: Zacatecas | B36: 1689186 | C36: 1674227 | D36: 1686419 | E36: =D36-B36 -> -2767 | F36: =D36/B36-1 -> -0.0016380671 | G36: =B36/B$37 -> 0.012879717 | H36: =D36/D$37 -> 0.012882149 | I36: =(H36-G36)*100 -> 0.00024318899 | K36: 1695685 | L36: 1703991 | M36: 1695141
A37: Total | B37: =SUM(B5:B36) -> 131150866 | C37: =SUM(C5:C36) -> 130294079 | D37: =SUM(D5:D36) -> 130911314 | E37: =SUM(E5:E36) -> -239552 | F37: =D37/B37-1 -> -0.0018265377 | K37: =SUM(K5:K36) -> 130760049 | L37: =SUM(L5:L36) -> 131001723 | M37: =SUM(M5:M36) -> 131231919

Sheet Cálculo FGP-FFM-FOFIR
A1: Cálculo: coeficientes con población ENOE (base) vs. EIC 2025, montos 2027
A2: Variables del último cálculo publicado: DOF de agosto 2026 (FGP, FFM 70%) y de julio 2026 (FOFIR). Diferencia = monto con EIC − monto base (positivo = el estado ganaría).
A4: Fondo | B4: Entidad | C4: Dato DOF 1 | D4: Dato DOF 2 | E4: Variable del fondo | F4: Población ENOE (DOF) | G4: Población EIC 2025 | H4: Monto 2027 de la parte | I4: Producto base | J4: Producto EIC | K4: Coeficiente base (%) | L4: Coeficiente DOF (%) | M4: Control | N4: Coeficiente EIC (%) | O4: Monto base 2027 | P4: Monto EIC 2027 | Q4: Diferencia (pesos) | R4: Población ENOE 3T-2025 | S4: Producto 3T-2025 | T4: Coeficiente 3T-2025 (%) | U4: Diferencia vs EIC con base 3T-2025 (pesos) | V4: Población ENOE 4T-2025 | W4: Producto 4T-2025 | X4: Coeficiente 4T-2025 (%) | Y4: Diferencia vs EIC con base 4T-2025 (pesos) | Z4: Población ENOE 2T-2026 | AA4: Producto 2T-2026 | AB4: Coeficiente 2T-2026 (%) | AC4: Diferencia vs EIC con base 2T-2026 (pesos)
A5: FGP primera parte (60%) | B5: Aguascalientes | C5: 424228389 | D5: 435924518 | E5: =IF(D5="",C5,D5/C5) -> 1.0275704 | F5: 1531396 | G5: =Población!D5 -> 1539174 | H5: ='Fondos 2027'!$B$20 -> 5.2723346e+11 | I5: =E5*F5 -> 1573617.1 | J5: =E5*G5 -> 1581609.6 | K5: =I5/SUMIFS($I$5:$I$260,$A$5:$A$260,A5)*100 -> 1.1343196 | L5: 1.13432 | M5: =K5-L5 -> -4.1871775e-07 | N5: =J5/SUMIFS($J$5:$J$260,$A$5:$A$260,A5)*100 -> 1.1421788 | O5: =K5/100*H5 -> 5.9805124e+09 | P5: =N5/100*H5 -> 6.021949e+09 | Q5: =P5-O5 -> 41436638 | R5: =Población!K5 -> 1503564 | S5: =E5*R5 -> 1545017.8 | T5: =S5/SUMIFS($S$5:$S$260,$A$5:$A$260,A5)*100 -> 1.116951 | U5: =(N5-T5)/100*H5 -> 1.3300984e+08 | V5: =Población!L5 -> 1519678 | W5: =E5*V5 -> 1561576.1 | X5: =W5/SUMIFS($W$5:$W$260,$A$5:$A$260,A5)*100 -> 1.1268411 | Y5: =(N5-X5)/100*H5 -> 80865679 | Z5: =Población!M5 -> 1558219 | AA5: =E5*Z5 -> 1601179.7 | AB5: =AA5/SUMIFS($AA$5:$AA$260,$A$5:$A$260,A5)*100 -> 1.1534796 | AC5: =(N5-AB5)/100*H5 -> -59581425
A6: FGP primera parte (60%) | B6: Baja California | C6: 1248914231 | D6: 1294477582 | E6: =IF(D6="",C6,D6/C6) -> 1.0364824 | F6: 3830329 | G6: =Población!D6 -> 4009678 | H6: ='Fondos 2027'!$B$20 -> 5.2723346e+11 | I6: =E6*F6 -> 3970068.5 | J6: =E6*G6 -> 4155960.6 | K6: =I6/SUMIFS($I$5:$I$260,$A$5:$A$260,A6)*100 -> 2.8617675 | L6: 2.861768 | M6: =K6-L6 -> -4.7857263e-07 | N6: =J6/SUMIFS($J$5:$J$260,$A$5:$A$260,A6)*100 -> 3.0012781 | O6: =K6/100*H6 -> 1.5088196e+10 | P6: =N6/100*H6 -> 1.5823742e+10 | Q6: =P6-O6 -> 7.3554648e+08 | R6: =Población!K6 -> 3778283 | S6: =E6*R6 -> 3916123.7 | T6: =S6/SUMIFS($S$5:$S$260,$A$5:$A$260,A6)*100 -> 2.8311118 | U6: =(N6-T6)/100*H6 -> 8.9717367e+08 | V6: =Población!L6 -> 3790412 | W6: =E6*V6 -> 3928695.2 | X6: =W6/SUMIFS($W$5:$W$260,$A$5:$A$260,A6)*100 -> 2.8349661 | Y6: =(N6-X6)/100*H6 -> 8.7685244e+08 | Z6: =Población!M6 -> 3862801 | AA6: =E6*Z6 -> 4003725.1 | AB6: =AA6/SUMIFS($AA$5:$AA$260,$A$5:$A$260,A6)*100 -> 2.884258 | AC6: =(N6-AB6)/100*H6 -> 6.1696897e+08
A7: FGP primera parte (60%) | B7: Baja California Sur | C7: 235221280 | D7: 252768859 | E7: =IF(D7="",C7,D7/C7) -> 1.0746003 | F7: 928591 | G7: =Población!D7 -> 961514 | H7: ='Fondos 2027'!$B$20 -> 5.2723346e+11 | I7: =E7*F7 -> 997864.17 | J7: =E7*G7 -> 1033243.2 | K7: =I7/SUMIFS($I$5:$I$260,$A$5:$A$260,A7)*100 -> 0.71929623 | L7: 0.719296 | M7: =K7-L7 -> 2.2619852e-07 | N7: =J7/SUMIFS($J$5:$J$260,$A$5:$A$260,A7)*100 -> 0.74616933 | O7: =K7/100*H7 -> 3.7923704e+09 | P7: =N7/100*H7 -> 3.9340544e+09 | Q7: =P7-O7 -> 1.41684e+08 | R7: =Población!K7 -> 881164 | S7: =E7*R7 -> 946899.1 | T7: =S7/SUMIFS($S$5:$S$260,$A$5:$A$260,A7)*100 -> 0.68454866 | U7: =(N7-T7)/100*H7 -> 3.2488481e+08 | V7: =Población!L7 -> 906940 | W7: =E7*V7 -> 974598 | X7: =W7/SUMIFS($W$5:$W$260,$A$5:$A$260,A7)*100 -> 0.70327479 | Y7: =(N7-X7)/100*H7 -> 2.2615436e+08 | Z7: =Población!M7 -> 960359 | AA7: =E7*Z7 -> 1032002.1 | AB7: =AA7/SUMIFS($AA$5:$AA$260,$A$5:$A$260,A7)*100 -> 0.74344771 | AC7: =(N7-AB7)/100*H7 -> 14349306
A8: FGP primera parte (60%) | B8: Campeche | C8: 600870526 | D8: 522953325 | E8: =IF(D8="",C8,D8/C8) -> 0.87032614 | F8: 935371 | G8: =Población!D8 -> 968673 | H8: ='Fondos 2027'!$B$20 -> 5.2723346e+11 | I8: =E8*F8 -> 814077.83 | J8: =E8*G8 -> 843061.43 | K8: =I8/SUMIFS($I$5:$I$260,$A$5:$A$260,A8)*100 -> 0.58681645 | L8: 0.586816 | M8: =K8-L8 -> 4.5136598e-07 | N8: =J8/SUMIFS($J$5:$J$260,$A$5:$A$260,A8)*100 -> 0.6088272 | O8: =K8/100*H8 -> 3.0938927e+09 | P8: =N8/100*H8 -> 3.2099407e+09 | Q8: =P8-O8 -> 1.1604802e+08 | R8: =Población!K8 -> 925978 | S8: =E8*R8 -> 805902.86 | T8: =S8/SUMIFS($S$5:$S$260,$A$5:$A$260,A8)*100 -> 0.58261722 | U8: =(N8-T8)/100*H8 -> 1.381878e+08 | V8: =Población!L8 -> 918817 | W8: =E8*V8 -> 799670.45 | X8: =W8/SUMIFS($W$5:$W$260,$A$5:$A$260,A8)*100 -> 0.5770462 | Y8: =(N8-X8)/100*H8 -> 1.6756006e+08 | Z8: =Población!M8 -> 952094 | AA8: =E8*Z8 -> 828632.3 | AB8: =AA8/SUMIFS($AA$5:$AA$260,$A$5:$A$260,A8)*100 -> 0.59694142 | AC8: =(N8-AB8)/100*H8 -> 62665812
A9: FGP primera parte (60%) | B9: Coahuila | C9: 1180432300 | D9: 1238076976 | E9: =IF(D9="",C9,D9/C9) -> 1.0488335 | F9: 3590747 | G9: =Población!D9 -> 3415128 | H9: ='Fondos 2027'!$B$20 -> 5.2723346e+11 | I9: =E9*F9 -> 3766095.9 | J9: =E9*G9 -> 3581900.8 | K9: =I9/SUMIFS($I$5:$I$260,$A$5:$A$260,A9)*100 -> 2.7147367 | L9: 2.714737 | M9: =K9-L9 -> -2.5320511e-07 | N9: =J9/SUMIFS($J$5:$J$260,$A$5:$A$260,A9)*100 -> 2.5867137 | O9: =K9/100*H9 -> 1.4313001e+10 | P9: =N9/100*H9 -> 1.363802e+10 | Q9: =P9-O9 -> -6.7498008e+08 | R9: =Población!K9 -> 3452989 | S9: =E9*R9 -> 3621610.6 | T9: =S9/SUMIFS($S$5:$S$260,$A$5:$A$260,A9)*100 -> 2.6181973 | U9: =(N9-T9)/100*H9 -> -1.6599195e+08 | V9: =Población!L9 -> 3582441 | W9: =E9*V9 -> 3757384.2 | X9: =W9/SUMIFS($W$5:$W$260,$A$5:$A$260,A9)*100 -> 2.7113473 | Y9: =(N9-X9)/100*H9 -> -6.5710959e+08 | Z9: =Población!M9 -> 3510963 | AA9: =E9*Z9 -> 3682415.7 | AB9: =AA9/SUMIFS($AA$5:$AA$260,$A$5:$A$260,A9)*100 -> 2.6527888 | AC9: =(N9-AB9)/100*H9 -> -3.4836967e+08
A10: FGP primera parte (60%) | B10: Colima | C10: 204308084 | D10: 214770793 | E10: =IF(D10="",C10,D10/C10) -> 1.0512105 | F10: 762355 | G10: =Población!D10 -> 762212 | H10: ='Fondos 2027'!$B$20 -> 5.2723346e+11 | I10: =E10*F10 -> 801395.54 | J10: =E10*G10 -> 801245.22 | K10: =I10/SUMIFS($I$5:$I$260,$A$5:$A$260,A10)*100 -> 0.5776746 | L10: 0.577675 | M10: =K10-L10 -> -3.9607109e-07 | N10: =J10/SUMIFS($J$5:$J$260,$A$5:$A$260,A10)*100 -> 0.5786291 | O10: =K10/100*H10 -> 3.0456938e+09 | P10: =N10/100*H10 -> 3.0507263e+09 | Q10: =P10-O10 -> 5032447.3 | R10: =Población!K10 -> 728776 | S10: =E10*R10 -> 766096.95 | T10: =S10/SUMIFS($S$5:$S$260,$A$5:$A$260,A10)*100 -> 0.55384004 | U10: =(N10-T10)/100*H10 -> 1.3069625e+08 | V10: =Población!L10 -> 745394 | W10: =E10*V10 -> 783565.96 | X10: =W10/SUMIFS($W$5:$W$260,$A$5:$A$260,A10)*100 -> 0.56542512 | Y10: =(N10-X10)/100*H10 -> 69615834 | Z10: =Población!M10 -> 771093 | AA10: =E10*Z10 -> 810581.02 | AB10: =AA10/SUMIFS($AA$5:$AA$260,$A$5:$A$260,A10)*100 -> 0.58393739 | AC10: =(N10-AB10)/100*H10 -> -27987075
A11: FGP primera parte (60%) | B11: Chiapas | C11: 499718477 | D11: 530926151 | E11: =IF(D11="",C11,D11/C11) -> 1.0624505 | F11: 5891372 | G11: =Población!D11 -> 5860728 | H11: ='Fondos 2027'!$B$20 -> 5.2723346e+11 | I11: =E11*F11 -> 6259291.2 | J11: =E11*G11 -> 6226733.5 | K11: =I11/SUMIFS($I$5:$I$260,$A$5:$A$260,A11)*100 -> 4.5119212 | L11: 4.511921 | M11: =K11-L11 -> 2.2352852e-07 | N11: =J11/SUMIFS($J$5:$J$260,$A$5:$A$260,A11)*100 -> 4.4967123 | O11: =K11/100*H11 -> 2.3788358e+10 | P11: =N11/100*H11 -> 2.3708172e+10 | Q11: =P11-O11 -> -80186737 | R11: =Población!K11 -> 5975155 | S11: =E11*R11 -> 6348306.5 | T11: =S11/SUMIFS($S$5:$S$260,$A$5:$A$260,A11)*100 -> 4.5894274 | U11: =(N11-T11)/100*H11 -> -4.8882514e+08 | V11: =Población!L11 -> 5900473 | W11: =E11*V11 -> 6268960.6 | X11: =W11/SUMIFS($W$5:$W$260,$A$5:$A$260,A11)*100 -> 4.5237133 | Y11: =(N11-X11)/100*H11 -> -1.4235848e+08 | Z11: =Población!M11 -> 5885528 | AA11: =E11*Z11 -> 6253082.2 | AB11: =AA11/SUMIFS($AA$5:$AA$260,$A$5:$A$260,A11)*100 -> 4.5046805 | AC11: =(N11-AB11)/100*H11 -> -42011375
A12: FGP primera parte (60%) | B12: Chihuahua | C12: 1236374958 | D12: 1286224656 | E12: =IF(D12="",C12,D12/C12) -> 1.0403192 | F12: 4015493 | G12: =Población!D12 -> 3903944 | H12: ='Fondos 2027'!$B$20 -> 5.2723346e+11 | I12: =E12*F12 -> 4177394.6 | J12: =E12*G12 -> 4061348.1 | K12: =I12/SUMIFS($I$5:$I$260,$A$5:$A$260,A12)*100 -> 3.0112156 | L12: 3.011216 | M12: =K12-L12 -> -3.6979411e-07 | N12: =J12/SUMIFS($J$5:$J$260,$A$5:$A$260,A12)*100 -> 2.9329525 | O12: =K12/100*H12 -> 1.5876136e+10 | P12: =N12/100*H12 -> 1.5463507e+10 | Q12: =P12-O12 -> -4.126293e+08 | R12: =Población!K12 -> 3976037 | S12: =E12*R12 -> 4136347.8 | T12: =S12/SUMIFS($S$5:$S$260,$A$5:$A$260,A12)*100 -> 2.99032 | U12: =(N12-T12)/100*H12 -> -3.0246052e+08 | V12: =Población!L12 -> 3991333 | W12: =E12*V12 -> 4152260.5 | X12: =W12/SUMIFS($W$5:$W$260,$A$5:$A$260,A12)*100 -> 2.996292 | Y12: =(N12-X12)/100*H12 -> -3.339467e+08 | Z12: =Población!M12 -> 3985958 | AA12: =E12*Z12 -> 4146668.8 | AB12: =AA12/SUMIFS($AA$5:$AA$260,$A$5:$A$260,A12)*100 -> 2.9872337 | AC12: =(N12-AB12)/100*H12 -> -2.8618873e+08
A13: FGP primera parte (60%) | B13: Ciudad de México | C13: 4710565535 | D13: 5021817466 | E13: =IF(D13="",C13,D13/C13) -> 1.0660753 | F13: 9336468 | G13: =Población!D13 -> 9216407 | H13: ='Fondos 2027'!$B$20 -> 5.2723346e+11 | I13: =E13*F13 -> 9953377.7 | J13: =E13*G13 -> 9825383.7 | K13: =I13/SUMIFS($I$5:$I$260,$A$5:$A$260,A13)*100 -> 7.1747511 | L13: 7.174751 | M13: =K13-L13 -> 7.8337659e-08 | N13: =J13/SUMIFS($J$5:$J$260,$A$5:$A$260,A13)*100 -> 7.0955218 | O13: =K13/100*H13 -> 3.7827689e+10 | P13: =N13/100*H13 -> 3.7409965e+10 | Q13: =P13-O13 -> -4.1772309e+08 | R13: =Población!K13 -> 9350964 | S13: =E13*R13 -> 9968831.6 | T13: =S13/SUMIFS($S$5:$S$260,$A$5:$A$260,A13)*100 -> 7.2068399 | U13: =(N13-T13)/100*H13 -> -5.8690615e+08 | V13: =Población!L13 -> 9319955 | W13: =E13*V13 -> 9935773.6 | X13: =W13/SUMIFS($W$5:$W$260,$A$5:$A$260,A13)*100 -> 7.169704 | Y13: =(N13-X13)/100*H13 -> -3.9111296e+08 | Z13: =Población!M13 -> 9296753 | AA13: =E13*Z13 -> 9911038.5 | AB13: =AA13/SUMIFS($AA$5:$AA$260,$A$5:$A$260,A13)*100 -> 7.1398489 | AC13: =(N13-AB13)/100*H13 -> -2.3370721e+08
A14: FGP primera parte (60%) | B14: Durango | C14: 412994711 | D14: 454692285 | E14: =IF(D14="",C14,D14/C14) -> 1.1009639 | F14: 1968132 | G14: =Población!D14 -> 1943290 | H14: ='Fondos 2027'!$B$20 -> 5.2723346e+11 | I14: =E14*F14 -> 2166842.4 | J14: =E14*G14 -> 2139492.2 | K14: =I14/SUMIFS($I$5:$I$260,$A$5:$A$260,A14)*100 -> 1.5619376 | L14: 1.561938 | M14: =K14-L14 -> -4.3248974e-07 | N14: =J14/SUMIFS($J$5:$J$260,$A$5:$A$260,A14)*100 -> 1.5450607 | O14: =K14/100*H14 -> 8.2350575e+09 | P14: =N14/100*H14 -> 8.1460768e+09 | Q14: =P14-O14 -> -88980712 | R14: =Población!K14 -> 1944614 | S14: =E14*R14 -> 2140949.9 | T14: =S14/SUMIFS($S$5:$S$260,$A$5:$A$260,A14)*100 -> 1.5477725 | U14: =(N14-T14)/100*H14 -> -14297637 | V14: =Población!L14 -> 1954301 | W14: =E14*V14 -> 2151614.9 | X14: =W14/SUMIFS($W$5:$W$260,$A$5:$A$260,A14)*100 -> 1.5526161 | Y14: =(N14-X14)/100*H14 -> -39834811 | Z14: =Población!M14 -> 1959669 | AA14: =E14*Z14 -> 2157524.9 | AB14: =AA14/SUMIFS($AA$5:$AA$260,$A$5:$A$260,A14)*100 -> 1.5542672 | AC14: =(N14-AB14)/100*H14 -> -48539828
A15: FGP primera parte (60%) | B15: Guanajuato | C15: 1413105293 | D15: 1520603357 | E15: =IF(D15="",C15,D15/C15) -> 1.0760722 | F15: 6402249 | G15: =Población!D15 -> 6446935 | H15: ='Fondos 2027'!$B$20 -> 5.2723346e+11 | I15: =E15*F15 -> 6889282.3 | J15: =E15*G15 -> 6937367.7 | K15: =I15/SUMIFS($I$5:$I$260,$A$5:$A$260,A15)*100 -> 4.9660414 | L15: 4.966041 | M15: =K15-L15 -> 3.9495094e-07 | N15: =J15/SUMIFS($J$5:$J$260,$A$5:$A$260,A15)*100 -> 5.0099055 | O15: =K15/100*H15 -> 2.6182632e+10 | P15: =N15/100*H15 -> 2.6413898e+10 | Q15: =P15-O15 -> 2.3126639e+08 | R15: =Población!K15 -> 6345807 | S15: =E15*R15 -> 6828546.7 | T15: =S15/SUMIFS($S$5:$S$260,$A$5:$A$260,A15)*100 -> 4.9366109 | U15: =(N15-T15)/100*H15 -> 3.8643376e+08 | V15: =Población!L15 -> 6376710 | W15: =E15*V15 -> 6861800.5 | X15: =W15/SUMIFS($W$5:$W$260,$A$5:$A$260,A15)*100 -> 4.9515096 | Y15: =(N15-X15)/100*H15 -> 3.0788297e+08 | Z15: =Población!M15 -> 6432483 | AA15: =E15*Z15 -> 6921816.3 | AB15: =AA15/SUMIFS($AA$5:$AA$260,$A$5:$A$260,A15)*100 -> 4.9864323 | AC15: =(N15-AB15)/100*H15 -> 1.237588e+08
A16: FGP primera parte (60%) | B16: Guerrero | C16: 407085984 | D16: 432049345 | E16: =IF(D16="",C16,D16/C16) -> 1.0613221 | F16: 3569633 | G16: =Población!D16 -> 3418902 | H16: ='Fondos 2027'!$B$20 -> 5.2723346e+11 | I16: =E16*F16 -> 3788530.3 | J16: =E16*G16 -> 3628556.2 | K16: =I16/SUMIFS($I$5:$I$260,$A$5:$A$260,A16)*100 -> 2.7309083 | L16: 2.730908 | M16: =K16-L16 -> 3.2660808e-07 | N16: =J16/SUMIFS($J$5:$J$260,$A$5:$A$260,A16)*100 -> 2.6204066 | O16: =K16/100*H16 -> 1.4398263e+10 | P16: =N16/100*H16 -> 1.381566e+10 | Q16: =P16-O16 -> -5.8260234e+08 | R16: =Población!K16 -> 3606579 | S16: =E16*R16 -> 3827741.9 | T16: =S16/SUMIFS($S$5:$S$260,$A$5:$A$260,A16)*100 -> 2.7672173 | U16: =(N16-T16)/100*H16 -> -7.7403553e+08 | V16: =Población!L16 -> 3578620 | W16: =E16*V16 -> 3798068.4 | X16: =W16/SUMIFS($W$5:$W$260,$A$5:$A$260,A16)*100 -> 2.7407052 | Y16: =(N16-X16)/100*H16 -> -6.3425465e+08 | Z16: =Población!M16 -> 3538257 | AA16: =E16*Z16 -> 3755230.3 | AB16: =AA16/SUMIFS($AA$5:$AA$260,$A$5:$A$260,A16)*100 -> 2.7052439 | AC16: =(N16-AB16)/100*H16 -> -4.4729109e+08
... A36: FGP primera parte (60%) | B36: Zacatecas | C36: 306036555 | D36: 347383977 | E36: =IF(D36="",C36,D36/C36) -> 1.1351062 | F36: 1689186 | G36: =Población!D36 -> 1686419 | H36: ='Fondos 2027'!$B$20 -> 5.2723346e+11 | I36: =E36*F36 -> 1917405.4 | J36: =E36*G36 -> 1914264.6 | K36: =I36/SUMIFS($I$5:$I$260,$A$5:$A$260,A36)*100 -> 1.3821345 | L36: 1.382134 | M36: =K36-L36 -> 4.8879539e-07 | N36: =J36/SUMIFS($J$5:$J$260,$A$5:$A$260,A36)*100 -> 1.3824097 | O36: =K36/100*H36 -> 7.2870755e+09 | P36: =N36/100*H36 -> 7.2885268e+09 | Q36: =P36-O36 -> 1451264 | R36: =Población!K36 -> 1695685 | S36: =E36*R36 -> 1924782.5 | T36: =S36/SUMIFS($S$5:$S$260,$A$5:$A$260,A36)*100 -> 1.391497 | U36: =(N36-T36)/100*H36 -> -47911022 | V36: =Población!L36 -> 1703991 | W36: =E36*V36 -> 1934210.7 | X36: =W36/SUMIFS($W$5:$W$260,$A$5:$A$260,A36)*100 -> 1.3957361 | Y36: =(N36-X36)/100*H36 -> -70260962 | Z36: =Población!M36 -> 1695141 | AA36: =E36*Z36 -> 1924165 | AB36: =AA36/SUMIFS($AA$5:$AA$260,$A$5:$A$260,A36)*100 -> 1.3861562 | AC36: =(N36-AB36)/100*H36 -> -19752398
A37: FGP segunda parte (30%) | B37: Aguascalientes | C37: 1531396 | D37: 1737186 | E37: =IF(D37="",C37,D37/C37) -> 1.1343807 | F37: 1531396 | G37: =Población!D5 -> 1539174 | H37: ='Fondos 2027'!$B$21 -> 2.6361673e+11 | I37: =E37*F37 -> 1737186 | J37: =E37*G37 -> 1746009.2 | K37: =I37/SUMIFS($I$5:$I$260,$A$5:$A$260,A37)*100 -> 1.1856771 | L37: 1.185677 | M37: =K37-L37 -> 8.0169534e-08 | N37: =J37/SUMIFS($J$5:$J$260,$A$5:$A$260,A37)*100 -> 1.193922 | O37: =K37/100*H37 -> 3.1256432e+09 | P37: =N37/100*H37 -> 3.1473781e+09 | Q37: =P37-O37 -> 21734912 | R37: =Población!K5 -> 1503564 | S37: =E37*R37 -> 1705613.9 | T37: =S37/SUMIFS($S$5:$S$260,$A$5:$A$260,A37)*100 -> 1.1676459 | U37: =(N37-T37)/100*H37 -> 69267997 | V37: =Población!L5 -> 1519678 | W37: =E37*V37 -> 1723893.3 | X37: =W37/SUMIFS($W$5:$W$260,$A$5:$A$260,A37)*100 -> 1.1779901 | Y37: =(N37-X37)/100*H37 -> 41998960 | Z37: =Población!M5 -> 1558219 | AA37: =E37*Z37 -> 1767613.5 | AB37: =AA37/SUMIFS($AA$5:$AA$260,$A$5:$A$260,A37)*100 -> 1.2057433 | AC37: =(N37-AB37)/100*H37 -> -31163093
A38: FGP segunda parte (30%) | B38: Baja California | C38: 3830329 | D38: 4447138 | E38: =IF(D38="",C38,D38/C38) -> 1.1610329 | F38: 3830329 | G38: =Población!D6 -> 4009678 | H38: ='Fondos 2027'!$B$21 -> 2.6361673e+11 | I38: =E38*F38 -> 4447138 | J38: =E38*G38 -> 4655368.1 | K38: =I38/SUMIFS($I$5:$I$260,$A$5:$A$260,A38)*100 -> 3.0352936 | L38: 3.035293 | M38: =K38-L38 -> 6.2943921e-07 | N38: =J38/SUMIFS($J$5:$J$260,$A$5:$A$260,A38)*100 -> 3.183343 | O38: =K38/100*H38 -> 8.0015418e+09 | P38: =N38/100*H38 -> 8.3918248e+09 | Q38: =P38-O38 -> 3.9028297e+08 | R38: =Población!K6 -> 3778283 | S38: =E38*R38 -> 4386710.9 | T38: =S38/SUMIFS($S$5:$S$260,$A$5:$A$260,A38)*100 -> 3.0030977 | U38: =(N38-T38)/100*H38 -> 4.7515691e+08 | V38: =Población!L6 -> 3790412 | W38: =E38*V38 -> 4400793 | X38: =W38/SUMIFS($W$5:$W$260,$A$5:$A$260,A38)*100 -> 3.0071993 | Y38: =(N38-X38)/100*H38 -> 4.6434427e+08 | Z38: =Población!M6 -> 3862801 | AA38: =E38*Z38 -> 4484839.1 | AB38: =AA38/SUMIFS($AA$5:$AA$260,$A$5:$A$260,A38)*100 -> 3.0592462 | AC38: =(N38-AB38)/100*H38 -> 3.2714007e+08
A39: FGP segunda parte (30%) | B39: Baja California Sur | C39: 928591 | D39: 1017323 | E39: =IF(D39="",C39,D39/C39) -> 1.0955555 | F39: 928591 | G39: =Población!D7 -> 961514 | H39: ='Fondos 2027'!$B$21 -> 2.6361673e+11 | I39: =E39*F39 -> 1017323 | J39: =E39*G39 -> 1053392 | K39: =I39/SUMIFS($I$5:$I$260,$A$5:$A$260,A39)*100 -> 0.69435084 | L39: 0.694351 | M39: =K39-L39 -> -1.5660769e-07 | N39: =J39/SUMIFS($J$5:$J$260,$A$5:$A$260,A39)*100 -> 0.72030996 | O39: =K39/100*H39 -> 1.830425e+09 | P39: =N39/100*H39 -> 1.8988576e+09 | Q39: =P39-O39 -> 68432569 | R39: =Población!K7 -> 881164 | S39: =E39*R39 -> 965364.09 | T39: =S39/SUMIFS($S$5:$S$260,$A$5:$A$260,A39)*100 -> 0.66087844 | U39: =(N39-T39)/100*H39 -> 1.5667143e+08 | V39: =Población!L7 -> 906940 | W39: =E39*V39 -> 993603.13 | X39: =W39/SUMIFS($W$5:$W$260,$A$5:$A$260,A39)*100 -> 0.67896005 | Y39: =(N39-X39)/100*H39 -> 1.0900529e+08 | Z39: =Población!M7 -> 960359 | AA39: =E39*Z39 -> 1052126.6 | AB39: =AA39/SUMIFS($AA$5:$AA$260,$A$5:$A$260,A39)*100 -> 0.7176878 | AC39: =(N39-AB39)/100*H39 -> 6912437.3
A40: FGP segunda parte (30%) | B40: Campeche | C40: 935371 | D40: 971973 | E40: =IF(D40="",C40,D40/C40) -> 1.039131 | F40: 935371 | G40: =Población!D8 -> 968673 | H40: ='Fondos 2027'!$B$21 -> 2.6361673e+11 | I40: =E40*F40 -> 971973 | J40: =E40*G40 -> 1006578.1 | K40: =I40/SUMIFS($I$5:$I$260,$A$5:$A$260,A40)*100 -> 0.66339822 | L40: 0.663398 | M40: =K40-L40 -> 2.2485538e-07 | N40: =J40/SUMIFS($J$5:$J$260,$A$5:$A$260,A40)*100 -> 0.68829863 | O40: =K40/100*H40 -> 1.7488287e+09 | P40: =N40/100*H40 -> 1.8144704e+09 | Q40: =P40-O40 -> 65641647 | R40: =Población!K8 -> 925978 | S40: =E40*R40 -> 962212.44 | T40: =S40/SUMIFS($S$5:$S$260,$A$5:$A$260,A40)*100 -> 0.65872086 | U40: =(N40-T40)/100*H40 -> 77971976 | V40: =Población!L8 -> 918817 | W40: =E40*V40 -> 954771.23 | X40: =W40/SUMIFS($W$5:$W$260,$A$5:$A$260,A40)*100 -> 0.65242499 | Y40: =(N40-X40)/100*H40 -> 94568919 | Z40: =Población!M8 -> 952094 | AA40: =E40*Z40 -> 989350.39 | AB40: =AA40/SUMIFS($AA$5:$AA$260,$A$5:$A$260,A40)*100 -> 0.67486622 | AC40: =(N40-AB40)/100*H40 -> 35410093
A41: FGP segunda parte (30%) | B41: Coahuila | C41: 3590747 | D41: 4181500 | E41: =IF(D41="",C41,D41/C41) -> 1.1645209 | F41: 3590747 | G41: =Población!D9 -> 3415128 | H41: ='Fondos 2027'!$B$21 -> 2.6361673e+11 | I41: =E41*F41 -> 4181500 | J41: =E41*G41 -> 3976988 | K41: =I41/SUMIFS($I$5:$I$260,$A$5:$A$260,A41)*100 -> 2.8539884 | L41: 2.853989 | M41: =K41-L41 -> -5.8958862e-07 | N41: =J41/SUMIFS($J$5:$J$260,$A$5:$A$260,A41)*100 -> 2.7194664 | O41: =K41/100*H41 -> 7.523591e+09 | P41: =N41/100*H41 -> 7.1689684e+09 | Q41: =P41-O41 -> -3.5462258e+08 | R41: =Población!K9 -> 3452989 | S41: =E41*R41 -> 4021077.9 | T41: =S41/SUMIFS($S$5:$S$260,$A$5:$A$260,A41)*100 -> 2.7527891 | U41: =(N41-T41)/100*H41 -> -87844176 | V41: =Población!L9 -> 3582441 | W41: =E41*V41 -> 4171827.5 | X41: =W41/SUMIFS($W$5:$W$260,$A$5:$A$260,A41)*100 -> 2.85074 | Y41: =(N41-X41)/100*H41 -> -3.4605923e+08 | Z41: =Población!M9 -> 3510963 | AA41: =E41*Z41 -> 4088589.9 | AB41: =AA41/SUMIFS($AA$5:$AA$260,$A$5:$A$260,A41)*100 -> 2.7889524 | AC41: =(N41-AB41)/100*H41 -> -1.831769e+08
A42: FGP segunda parte (30%) | B42: Colima | C42: 762355 | D42: 837762 | E42: =IF(D42="",C42,D42/C42) -> 1.0989132 | F42: 762355 | G42: =Población!D10 -> 762212 | H42: ='Fondos 2027'!$B$21 -> 2.6361673e+11 | I42: =E42*F42 -> 837762 | J42: =E42*G42 -> 837604.86 | K42: =I42/SUMIFS($I$5:$I$260,$A$5:$A$260,A42)*100 -> 0.57179554 | L42: 0.571796 | M42: =K42-L42 -> -4.628284e-07 | N42: =J42/SUMIFS($J$5:$J$260,$A$5:$A$260,A42)*100 -> 0.57275462 | O42: =K42/100*H42 -> 1.5073487e+09 | P42: =N42/100*H42 -> 1.509877e+09 | Q42: =P42-O42 -> 2528297.8 | R42: =Población!K10 -> 728776 | S42: =E42*R42 -> 800861.59 | T42: =S42/SUMIFS($S$5:$S$260,$A$5:$A$260,A42)*100 -> 0.5482617 | U42: =(N42-T42)/100*H42 -> 64567421 | V42: =Población!L10 -> 745394 | W42: =E42*V42 -> 819123.33 | X42: =W42/SUMIFS($W$5:$W$260,$A$5:$A$260,A42)*100 -> 0.55973255 | Y42: =(N42-X42)/100*H42 -> 34328343 | Z42: =Población!M10 -> 771093 | AA42: =E42*Z42 -> 847364.3 | AB42: =AA42/SUMIFS($AA$5:$AA$260,$A$5:$A$260,A42)*100 -> 0.57801316 | AC42: =(N42-AB42)/100*H42 -> -13862398
A43: FGP segunda parte (30%) | B43: Chiapas | C43: 5891372 | D43: 7259797 | E43: =IF(D43="",C43,D43/C43) -> 1.2322761 | F43: 5891372 | G43: =Población!D11 -> 5860728 | H43: ='Fondos 2027'!$B$21 -> 2.6361673e+11 | I43: =E43*F43 -> 7259797 | J43: =E43*G43 -> 7222035.1 | K43: =I43/SUMIFS($I$5:$I$260,$A$5:$A$260,A43)*100 -> 4.9550105 | L43: 4.955011 | M43: =K43-L43 -> -4.7747475e-07 | N43: =J43/SUMIFS($J$5:$J$260,$A$5:$A$260,A43)*100 -> 4.9384312 | O43: =K43/100*H43 -> 1.3062237e+10 | P43: =N43/100*H43 -> 1.3018531e+10 | Q43: =P43-O43 -> -43705799 | R43: =Población!K11 -> 5975155 | S43: =E43*R43 -> 7363040.8 | T43: =S43/SUMIFS($S$5:$S$260,$A$5:$A$260,A43)*100 -> 5.0406629 | U43: =(N43-T43)/100*H43 -> -2.694997e+08 | V43: =Población!L11 -> 5900473 | W43: =E43*V43 -> 7271011.9 | X43: =W43/SUMIFS($W$5:$W$260,$A$5:$A$260,A43)*100 -> 4.9685095 | Y43: =(N43-X43)/100*H43 -> -79291419 | Z43: =Población!M11 -> 5885528 | AA43: =E43*Z43 -> 7252595.6 | AB43: =AA43/SUMIFS($AA$5:$AA$260,$A$5:$A$260,A43)*100 -> 4.9472177 | AC43: =(N43-AB43)/100*H43 -> -23162649
A44: FGP segunda parte (30%) | B44: Chihuahua | C44: 4015493 | D44: 4358240 | E44: =IF(D44="",C44,D44/C44) -> 1.0853561 | F44: 4015493 | G44: =Población!D12 -> 3903944 | H44: ='Fondos 2027'!$B$21 -> 2.6361673e+11 | I44: =E44*F44 -> 4358240 | J44: =E44*G44 -> 4237169.6 | K44: =I44/SUMIFS($I$5:$I$260,$A$5:$A$260,A44)*100 -> 2.9746183 | L44: 2.974618 | M44: =K44-L44 -> 3.0677778e-07 | N44: =J44/SUMIFS($J$5:$J$260,$A$5:$A$260,A44)*100 -> 2.8973787 | O44: =K44/100*H44 -> 7.8415915e+09 | P44: =N44/100*H44 -> 7.637975e+09 | Q44: =P44-O44 -> -2.0361655e+08 | R44: =Población!K12 -> 3976037 | S44: =E44*R44 -> 4315416.2 | T44: =S44/SUMIFS($S$5:$S$260,$A$5:$A$260,A44)*100 -> 2.95429 | U44: =(N44-T44)/100*H44 -> -1.5002785e+08 | V44: =Población!L12 -> 3991333 | W44: =E44*V44 -> 4332017.8 | X44: =W44/SUMIFS($W$5:$W$260,$A$5:$A$260,A44)*100 -> 2.960203 | Y44: =(N44-X44)/100*H44 -> -1.6561549e+08 | Z44: =Población!M12 -> 3985958 | AA44: =E44*Z44 -> 4326184 | AB44: =AA44/SUMIFS($AA$5:$AA$260,$A$5:$A$260,A44)*100 -> 2.9510227 | AC44: =(N44-AB44)/100*H44 -> -1.4141457e+08
A45: FGP segunda parte (30%) | B45: Ciudad de México | C45: 9336468 | D45: 10671518 | E45: =IF(D45="",C45,D45/C45) -> 1.142993 | F45: 9336468 | G45: =Población!D13 -> 9216407 | H45: ='Fondos 2027'!$B$21 -> 2.6361673e+11 | I45: =E45*F45 -> 10671518 | J45: =E45*G45 -> 10534289 | K45: =I45/SUMIFS($I$5:$I$260,$A$5:$A$260,A45)*100 -> 7.2836037 | L45: 7.283604 | M45: =K45-L45 -> -3.4258126e-07 | N45: =J45/SUMIFS($J$5:$J$260,$A$5:$A$260,A45)*100 -> 7.2033522 | O45: =K45/100*H45 -> 1.9200798e+10 | P45: =N45/100*H45 -> 1.8989241e+10 | Q45: =P45-O45 -> -2.115564e+08 | R45: =Población!K13 -> 9350964 | S45: =E45*R45 -> 10688087 | T45: =S45/SUMIFS($S$5:$S$260,$A$5:$A$260,A45)*100 -> 7.3169556 | U45: =(N45-T45)/100*H45 -> -2.9947763e+08 | V45: =Población!L13 -> 9319955 | W45: =E45*V45 -> 10652644 | X45: =W45/SUMIFS($W$5:$W$260,$A$5:$A$260,A45)*100 -> 7.2792841 | Y45: =(N45-X45)/100*H45 -> -2.0016943e+08 | Z45: =Población!M13 -> 9296753 | AA45: =E45*Z45 -> 10626124 | AB45: =AA45/SUMIFS($AA$5:$AA$260,$A$5:$A$260,A45)*100 -> 7.2484049 | AC45: =(N45-AB45)/100*H45 -> -1.1876647e+08
A46: FGP segunda parte (30%) | B46: Durango | C46: 1968132 | D46: 2306397 | E46: =IF(D46="",C46,D46/C46) -> 1.1718711 | F46: 1968132 | G46: =Población!D14 -> 1943290 | H46: ='Fondos 2027'!$B$21 -> 2.6361673e+11 | I46: =E46*F46 -> 2306397 | J46: =E46*G46 -> 2277285.4 | K46: =I46/SUMIFS($I$5:$I$260,$A$5:$A$260,A46)*100 -> 1.5741792 | L46: 1.574179 | M46: =K46-L46 -> 1.9593629e-07 | N46: =J46/SUMIFS($J$5:$J$260,$A$5:$A$260,A46)*100 -> 1.5572089 | O46: =K46/100*H46 -> 4.1497997e+09 | P46: =N46/100*H46 -> 4.1050631e+09 | Q46: =P46-O46 -> -44736597 | R46: =Población!K14 -> 1944614 | S46: =E46*R46 -> 2278836.9 | T46: =S46/SUMIFS($S$5:$S$260,$A$5:$A$260,A46)*100 -> 1.5600686 | U46: =(N46-T46)/100*H46 -> -7538696.3 | V46: =Población!L14 -> 1954301 | W46: =E46*V46 -> 2290188.9 | X46: =W46/SUMIFS($W$5:$W$260,$A$5:$A$260,A46)*100 -> 1.5649576 | Y46: =(N46-X46)/100*H46 -> -20426822 | Z46: =Población!M14 -> 1959669 | AA46: =E46*Z46 -> 2296479.5 | AB46: =AA46/SUMIFS($AA$5:$AA$260,$A$5:$A$260,A46)*100 -> 1.566499 | AC46: =(N46-AB46)/100*H46 -> -24490358
A47: FGP segunda parte (30%) | B47: Guanajuato | C47: 6402249 | D47: 6991678 | E47: =IF(D47="",C47,D47/C47) -> 1.0920659 | F47: 6402249 | G47: =Población!D15 -> 6446935 | H47: ='Fondos 2027'!$B$21 -> 2.6361673e+11 | I47: =E47*F47 -> 6991678 | J47: =E47*G47 -> 7040478.1 | K47: =I47/SUMIFS($I$5:$I$260,$A$5:$A$260,A47)*100 -> 4.772012 | L47: 4.772012 | M47: =K47-L47 -> -4.7033783e-08 | N47: =J47/SUMIFS($J$5:$J$260,$A$5:$A$260,A47)*100 -> 4.8142824 | O47: =K47/100*H47 -> 1.2579822e+10 | P47: =N47/100*H47 -> 1.2691254e+10 | Q47: =P47-O47 -> 1.11432e+08 | R47: =Población!K15 -> 6345807 | S47: =E47*R47 -> 6930039.6 | T47: =S47/SUMIFS($S$5:$S$260,$A$5:$A$260,A47)*100 -> 4.7442347 | U47: =(N47-T47)/100*H47 -> 1.8465759e+08 | V47: =Población!L15 -> 6376710 | W47: =E47*V47 -> 6963787.7 | X47: =W47/SUMIFS($W$5:$W$260,$A$5:$A$260,A47)*100 -> 4.7585736 | Y47: =(N47-X47)/100*H47 -> 1.4685769e+08 | Z47: =Población!M15 -> 6432483 | AA47: =E47*Z47 -> 7024695.5 | AB47: =AA47/SUMIFS($AA$5:$AA$260,$A$5:$A$260,A47)*100 -> 4.7917601 | AC47: =(N47-AB47)/100*H47 -> 59372577
A48: FGP segunda parte (30%) | B48: Guerrero | C48: 3569633 | D48: 4028357 | E48: =IF(D48="",C48,D48/C48) -> 1.1285073 | F48: 3569633 | G48: =Población!D16 -> 3418902 | H48: ='Fondos 2027'!$B$21 -> 2.6361673e+11 | I48: =E48*F48 -> 4028357 | J48: =E48*G48 -> 3858256 | K48: =I48/SUMIFS($I$5:$I$260,$A$5:$A$260,A48)*100 -> 2.7494641 | L48: 2.749464 | M48: =K48-L48 -> 1.135955e-07 | N48: =J48/SUMIFS($J$5:$J$260,$A$5:$A$260,A48)*100 -> 2.6382774 | O48: =K48/100*H48 -> 7.2480474e+09 | P48: =N48/100*H48 -> 6.9549405e+09 | Q48: =P48-O48 -> -2.9310691e+08 | R48: =Población!K16 -> 3606579 | S48: =E48*R48 -> 4070050.8 | T48: =S48/SUMIFS($S$5:$S$260,$A$5:$A$260,A48)*100 -> 2.7863154 | U48: =(N48-T48)/100*H48 -> -3.9025311e+08 | V48: =Población!L16 -> 3578620 | W48: =E48*V48 -> 4038498.9 | X48: =W48/SUMIFS($W$5:$W$260,$A$5:$A$260,A48)*100 -> 2.7596324 | Y48: =(N48-X48)/100*H48 -> -3.1991224e+08 | Z48: =Población!M16 -> 3538257 | AA48: =E48*Z48 -> 3992949 | AB48: =AA48/SUMIFS($AA$5:$AA$260,$A$5:$A$260,A48)*100 -> 2.7237129 | AC48: =(N48-AB48)/100*H48 -> -2.2522227e+08
... A68: FGP segunda parte (30%) | B68: Zacatecas | C68: 1689186 | D68: 1865255 | E68: =IF(D68="",C68,D68/C68) -> 1.104233 | F68: 1689186 | G68: =Población!D36 -> 1686419 | H68: ='Fondos 2027'!$B$21 -> 2.6361673e+11 | I68: =E68*F68 -> 1865255 | J68: =E68*G68 -> 1862199.6 | K68: =I68/SUMIFS($I$5:$I$260,$A$5:$A$260,A68)*100 -> 1.2730877 | L68: 1.273088 | M68: =K68-L68 -> -3.1556573e-07 | N68: =J68/SUMIFS($J$5:$J$260,$A$5:$A$260,A68)*100 -> 1.273373 | O68: =K68/100*H68 -> 3.3560721e+09 | P68: =N68/100*H68 -> 3.3568243e+09 | Q68: =P68-O68 -> 752157.98 | R68: =Población!K36 -> 1695685 | S68: =E68*R68 -> 1872431.4 | T68: =S68/SUMIFS($S$5:$S$260,$A$5:$A$260,A68)*100 -> 1.2818475 | U68: =(N68-T68)/100*H68 -> -22340198 | V68: =Población!L36 -> 1703991 | W68: =E68*V68 -> 1881603.2 | X68: =W68/SUMIFS($W$5:$W$260,$A$5:$A$260,A68)*100 -> 1.2857582 | Y68: =(N68-X68)/100*H68 -> -32649454 | Z68: =Población!M36 -> 1695141 | AA68: =E68*Z68 -> 1871830.7 | AB68: =AA68/SUMIFS($AA$5:$AA$260,$A$5:$A$260,A68)*100 -> 1.2768331 | AC68: =(N68-AB68)/100*H68 -> -9121361.6
A69: FGP tercera parte (10%) | B69: Aguascalientes | C69: 5999239609 | E69: =IF(D69="",C69,D69/C69) -> 5999239609 | F69: 1531396 | G69: =Población!D5 -> 1539174 | H69: ='Fondos 2027'!$B$22 -> 8.7872244e+10 | I69: =E69*F69 -> 9.1872115e+15 | J69: =E69*G69 -> 9.2338736e+15 | K69: =I69/SUMIFS($I$5:$I$260,$A$5:$A$260,A69)*100 -> 0.25028247 | L69: 0.250282 | M69: =K69-L69 -> 4.6893388e-07 | N69: =J69/SUMIFS($J$5:$J$260,$A$5:$A$260,A69)*100 -> 0.25267134 | O69: =K69/100*H69 -> 2.1992882e+08 | P69: =N69/100*H69 -> 2.2202797e+08 | Q69: =P69-O69 -> 2099150.8 | R69: =Población!K5 -> 1503564 | S69: =E69*R69 -> 9.0202407e+15 | T69: =S69/SUMIFS($S$5:$S$260,$A$5:$A$260,A69)*100 -> 0.24627695 | U69: =(N69-T69)/100*H69 -> 5618893.4 | V69: =Población!L5 -> 1519678 | W69: =E69*V69 -> 9.1169125e+15 | X69: =W69/SUMIFS($W$5:$W$260,$A$5:$A$260,A69)*100 -> 0.24841432 | Y69: =(N69-X69)/100*H69 -> 3740732 | Z69: =Población!M5 -> 1558219 | AA69: =E69*Z69 -> 9.3481291e+15 | AB69: =AA69/SUMIFS($AA$5:$AA$260,$A$5:$A$260,A69)*100 -> 0.25488298 | AC69: =(N69-AB69)/100*H69 -> -1943424
A70: FGP tercera parte (10%) | B70: Baja California | C70: 32050362891 | E70: =IF(D70="",C70,D70/C70) -> 32050362891 | F70: 3830329 | G70: =Población!D6 -> 4009678 | H70: ='Fondos 2027'!$B$22 -> 8.7872244e+10 | I70: =E70*F70 -> 1.2276343e+17 | J70: =E70*G70 -> 1.2851163e+17 | K70: =I70/SUMIFS($I$5:$I$260,$A$5:$A$260,A70)*100 -> 3.344381 | L70: 3.344381 | M70: =K70-L70 -> -2.735477e-08 | N70: =J70/SUMIFS($J$5:$J$260,$A$5:$A$260,A70)*100 -> 3.5165314 | O70: =K70/100*H70 -> 2.9387826e+09 | P70: =N70/100*H70 -> 3.090055e+09 | Q70: =P70-O70 -> 1.5127243e+08 | R70: =Población!K6 -> 3778283 | S70: =E70*R70 -> 1.2109534e+17 | T70: =S70/SUMIFS($S$5:$S$260,$A$5:$A$260,A70)*100 -> 3.30623 | U70: =(N70-T70)/100*H70 -> 1.8479651e+08 | V70: =Población!L6 -> 3790412 | W70: =E70*V70 -> 1.2148408e+17 | X70: =W70/SUMIFS($W$5:$W$260,$A$5:$A$260,A70)*100 -> 3.3101542 | Y70: =(N70-X70)/100*H70 -> 1.8134831e+08 | Z70: =Población!M6 -> 3862801 | AA70: =E70*Z70 -> 1.2380417e+17 | AB70: =AA70/SUMIFS($AA$5:$AA$260,$A$5:$A$260,A70)*100 -> 3.3756035 | AC70: =(N70-AB70)/100*H70 -> 1.2383653e+08
A71: FGP tercera parte (10%) | B71: Baja California Sur | C71: 6240882605 | E71: =IF(D71="",C71,D71/C71) -> 6240882605 | F71: 928591 | G71: =Población!D7 -> 961514 | H71: ='Fondos 2027'!$B$22 -> 8.7872244e+10 | I71: =E71*F71 -> 5.7952274e+15 | J71: =E71*G71 -> 6.000696e+15 | K71: =I71/SUMIFS($I$5:$I$260,$A$5:$A$260,A71)*100 -> 0.15787639 | L71: 0.157876 | M71: =K71-L71 -> 3.9373696e-07 | N71: =J71/SUMIFS($J$5:$J$260,$A$5:$A$260,A71)*100 -> 0.1642002 | O71: =K71/100*H71 -> 1.3872953e+08 | P71: =N71/100*H71 -> 1.442864e+08 | Q71: =P71-O71 -> 5556868.2 | R71: =Población!K7 -> 881164 | S71: =E71*R71 -> 5.4992411e+15 | T71: =S71/SUMIFS($S$5:$S$260,$A$5:$A$260,A71)*100 -> 0.15014414 | U71: =(N71-T71)/100*H71 -> 12351371 | V71: =Población!L7 -> 906940 | W71: =E71*V71 -> 5.6601061e+15 | X71: =W71/SUMIFS($W$5:$W$260,$A$5:$A$260,A71)*100 -> 0.15422452 | Y71: =(N71-X71)/100*H71 -> 8765854 | Z71: =Población!M7 -> 960359 | AA71: =E71*Z71 -> 5.9934878e+15 | AB71: =AA71/SUMIFS($AA$5:$AA$260,$A$5:$A$260,A71)*100 -> 0.16341645 | AC71: =(N71-AB71)/100*H71 -> 688699.86
A72: FGP tercera parte (10%) | B72: Campeche | C72: 3313630825 | E72: =IF(D72="",C72,D72/C72) -> 3313630825 | F72: 935371 | G72: =Población!D8 -> 968673 | H72: ='Fondos 2027'!$B$22 -> 8.7872244e+10 | I72: =E72*F72 -> 3.0994742e+15 | J72: =E72*G72 -> 3.2098247e+15 | K72: =I72/SUMIFS($I$5:$I$260,$A$5:$A$260,A72)*100 -> 0.084437378 | L72: 0.084437 | M72: =K72-L72 -> 3.7758402e-07 | N72: =J72/SUMIFS($J$5:$J$260,$A$5:$A$260,A72)*100 -> 0.08783212 | O72: =K72/100*H72 -> 74197018 | P72: =N72/100*H72 -> 77180055 | Q72: =P72-O72 -> 2983036.4 | R72: =Población!K8 -> 925978 | S72: =E72*R72 -> 3.0683492e+15 | T72: =S72/SUMIFS($S$5:$S$260,$A$5:$A$260,A72)*100 -> 0.083774226 | U72: =(N72-T72)/100*H72 -> 3565762.7 | V72: =Población!L8 -> 918817 | W72: =E72*V72 -> 3.0446203e+15 | X72: =W72/SUMIFS($W$5:$W$260,$A$5:$A$260,A72)*100 -> 0.082958711 | Y72: =(N72-X72)/100*H72 -> 4282374.3 | Z72: =Población!M8 -> 952094 | AA72: =E72*Z72 -> 3.154888e+15 | AB72: =AA72/SUMIFS($AA$5:$AA$260,$A$5:$A$260,A72)*100 -> 0.086020129 | AC72: =(N72-AB72)/100*H72 -> 1592237.6
A73: FGP tercera parte (10%) | B73: Coahuila | C73: 16399735233 | E73: =IF(D73="",C73,D73/C73) -> 16399735233 | F73: 3590747 | G73: =Población!D9 -> 3415128 | H73: ='Fondos 2027'!$B$22 -> 8.7872244e+10 | I73: =E73*F73 -> 5.88873e+16 | J73: =E73*G73 -> 5.6007195e+16 | K73: =I73/SUMIFS($I$5:$I$260,$A$5:$A$260,A73)*100 -> 1.6042364 | L73: 1.604236 | M73: =K73-L73 -> 3.6600224e-07 | N73: =J73/SUMIFS($J$5:$J$260,$A$5:$A$260,A73)*100 -> 1.5325543 | O73: =K73/100*H73 -> 1.4096785e+09 | P73: =N73/100*H73 -> 1.3466899e+09 | Q73: =P73-O73 -> -62988637 | R73: =Población!K9 -> 3452989 | S73: =E73*R73 -> 5.6628105e+16 | T73: =S73/SUMIFS($S$5:$S$260,$A$5:$A$260,A73)*100 -> 1.5461003 | U73: =(N73-T73)/100*H73 -> -11903172 | V73: =Población!L9 -> 3582441 | W73: =E73*V73 -> 5.8751084e+16 | X73: =W73/SUMIFS($W$5:$W$260,$A$5:$A$260,A73)*100 -> 1.6008282 | Y73: =(N73-X73)/100*H73 -> -59993826 | Z73: =Población!M9 -> 3510963 | AA73: =E73*Z73 -> 5.7578864e+16 | AB73: =AA73/SUMIFS($AA$5:$AA$260,$A$5:$A$260,A73)*100 -> 1.5699262 | AC73: =(N73-AB73)/100*H73 -> -32839491
A74: FGP tercera parte (10%) | B74: Colima | C74: 3126852128 | E74: =IF(D74="",C74,D74/C74) -> 3126852128 | F74: 762355 | G74: =Población!D10 -> 762212 | H74: ='Fondos 2027'!$B$22 -> 8.7872244e+10 | I74: =E74*F74 -> 2.3837714e+15 | J74: =E74*G74 -> 2.3833242e+15 | K74: =I74/SUMIFS($I$5:$I$260,$A$5:$A$260,A74)*100 -> 0.064939854 | L74: 0.06494 | M74: =K74-L74 -> -1.4558949e-07 | N74: =J74/SUMIFS($J$5:$J$260,$A$5:$A$260,A74)*100 -> 0.065216153 | O74: =K74/100*H74 -> 57064107 | P74: =N74/100*H74 -> 57306897 | Q74: =P74-O74 -> 242789.51 | R74: =Población!K10 -> 728776 | S74: =E74*R74 -> 2.2787748e+15 | T74: =S74/SUMIFS($S$5:$S$260,$A$5:$A$260,A74)*100 -> 0.06221671 | U74: =(N74-T74)/100*H74 -> 2635678 | V74: =Población!L10 -> 745394 | W74: =E74*V74 -> 2.3307368e+15 | X74: =W74/SUMIFS($W$5:$W$260,$A$5:$A$260,A74)*100 -> 0.063507071 | Y74: =(N74-X74)/100*H74 -> 1501808.1 | Z74: =Población!M10 -> 771093 | AA74: =E74*Z74 -> 2.4110938e+15 | AB74: =AA74/SUMIFS($AA$5:$AA$260,$A$5:$A$260,A74)*100 -> 0.065740082 | AC74: =(N74-AB74)/100*H74 -> -460388.44
A75: FGP tercera parte (10%) | B75: Chiapas | C75: 8053623880 | E75: =IF(D75="",C75,D75/C75) -> 8053623880 | F75: 5891372 | G75: =Población!D11 -> 5860728 | H75: ='Fondos 2027'!$B$22 -> 8.7872244e+10 | I75: =E75*F75 -> 4.7446894e+16 | J75: =E75*G75 -> 4.7200099e+16 | K75: =I75/SUMIFS($I$5:$I$260,$A$5:$A$260,A75)*100 -> 1.2925713 | L75: 1.292571 | M75: =K75-L75 -> 2.8540843e-07 | N75: =J75/SUMIFS($J$5:$J$260,$A$5:$A$260,A75)*100 -> 1.2915611 | O75: =K75/100*H75 -> 1.1358114e+09 | P75: =N75/100*H75 -> 1.1349237e+09 | Q75: =P75-O75 -> -887665.63 | R75: =Población!K11 -> 5975155 | S75: =E75*R75 -> 4.8121651e+16 | T75: =S75/SUMIFS($S$5:$S$260,$A$5:$A$260,A75)*100 -> 1.3138511 | U75: =(N75-T75)/100*H75 -> -19586725 | V75: =Población!L11 -> 5900473 | W75: =E75*V75 -> 4.752019e+16 | X75: =W75/SUMIFS($W$5:$W$260,$A$5:$A$260,A75)*100 -> 1.2948129 | Y75: =(N75-X75)/100*H75 -> -2857429.6 | Z75: =Población!M11 -> 5885528 | AA75: =E75*Z75 -> 4.7399829e+16 | AB75: =AA75/SUMIFS($AA$5:$AA$260,$A$5:$A$260,A75)*100 -> 1.292388 | AC75: =(N75-AB75)/100*H75 -> -726593.22
A76: FGP tercera parte (10%) | B76: Chihuahua | C76: 29378013855 | E76: =IF(D76="",C76,D76/C76) -> 29378013855 | F76: 4015493 | G76: =Población!D12 -> 3903944 | H76: ='Fondos 2027'!$B$22 -> 8.7872244e+10 | I76: =E76*F76 -> 1.1796721e+17 | J76: =E76*G76 -> 1.1469012e+17 | K76: =I76/SUMIFS($I$5:$I$260,$A$5:$A$260,A76)*100 -> 3.2137199 | L76: 3.21372 | M76: =K76-L76 -> -1.2541982e-07 | N76: =J76/SUMIFS($J$5:$J$260,$A$5:$A$260,A76)*100 -> 3.138326 | O76: =K76/100*H76 -> 2.8239678e+09 | P76: =N76/100*H76 -> 2.7577175e+09 | Q76: =P76-O76 -> -66250255 | R76: =Población!K12 -> 3976037 | S76: =E76*R76 -> 1.1680807e+17 | T76: =S76/SUMIFS($S$5:$S$260,$A$5:$A$260,A76)*100 -> 3.189176 | U76: =(N76-T76)/100*H76 -> -44682967 | V76: =Población!L12 -> 3991333 | W76: =E76*V76 -> 1.1725744e+17 | X76: =W76/SUMIFS($W$5:$W$260,$A$5:$A$260,A76)*100 -> 3.1949881 | Y76: =(N76-X76)/100*H76 -> -49790216 | Z76: =Población!M12 -> 3985958 | AA76: =E76*Z76 -> 1.1709953e+17 | AB76: =AA76/SUMIFS($AA$5:$AA$260,$A$5:$A$260,A76)*100 -> 3.1927969 | AC76: =(N76-AB76)/100*H76 -> -47864729
A77: FGP tercera parte (10%) | B77: Ciudad de México | C77: 103599810122 | E77: =IF(D77="",C77,D77/C77) -> 103599810122 | F77: 9336468 | G77: =Población!D13 -> 9216407 | H77: ='Fondos 2027'!$B$22 -> 8.7872244e+10 | I77: =E77*F77 -> 9.6725631e+17 | J77: =E77*G77 -> 9.5481802e+17 | K77: =I77/SUMIFS($I$5:$I$260,$A$5:$A$260,A77)*100 -> 26.350465 | L77: 26.350465 | M77: =K77-L77 -> 1.8748283e-07 | N77: =J77/SUMIFS($J$5:$J$260,$A$5:$A$260,A77)*100 -> 26.127187 | O77: =K77/100*H77 -> 2.3154745e+10 | P77: =N77/100*H77 -> 2.2958545e+10 | Q77: =P77-O77 -> -1.9619953e+08 | R77: =Población!K13 -> 9350964 | S77: =E77*R77 -> 9.6875809e+17 | T77: =S77/SUMIFS($S$5:$S$260,$A$5:$A$260,A77)*100 -> 26.449714 | U77: =(N77-T77)/100*H77 -> -2.8341154e+08 | V77: =Población!L13 -> 9319955 | W77: =E77*V77 -> 9.6554557e+17 | X77: =W77/SUMIFS($W$5:$W$260,$A$5:$A$260,A77)*100 -> 26.308835 | Y77: =(N77-X77)/100*H77 -> -1.5961853e+08 | Z77: =Población!M13 -> 9296753 | AA77: =E77*Z77 -> 9.6314185e+17 | AB77: =AA77/SUMIFS($AA$5:$AA$260,$A$5:$A$260,A77)*100 -> 26.260706 | AC77: =(N77-AB77)/100*H77 -> -1.1732569e+08
A78: FGP tercera parte (10%) | B78: Durango | C78: 5695831479 | E78: =IF(D78="",C78,D78/C78) -> 5695831479 | F78: 1968132 | G78: =Población!D14 -> 1943290 | H78: ='Fondos 2027'!$B$22 -> 8.7872244e+10 | I78: =E78*F78 -> 1.1210148e+16 | J78: =E78*G78 -> 1.1068652e+16 | K78: =I78/SUMIFS($I$5:$I$260,$A$5:$A$260,A78)*100 -> 0.30539229 | L78: 0.305392 | M78: =K78-L78 -> 2.8975203e-07 | N78: =J78/SUMIFS($J$5:$J$260,$A$5:$A$260,A78)*100 -> 0.30287735 | O78: =K78/100*H78 -> 2.6835506e+08 | P78: =N78/100*H78 -> 2.6614512e+08 | Q78: =P78-O78 -> -2209934 | R78: =Población!K14 -> 1944614 | S78: =E78*R78 -> 1.1076194e+16 | T78: =S78/SUMIFS($S$5:$S$260,$A$5:$A$260,A78)*100 -> 0.30241002 | U78: =(N78-T78)/100*H78 -> 410655.92 | V78: =Población!L14 -> 1954301 | W78: =E78*V78 -> 1.1131369e+16 | X78: =W78/SUMIFS($W$5:$W$260,$A$5:$A$260,A78)*100 -> 0.30330351 | Y78: =(N78-X78)/100*H78 -> -374475.67 | Z78: =Población!M14 -> 1959669 | AA78: =E78*Z78 -> 1.1161944e+16 | AB78: =AA78/SUMIFS($AA$5:$AA$260,$A$5:$A$260,A78)*100 -> 0.30433787 | AC78: =(N78-AB78)/100*H78 -> -1283388.4
A79: FGP tercera parte (10%) | B79: Guanajuato | C79: 22628728014 | E79: =IF(D79="",C79,D79/C79) -> 22628728014 | F79: 6402249 | G79: =Población!D15 -> 6446935 | H79: ='Fondos 2027'!$B$22 -> 8.7872244e+10 | I79: =E79*F79 -> 1.4487475e+17 | J79: =E79*G79 -> 1.4588594e+17 | K79: =I79/SUMIFS($I$5:$I$260,$A$5:$A$260,A79)*100 -> 3.9467482 | L79: 3.946748 | M79: =K79-L79 -> 1.8168259e-07 | N79: =J79/SUMIFS($J$5:$J$260,$A$5:$A$260,A79)*100 -> 3.9919536 | O79: =K79/100*H79 -> 3.4680962e+09 | P79: =N79/100*H79 -> 3.5078192e+09 | Q79: =P79-O79 -> 39723006 | R79: =Población!K15 -> 6345807 | S79: =E79*R79 -> 1.4359754e+17 | T79: =S79/SUMIFS($S$5:$S$260,$A$5:$A$260,A79)*100 -> 3.9206009 | U79: =(N79-T79)/100*H79 -> 62699211 | V79: =Población!L15 -> 6376710 | W79: =E79*V79 -> 1.4429684e+17 | X79: =W79/SUMIFS($W$5:$W$260,$A$5:$A$260,A79)*100 -> 3.9317479 | Y79: =(N79-X79)/100*H79 -> 52904130 | Z79: =Población!M15 -> 6432483 | AA79: =E79*Z79 -> 1.4555891e+17 | AB79: =AA79/SUMIFS($AA$5:$AA$260,$A$5:$A$260,A79)*100 -> 3.9687608 | AC79: =(N79-AB79)/100*H79 -> 20380004
A80: FGP tercera parte (10%) | B80: Guerrero | C80: 5343602918 | E80: =IF(D80="",C80,D80/C80) -> 5343602918 | F80: 3569633 | G80: =Población!D16 -> 3418902 | H80: ='Fondos 2027'!$B$22 -> 8.7872244e+10 | I80: =E80*F80 -> 1.9074701e+16 | J80: =E80*G80 -> 1.8269255e+16 | K80: =I80/SUMIFS($I$5:$I$260,$A$5:$A$260,A80)*100 -> 0.51964226 | L80: 0.519642 | M80: =K80-L80 -> 2.5688815e-07 | N80: =J80/SUMIFS($J$5:$J$260,$A$5:$A$260,A80)*100 -> 0.49991122 | O80: =K80/100*H80 -> 4.5662131e+08 | P80: =N80/100*H80 -> 4.392832e+08 | Q80: =P80-O80 -> -17338109 | R80: =Población!K16 -> 3606579 | S80: =E80*R80 -> 1.9272126e+16 | T80: =S80/SUMIFS($S$5:$S$260,$A$5:$A$260,A80)*100 -> 0.52618112 | U80: =(N80-T80)/100*H80 -> -23083955 | V80: =Población!L16 -> 3578620 | W80: =E80*V80 -> 1.9122724e+16 | X80: =W80/SUMIFS($W$5:$W$260,$A$5:$A$260,A80)*100 -> 0.52104905 | Y80: =(N80-X80)/100*H80 -> -18574294 | Z80: =Población!M16 -> 3538257 | AA80: =E80*Z80 -> 1.890704e+16 | AB80: =AA80/SUMIFS($AA$5:$AA$260,$A$5:$A$260,A80)*100 -> 0.51551308 | AC80: =(N80-AB80)/100*H80 -> -13709710
... A100: FGP tercera parte (10%) | B100: Zacatecas | C100: 5425831297 | E100: =IF(D100="",C100,D100/C100) -> 5425831297 | F100: 1689186 | G100: =Población!D36 -> 1686419 | H100: ='Fondos 2027'!$B$22 -> 8.7872244e+10 | I100: =E100*F100 -> 9.1652383e+15 | J100: =E100*G100 -> 9.150225e+15 | K100: =I100/SUMIFS($I$5:$I$260,$A$5:$A$260,A100)*100 -> 0.24968386 | L100: 0.249684 | M100: =K100-L100 -> -1.3767227e-07 | N100: =J100/SUMIFS($J$5:$J$260,$A$5:$A$260,A100)*100 -> 0.25038241 | O100: =K100/100*H100 -> 2.1940281e+08 | P100: =N100/100*H100 -> 2.2001665e+08 | Q100: =P100-O100 -> 613833.09 | R100: =Población!K36 -> 1695685 | S100: =E100*R100 -> 9.2005007e+15 | T100: =S100/SUMIFS($S$5:$S$260,$A$5:$A$260,A100)*100 -> 0.25119853 | U100: =(N100-T100)/100*H100 -> -717141.58 | V100: =Población!L36 -> 1703991 | W100: =E100*V100 -> 9.2455677e+15 | X100: =W100/SUMIFS($W$5:$W$260,$A$5:$A$260,A100)*100 -> 0.25191988 | Y100: =(N100-X100)/100*H100 -> -1351001.5 | Z100: =Población!M36 -> 1695141 | AA100: =E100*Z100 -> 9.1975491e+15 | AB100: =AA100/SUMIFS($AA$5:$AA$260,$A$5:$A$260,A100)*100 -> 0.25077732 | AC100: =(N100-AB100)/100*H100 -> -347010.22
A101: FFM 70% | B101: Aguascalientes | C101: 2325992855 | D101: 2685180317 | E101: =IF(D101="",C101,D101/C101) -> 1.1544233 | F101: 1531396 | G101: =Población!D5 -> 1539174 | H101: ='Fondos 2027'!$B$23 -> 2.5121609e+10 | I101: =E101*F101 -> 1767879.2 | J101: =E101*G101 -> 1776858.3 | K101: =I101/SUMIFS($I$5:$I$260,$A$5:$A$260,A101)*100 -> 1.2177254 | L101: 1.217725 | M101: =K101-L101 -> 4.1923932e-07 | N101: =J101/SUMIFS($J$5:$J$260,$A$5:$A$260,A101)*100 -> 1.2261686 | O101: =K101/100*H101 -> 3.0591222e+08 | P101: =N101/100*H101 -> 3.0803328e+08 | Q101: =P101-O101 -> 2121053.9 | R101: =Población!K5 -> 1503564 | S101: =E101*R101 -> 1735749.3 | T101: =S101/SUMIFS($S$5:$S$260,$A$5:$A$260,A101)*100 -> 1.1991385 | U101: =(N101-T101)/100*H101 -> 6790387.2 | V101: =Población!L5 -> 1519678 | W101: =E101*V101 -> 1754351.7 | X101: =W101/SUMIFS($W$5:$W$260,$A$5:$A$260,A101)*100 -> 1.2098092 | Y101: =(N101-X101)/100*H101 -> 4109730.8 | Z101: =Población!M5 -> 1558219 | AA101: =E101*Z101 -> 1798844.3 | AB101: =AA101/SUMIFS($AA$5:$AA$260,$A$5:$A$260,A101)*100 -> 1.2383173 | AC101: =(N101-AB101)/100*H101 -> -3051959.5
A102: FFM 70% | B102: Baja California | C102: 13420132605 | D102: 15205577447 | E102: =IF(D102="",C102,D102/C102) -> 1.1330423 | F102: 3830329 | G102: =Población!D6 -> 4009678 | H102: ='Fondos 2027'!$B$23 -> 2.5121609e+10 | I102: =E102*F102 -> 4339924.6 | J102: =E102*G102 -> 4543134.6 | K102: =I102/SUMIFS($I$5:$I$260,$A$5:$A$260,A102)*100 -> 2.9893652 | L102: 2.989365 | M102: =K102-L102 -> 1.9446478e-07 | N102: =J102/SUMIFS($J$5:$J$260,$A$5:$A$260,A102)*100 -> 3.1351115 | O102: =K102/100*H102 -> 7.5097665e+08 | P102: =N102/100*H102 -> 7.8759046e+08 | Q102: =P102-O102 -> 36613813 | R102: =Población!K6 -> 3778283 | S102: =E102*R102 -> 4280954.3 | T102: =S102/SUMIFS($S$5:$S$260,$A$5:$A$260,A102)*100 -> 2.9574877 | U102: =(N102-T102)/100*H102 -> 44621958 | V102: =Población!L6 -> 3790412 | W102: =E102*V102 -> 4294697 | X102: =W102/SUMIFS($W$5:$W$260,$A$5:$A$260,A102)*100 -> 2.9616434 | Y102: =(N102-X102)/100*H102 -> 43577978 | Z102: =Población!M6 -> 3862801 | AA102: =E102*Z102 -> 4376716.8 | AB102: =AA102/SUMIFS($AA$5:$AA$260,$A$5:$A$260,A102)*100 -> 3.0129145 | AC102: =(N102-AB102)/100*H102 -> 30697838
A103: FFM 70% | B103: Baja California Sur | C103: 2519870154 | D103: 2654174283 | E103: =IF(D103="",C103,D103/C103) -> 1.053298 | F103: 928591 | G103: =Población!D7 -> 961514 | H103: ='Fondos 2027'!$B$23 -> 2.5121609e+10 | I103: =E103*F103 -> 978083.08 | J103: =E103*G103 -> 1012760.8 | K103: =I103/SUMIFS($I$5:$I$260,$A$5:$A$260,A103)*100 -> 0.67370928 | L103: 0.673709 | M103: =K103-L103 -> 2.7905772e-07 | N103: =J103/SUMIFS($J$5:$J$260,$A$5:$A$260,A103)*100 -> 0.69888266 | O103: =K103/100*H103 -> 1.6924661e+08 | P103: =N103/100*H103 -> 1.7557057e+08 | Q103: =P103-O103 -> 6323959 | R103: =Población!K7 -> 881164 | S103: =E103*R103 -> 928128.31 | T103: =S103/SUMIFS($S$5:$S$260,$A$5:$A$260,A103)*100 -> 0.64119536 | U103: =(N103-T103)/100*H103 -> 14491979 | V103: =Población!L7 -> 906940 | W103: =E103*V103 -> 955278.12 | X103: =W103/SUMIFS($W$5:$W$260,$A$5:$A$260,A103)*100 -> 0.65876431 | Y103: =(N103-X103)/100*H103 -> 10078375 | Z103: =Población!M7 -> 960359 | AA103: =E103*Z103 -> 1011544.2 | AB103: =AA103/SUMIFS($AA$5:$AA$260,$A$5:$A$260,A103)*100 -> 0.69634306 | AC103: =(N103-AB103)/100*H103 -> 637988.39
A104: FFM 70% | B104: Campeche | C104: 517415843 | D104: 550844550 | E104: =IF(D104="",C104,D104/C104) -> 1.064607 | F104: 935371 | G104: =Población!D8 -> 968673 | H104: ='Fondos 2027'!$B$23 -> 2.5121609e+10 | I104: =E104*F104 -> 995802.55 | J104: =E104*G104 -> 1031256.1 | K104: =I104/SUMIFS($I$5:$I$260,$A$5:$A$260,A104)*100 -> 0.68591456 | L104: 0.685915 | M104: =K104-L104 -> -4.425823e-07 | N104: =J104/SUMIFS($J$5:$J$260,$A$5:$A$260,A104)*100 -> 0.71164583 | O104: =K104/100*H104 -> 1.7231278e+08 | P104: =N104/100*H104 -> 1.7877689e+08 | Q104: =P104-O104 -> 6464110.1 | R104: =Población!K8 -> 925978 | S104: =E104*R104 -> 985802.7 | T104: =S104/SUMIFS($S$5:$S$260,$A$5:$A$260,A104)*100 -> 0.68103958 | U104: =(N104-T104)/100*H104 -> 7688783 | V104: =Población!L8 -> 918817 | W104: =E104*V104 -> 978179.05 | X104: =W104/SUMIFS($W$5:$W$260,$A$5:$A$260,A104)*100 -> 0.6745569 | Y104: =(N104-X104)/100*H104 -> 9317335.7 | Z104: =Población!M8 -> 952094 | AA104: =E104*Z104 -> 1013606 | AB104: =AA104/SUMIFS($AA$5:$AA$260,$A$5:$A$260,A104)*100 -> 0.69776235 | AC104: =(N104-AB104)/100*H104 -> 3487754.4
A105: FFM 70% | B105: Coahuila | C105: 4784874505 | D105: 5238424574 | E105: =IF(D105="",C105,D105/C105) -> 1.0947883 | F105: 3590747 | G105: =Población!D9 -> 3415128 | H105: ='Fondos 2027'!$B$23 -> 2.5121609e+10 | I105: =E105*F105 -> 3931107.8 | J105: =E105*G105 -> 3738842.1 | K105: =I105/SUMIFS($I$5:$I$260,$A$5:$A$260,A105)*100 -> 2.7077698 | L105: 2.70777 | M105: =K105-L105 -> -2.3757774e-07 | N105: =J105/SUMIFS($J$5:$J$260,$A$5:$A$260,A105)*100 -> 2.5800879 | O105: =K105/100*H105 -> 6.8023534e+08 | P105: =N105/100*H105 -> 6.4815962e+08 | Q105: =P105-O105 -> -32075728 | R105: =Población!K9 -> 3452989 | S105: =E105*R105 -> 3780291.9 | T105: =S105/SUMIFS($S$5:$S$260,$A$5:$A$260,A105)*100 -> 2.6116062 | U105: =(N105-T105)/100*H105 -> -7917887.7 | V105: =Población!L9 -> 3582441 | W105: =E105*V105 -> 3922014.5 | X105: =W105/SUMIFS($W$5:$W$260,$A$5:$A$260,A105)*100 -> 2.7046397 | Y105: =(N105-X105)/100*H105 -> -31289415 | Z105: =Población!M9 -> 3510963 | AA105: =E105*Z105 -> 3843761.2 | AB105: =AA105/SUMIFS($AA$5:$AA$260,$A$5:$A$260,A105)*100 -> 2.64603 | AC105: =(N105-AB105)/100*H105 -> -16565706
A106: FFM 70% | B106: Colima | C106: 1573298254 | D106: 1761626340 | E106: =IF(D106="",C106,D106/C106) -> 1.1197027 | F106: 762355 | G106: =Población!D10 -> 762212 | H106: ='Fondos 2027'!$B$23 -> 2.5121609e+10 | I106: =E106*F106 -> 853610.97 | J106: =E106*G106 -> 853450.85 | K106: =I106/SUMIFS($I$5:$I$260,$A$5:$A$260,A106)*100 -> 0.58797217 | L106: 0.587972 | M106: =K106-L106 -> 1.7243266e-07 | N106: =J106/SUMIFS($J$5:$J$260,$A$5:$A$260,A106)*100 -> 0.58894657 | O106: =K106/100*H106 -> 1.4770807e+08 | P106: =N106/100*H106 -> 1.4795286e+08 | Q106: =P106-O106 -> 244784.4 | R106: =Población!K10 -> 728776 | S106: =E106*R106 -> 816012.47 | T106: =S106/SUMIFS($S$5:$S$260,$A$5:$A$260,A106)*100 -> 0.56374038 | U106: =(N106-T106)/100*H106 -> 6332200 | V106: =Población!L10 -> 745394 | W106: =E106*V106 -> 834619.69 | X106: =W106/SUMIFS($W$5:$W$260,$A$5:$A$260,A106)*100 -> 0.57555769 | Y106: =(N106-X106)/100*H106 -> 3363501.9 | Z106: =Población!M10 -> 771093 | AA106: =E106*Z106 -> 863394.93 | AB106: =AA106/SUMIFS($AA$5:$AA$260,$A$5:$A$260,A106)*100 -> 0.59435766 | AC106: =(N106-AB106)/100*H106 -> -1359352.6
A107: FFM 70% | B107: Chiapas | C107: 1815319906 | D107: 2015743275 | E107: =IF(D107="",C107,D107/C107) -> 1.1104066 | F107: 5891372 | G107: =Población!D11 -> 5860728 | H107: ='Fondos 2027'!$B$23 -> 2.5121609e+10 | I107: =E107*F107 -> 6541818.6 | J107: =E107*G107 -> 6507791.3 | K107: =I107/SUMIFS($I$5:$I$260,$A$5:$A$260,A107)*100 -> 4.5060425 | L107: 4.506042 | M107: =K107-L107 -> 4.6902018e-07 | N107: =J107/SUMIFS($J$5:$J$260,$A$5:$A$260,A107)*100 -> 4.4908753 | O107: =K107/100*H107 -> 1.1319904e+09 | P107: =N107/100*H107 -> 1.1281802e+09 | Q107: =P107-O107 -> -3810236.7 | R107: =Población!K11 -> 5975155 | S107: =E107*R107 -> 6634851.8 | T107: =S107/SUMIFS($S$5:$S$260,$A$5:$A$260,A107)*100 -> 4.5836724 | U107: =(N107-T107)/100*H107 -> -23312136 | V107: =Población!L11 -> 5900473 | W107: =E107*V107 -> 6551924.4 | X107: =W107/SUMIFS($W$5:$W$260,$A$5:$A$260,A107)*100 -> 4.5182381 | Y107: =(N107-X107)/100*H107 -> -6873970.6 | Z107: =Población!M11 -> 5885528 | AA107: =E107*Z107 -> 6535329.4 | AB107: =AA107/SUMIFS($AA$5:$AA$260,$A$5:$A$260,A107)*100 -> 4.4988949 | AC107: =(N107-AB107)/100*H107 -> -2014653.3
A108: FFM 70% | B108: Chihuahua | C108: 9521809148 | D108: 10593672612 | E108: =IF(D108="",C108,D108/C108) -> 1.1125693 | F108: 4015493 | G108: =Población!D12 -> 3903944 | H108: ='Fondos 2027'!$B$23 -> 2.5121609e+10 | I108: =E108*F108 -> 4467514.3 | J108: =E108*G108 -> 4343408.3 | K108: =I108/SUMIFS($I$5:$I$260,$A$5:$A$260,A108)*100 -> 3.0772497 | L108: 3.07725 | M108: =K108-L108 -> -3.3725259e-07 | N108: =J108/SUMIFS($J$5:$J$260,$A$5:$A$260,A108)*100 -> 2.997285 | O108: =K108/100*H108 -> 7.7305464e+08 | P108: =N108/100*H108 -> 7.5296622e+08 | Q108: =P108-O108 -> -20088420 | R108: =Población!K12 -> 3976037 | S108: =E108*R108 -> 4423616.7 | T108: =S108/SUMIFS($S$5:$S$260,$A$5:$A$260,A108)*100 -> 3.0560457 | U108: =(N108-T108)/100*H108 -> -14761638 | V108: =Población!L12 -> 3991333 | W108: =E108*V108 -> 4440634.6 | X108: =W108/SUMIFS($W$5:$W$260,$A$5:$A$260,A108)*100 -> 3.0622826 | Y108: =(N108-X108)/100*H108 -> -16328463 | Z108: =Población!M12 -> 3985958 | AA108: =E108*Z108 -> 4434654.5 | AB108: =AA108/SUMIFS($AA$5:$AA$260,$A$5:$A$260,A108)*100 -> 3.0527987 | AC108: =(N108-AB108)/100*H108 -> -13945933
A109: FFM 70% | B109: Ciudad de México | C109: 33493698824 | D109: 38907672159 | E109: =IF(D109="",C109,D109/C109) -> 1.1616415 | F109: 9336468 | G109: =Población!D13 -> 9216407 | H109: ='Fondos 2027'!$B$23 -> 2.5121609e+10 | I109: =E109*F109 -> 10845629 | J109: =E109*G109 -> 10706161 | K109: =I109/SUMIFS($I$5:$I$260,$A$5:$A$260,A109)*100 -> 7.4705321 | L109: 7.470532 | M109: =K109-L109 -> 7.3614284e-08 | N109: =J109/SUMIFS($J$5:$J$260,$A$5:$A$260,A109)*100 -> 7.3880727 | O109: =K109/100*H109 -> 1.8767179e+09 | P109: =N109/100*H109 -> 1.8560028e+09 | Q109: =P109-O109 -> -20715112 | R109: =Población!K13 -> 9350964 | S109: =E109*R109 -> 10862468 | T109: =S109/SUMIFS($S$5:$S$260,$A$5:$A$260,A109)*100 -> 7.5043118 | U109: =(N109-T109)/100*H109 -> -29201127 | V109: =Población!L13 -> 9319955 | W109: =E109*V109 -> 10826447 | X109: =W109/SUMIFS($W$5:$W$260,$A$5:$A$260,A109)*100 -> 7.4659691 | Y109: =(N109-X109)/100*H109 -> -19568815 | Z109: =Población!M13 -> 9296753 | AA109: =E109*Z109 -> 10799495 | AB109: =AA109/SUMIFS($AA$5:$AA$260,$A$5:$A$260,A109)*100 -> 7.4343294 | AC109: =(N109-AB109)/100*H109 -> -11620409
A110: FFM 70% | B110: Durango | C110: 1513863761 | D110: 1682810165 | E110: =IF(D110="",C110,D110/C110) -> 1.1115995 | F110: 1968132 | G110: =Población!D14 -> 1943290 | H110: ='Fondos 2027'!$B$23 -> 2.5121609e+10 | I110: =E110*F110 -> 2187774.5 | J110: =E110*G110 -> 2160160.1 | K110: =I110/SUMIFS($I$5:$I$260,$A$5:$A$260,A110)*100 -> 1.5069517 | L110: 1.506952 | M110: =K110-L110 -> -2.7124288e-07 | N110: =J110/SUMIFS($J$5:$J$260,$A$5:$A$260,A110)*100 -> 1.4906762 | O110: =K110/100*H110 -> 3.7857053e+08 | P110: =N110/100*H110 -> 3.7448186e+08 | Q110: =P110-O110 -> -4088664 | R110: =Población!K14 -> 1944614 | S110: =E110*R110 -> 2161631.9 | T110: =S110/SUMIFS($S$5:$S$260,$A$5:$A$260,A110)*100 -> 1.4933585 | U110: =(N110-T110)/100*H110 -> -673837.35 | V110: =Población!L14 -> 1954301 | W110: =E110*V110 -> 2172400 | X110: =W110/SUMIFS($W$5:$W$260,$A$5:$A$260,A110)*100 -> 1.4980973 | Y110: =(N110-X110)/100*H110 -> -1864290.1 | Z110: =Población!M14 -> 1959669 | AA110: =E110*Z110 -> 2178367 | AB110: =AA110/SUMIFS($AA$5:$AA$260,$A$5:$A$260,A110)*100 -> 1.4995793 | AC110: =(N110-AB110)/100*H110 -> -2236580.6
A111: FFM 70% | B111: Guanajuato | C111: 8649635331 | D111: 9505316553 | E111: =IF(D111="",C111,D111/C111) -> 1.0989269 | F111: 6402249 | G111: =Población!D15 -> 6446935 | H111: ='Fondos 2027'!$B$23 -> 2.5121609e+10 | I111: =E111*F111 -> 7035603.4 | J111: =E111*G111 -> 7084710 | K111: =I111/SUMIFS($I$5:$I$260,$A$5:$A$260,A111)*100 -> 4.8461643 | L111: 4.846164 | M111: =K111-L111 -> 2.8098906e-07 | N111: =J111/SUMIFS($J$5:$J$260,$A$5:$A$260,A111)*100 -> 4.8889935 | O111: =K111/100*H111 -> 1.2174345e+09 | P111: =N111/100*H111 -> 1.2281938e+09 | Q111: =P111-O111 -> 10759386 | R111: =Población!K15 -> 6345807 | S111: =E111*R111 -> 6973577.7 | T111: =S111/SUMIFS($S$5:$S$260,$A$5:$A$260,A111)*100 -> 4.8176805 | U111: =(N111-T111)/100*H111 -> 17914969 | V111: =Población!L15 -> 6376710 | W111: =E111*V111 -> 7007537.9 | X111: =W111/SUMIFS($W$5:$W$260,$A$5:$A$260,A111)*100 -> 4.8324313 | Y111: =(N111-X111)/100*H111 -> 14209334 | Z111: =Población!M15 -> 6432483 | AA111: =E111*Z111 -> 7068828.3 | AB111: =AA111/SUMIFS($AA$5:$AA$260,$A$5:$A$260,A111)*100 -> 4.8661535 | AC111: =(N111-AB111)/100*H111 -> 5737779.1
A112: FFM 70% | B112: Guerrero | C112: 1892957129 | D112: 2078450286 | E112: =IF(D112="",C112,D112/C112) -> 1.0979912 | F112: 3569633 | G112: =Población!D16 -> 3418902 | H112: ='Fondos 2027'!$B$23 -> 2.5121609e+10 | I112: =E112*F112 -> 3919425.7 | J112: =E112*G112 -> 3753924.3 | K112: =I112/SUMIFS($I$5:$I$260,$A$5:$A$260,A112)*100 -> 2.6997231 | L112: 2.699723 | M112: =K112-L112 -> 5.5129731e-08 | N112: =J112/SUMIFS($J$5:$J$260,$A$5:$A$260,A112)*100 -> 2.5904958 | O112: =K112/100*H112 -> 6.7821388e+08 | P112: =N112/100*H112 -> 6.5077424e+08 | Q112: =P112-O112 -> -27439640 | R112: =Población!K16 -> 3606579 | S112: =E112*R112 -> 3959992 | T112: =S112/SUMIFS($S$5:$S$260,$A$5:$A$260,A112)*100 -> 2.7357516 | U112: =(N112-T112)/100*H112 -> -36490590 | V112: =Población!L16 -> 3578620 | W112: =E112*V112 -> 3929293.3 | X112: =W112/SUMIFS($W$5:$W$260,$A$5:$A$260,A112)*100 -> 2.7096593 | Y112: =(N112-X112)/100*H112 -> -29935775 | Z112: =Población!M16 -> 3538257 | AA112: =E112*Z112 -> 3884975.1 | AB112: =AA112/SUMIFS($AA$5:$AA$260,$A$5:$A$260,A112)*100 -> 2.6744015 | AC112: =(N112-AB112)/100*H112 -> -21078455
... A132: FFM 70% | B132: Zacatecas | C132: 1504822070 | D132: 1621236790 | E132: =IF(D132="",C132,D132/C132) -> 1.0773611 | F132: 1689186 | G132: =Población!D36 -> 1686419 | H132: ='Fondos 2027'!$B$23 -> 2.5121609e+10 | I132: =E132*F132 -> 1819863.3 | J132: =E132*G132 -> 1816882.3 | K132: =I132/SUMIFS($I$5:$I$260,$A$5:$A$260,A132)*100 -> 1.2535324 | L132: 1.253532 | M132: =K132-L132 -> 3.7905971e-07 | N132: =J132/SUMIFS($J$5:$J$260,$A$5:$A$260,A132)*100 -> 1.2537882 | O132: =K132/100*H132 -> 3.1490751e+08 | P132: =N132/100*H132 -> 3.1497177e+08 | Q132: =P132-O132 -> 64257.101 | R132: =Población!K36 -> 1695685 | S132: =E132*R132 -> 1826865.1 | T132: =S132/SUMIFS($S$5:$S$260,$A$5:$A$260,A132)*100 -> 1.2620856 | U132: =(N132-T132)/100*H132 -> -2084460.3 | V132: =Población!L36 -> 1703991 | W132: =E132*V132 -> 1835813.7 | X132: =W132/SUMIFS($W$5:$W$260,$A$5:$A$260,A132)*100 -> 1.2659858 | Y132: =(N132-X132)/100*H132 -> -3064239.1 | Z132: =Población!M36 -> 1695141 | AA132: =E132*Z132 -> 1826279 | AB132: =AA132/SUMIFS($AA$5:$AA$260,$A$5:$A$260,A132)*100 -> 1.2572032 | AC132: =(N132-AB132)/100*H132 -> -857924.58
A133: FOFIR primera parte (30%) | B133: Aguascalientes | C133: 435924518 | D133: 75650090 | E133: =IF(D133="",C133,D133/C133) -> 0.17353942 | F133: 1531396 | G133: =Población!D5 -> 1539174 | H133: ='Fondos 2027'!$B$24 -> 1.3458005e+10 | I133: =E133*F133 -> 265757.58 | J133: =E133*G133 -> 267107.37 | K133: =I133/SUMIFS($I$5:$I$260,$A$5:$A$260,A133)*100 -> 1.6676482 | L133: 1.667648 | M133: =K133-L133 -> 1.8716152e-07 | N133: =J133/SUMIFS($J$5:$J$260,$A$5:$A$260,A133)*100 -> 1.6707958 | O133: =K133/100*H133 -> 2.2443218e+08 | P133: =N133/100*H133 -> 2.2485579e+08 | Q133: =P133-O133 -> 423608.02 | R133: =Población!K5 -> 1503564 | S133: =E133*R133 -> 260927.63 | T133: =S133/SUMIFS($S$5:$S$260,$A$5:$A$260,A133)*100 -> 1.6409371 | U133: =(N133-T133)/100*H133 -> 4018388.5 | V133: =Población!L5 -> 1519678 | W133: =E133*V133 -> 263724.05 | X133: =W133/SUMIFS($W$5:$W$260,$A$5:$A$260,A133)*100 -> 1.6579877 | Y133: =(N133-X133)/100*H133 -> 1723720.6 | Z133: =Población!M5 -> 1558219 | AA133: =E133*Z133 -> 270412.43 | AB133: =AA133/SUMIFS($AA$5:$AA$260,$A$5:$A$260,A133)*100 -> 1.692035 | AC133: =(N133-AB133)/100*H133 -> -2858372.3
A134: FOFIR primera parte (30%) | B134: Baja California | C134: 1294477582 | D134: 85480161 | E134: =IF(D134="",C134,D134/C134) -> 0.066034485 | F134: 3830329 | G134: =Población!D6 -> 4009678 | H134: ='Fondos 2027'!$B$24 -> 1.3458005e+10 | I134: =E134*F134 -> 252933.8 | J134: =E134*G134 -> 264777.02 | K134: =I134/SUMIFS($I$5:$I$260,$A$5:$A$260,A134)*100 -> 1.5871781 | L134: 1.587178 | M134: =K134-L134 -> 5.7291544e-08 | N134: =J134/SUMIFS($J$5:$J$260,$A$5:$A$260,A134)*100 -> 1.6562192 | O134: =K134/100*H134 -> 2.136025e+08 | P134: =N134/100*H134 -> 2.2289406e+08 | Q134: =P134-O134 -> 9291554.3 | R134: =Población!K6 -> 3778283 | S134: =E134*R134 -> 249496.97 | T134: =S134/SUMIFS($S$5:$S$260,$A$5:$A$260,A134)*100 -> 1.5690513 | U134: =(N134-T134)/100*H134 -> 11731055 | V134: =Población!L6 -> 3790412 | W134: =E134*V134 -> 250297.91 | X134: =W134/SUMIFS($W$5:$W$260,$A$5:$A$260,A134)*100 -> 1.5735798 | Y134: =(N134-X134)/100*H134 -> 11121603 | Z134: =Población!M6 -> 3862801 | AA134: =E134*Z134 -> 255078.08 | AB134: =AA134/SUMIFS($AA$5:$AA$260,$A$5:$A$260,A134)*100 -> 1.5960843 | AC134: =(N134-AB134)/100*H134 -> 8092949.5
A135: FOFIR primera parte (30%) | B135: Baja California Sur | C135: 252768859 | D135: 36876038 | E135: =IF(D135="",C135,D135/C135) -> 0.14588837 | F135: 928591 | G135: =Población!D7 -> 961514 | H135: ='Fondos 2027'!$B$24 -> 1.3458005e+10 | I135: =E135*F135 -> 135470.63 | J135: =E135*G135 -> 140273.71 | K135: =I135/SUMIFS($I$5:$I$260,$A$5:$A$260,A135)*100 -> 0.85008809 | L135: 0.850088 | M135: =K135-L135 -> 8.727153e-08 | N135: =J135/SUMIFS($J$5:$J$260,$A$5:$A$260,A135)*100 -> 0.87743268 | O135: =K135/100*H135 -> 1.144049e+08 | P135: =N135/100*H135 -> 1.1808493e+08 | Q135: =P135-O135 -> 3680036.6 | R135: =Población!K7 -> 881164 | S135: =E135*R135 -> 128551.58 | T135: =S135/SUMIFS($S$5:$S$260,$A$5:$A$260,A135)*100 -> 0.80844279 | U135: =(N135-T135)/100*H135 -> 9284662.9 | V135: =Población!L7 -> 906940 | W135: =E135*V135 -> 132312 | X135: =W135/SUMIFS($W$5:$W$260,$A$5:$A$260,A135)*100 -> 0.83182278 | Y135: =(N135-X135)/100*H135 -> 6138182.4 | Z135: =Población!M7 -> 960359 | AA135: =E135*Z135 -> 140105.21 | AB135: =AA135/SUMIFS($AA$5:$AA$260,$A$5:$A$260,A135)*100 -> 0.87667171 | AC135: =(N135-AB135)/100*H135 -> 102410.9
A136: FOFIR primera parte (30%) | B136: Campeche | C136: 522953325 | D136: 582284 | E136: =IF(D136="",C136,D136/C136) -> 0.0011134531 | F136: 935371 | G136: =Población!D8 -> 968673 | H136: ='Fondos 2027'!$B$24 -> 1.3458005e+10 | I136: =E136*F136 -> 1041.4917 | J136: =E136*G136 -> 1078.572 | K136: =I136/SUMIFS($I$5:$I$260,$A$5:$A$260,A136)*100 -> 0.0065354366 | L136: 0.006535 | M136: =K136-L136 -> 4.3656209e-07 | N136: =J136/SUMIFS($J$5:$J$260,$A$5:$A$260,A136)*100 -> 0.0067466259 | O136: =K136/100*H136 -> 879539.38 | P136: =N136/100*H136 -> 907961.26 | Q136: =P136-O136 -> 28421.874 | R136: =Población!K8 -> 925978 | S136: =E136*R136 -> 1031.0331 | T136: =S136/SUMIFS($S$5:$S$260,$A$5:$A$260,A136)*100 -> 0.0064840217 | U136: =(N136-T136)/100*H136 -> 35341.294 | V136: =Población!L8 -> 918817 | W136: =E136*V136 -> 1023.0596 | X136: =W136/SUMIFS($W$5:$W$260,$A$5:$A$260,A136)*100 -> 0.0064317998 | Y136: =(N136-X136)/100*H136 -> 42369.315 | Z136: =Población!M8 -> 952094 | AA136: =E136*Z136 -> 1060.112 | AB136: =AA136/SUMIFS($AA$5:$AA$260,$A$5:$A$260,A136)*100 -> 0.0066333735 | AC136: =(N136-AB136)/100*H136 -> 15241.512
A137: FOFIR primera parte (30%) | B137: Coahuila | C137: 1238076976 | D137: 35665380 | E137: =IF(D137="",C137,D137/C137) -> 0.028807078 | F137: 3590747 | G137: =Población!D9 -> 3415128 | H137: ='Fondos 2027'!$B$24 -> 1.3458005e+10 | I137: =E137*F137 -> 103438.93 | J137: =E137*G137 -> 98379.859 | K137: =I137/SUMIFS($I$5:$I$260,$A$5:$A$260,A137)*100 -> 0.64908682 | L137: 0.649087 | M137: =K137-L137 -> -1.8259766e-07 | N137: =J137/SUMIFS($J$5:$J$260,$A$5:$A$260,A137)*100 -> 0.61538046 | O137: =K137/100*H137 -> 87354137 | P137: =N137/100*H137 -> 82817933 | Q137: =P137-O137 -> -4536203.4 | R137: =Población!K9 -> 3452989 | S137: =E137*R137 -> 99470.523 | T137: =S137/SUMIFS($S$5:$S$260,$A$5:$A$260,A137)*100 -> 0.6255561 | U137: =(N137-T137)/100*H137 -> -1369438.3 | V137: =Población!L9 -> 3582441 | W137: =E137*V137 -> 103199.66 | X137: =W137/SUMIFS($W$5:$W$260,$A$5:$A$260,A137)*100 -> 0.64879848 | Y137: =(N137-X137)/100*H137 -> -4497398.7 | Z137: =Población!M9 -> 3510963 | AA137: =E137*Z137 -> 101140.58 | AB137: =AA137/SUMIFS($AA$5:$AA$260,$A$5:$A$260,A137)*100 -> 0.63286074 | AC137: =(N137-AB137)/100*H137 -> -2352497.7
A138: FOFIR primera parte (30%) | B138: Colima | C138: 214770793 | D138: 7646292 | E138: =IF(D138="",C138,D138/C138) -> 0.035602103 | F138: 762355 | G138: =Población!D10 -> 762212 | H138: ='Fondos 2027'!$B$24 -> 1.3458005e+10 | I138: =E138*F138 -> 27141.442 | J138: =E138*G138 -> 27136.351 | K138: =I138/SUMIFS($I$5:$I$260,$A$5:$A$260,A138)*100 -> 0.17031452 | L138: 0.170315 | M138: =K138-L138 -> -4.7577865e-07 | N138: =J138/SUMIFS($J$5:$J$260,$A$5:$A$260,A138)*100 -> 0.16974186 | O138: =K138/100*H138 -> 22920937 | P138: =N138/100*H138 -> 22843868 | Q138: =P138-O138 -> -77069.662 | R138: =Población!K10 -> 728776 | S138: =E138*R138 -> 25945.959 | T138: =S138/SUMIFS($S$5:$S$260,$A$5:$A$260,A138)*100 -> 0.16317048 | U138: =(N138-T138)/100*H138 -> 884376.69 | V138: =Población!L10 -> 745394 | W138: =E138*V138 -> 26537.594 | X138: =W138/SUMIFS($W$5:$W$260,$A$5:$A$260,A138)*100 -> 0.16683729 | Y138: =(N138-X138)/100*H138 -> 390897.12 | Z138: =Población!M10 -> 771093 | AA138: =E138*Z138 -> 27452.533 | AB138: =AA138/SUMIFS($AA$5:$AA$260,$A$5:$A$260,A138)*100 -> 0.17177704 | AC138: =(N138-AB138)/100*H138 -> -273895.17
A139: FOFIR primera parte (30%) | B139: Chiapas | C139: 530926151 | D139: 16278682 | E139: =IF(D139="",C139,D139/C139) -> 0.030660916 | F139: 5891372 | G139: =Población!D11 -> 5860728 | H139: ='Fondos 2027'!$B$24 -> 1.3458005e+10 | I139: =E139*F139 -> 180634.86 | J139: =E139*G139 -> 179695.29 | K139: =I139/SUMIFS($I$5:$I$260,$A$5:$A$260,A139)*100 -> 1.1334969 | L139: 1.133497 | M139: =K139-L139 -> -8.4042436e-08 | N139: =J139/SUMIFS($J$5:$J$260,$A$5:$A$260,A139)*100 -> 1.1240204 | O139: =K139/100*H139 -> 1.5254607e+08 | P139: =N139/100*H139 -> 1.5127072e+08 | Q139: =P139-O139 -> -1275349.2 | R139: =Población!K11 -> 5975155 | S139: =E139*R139 -> 183203.72 | T139: =S139/SUMIFS($S$5:$S$260,$A$5:$A$260,A139)*100 -> 1.1521424 | U139: =(N139-T139)/100*H139 -> -3784659 | V139: =Población!L11 -> 5900473 | W139: =E139*V139 -> 180913.91 | X139: =W139/SUMIFS($W$5:$W$260,$A$5:$A$260,A139)*100 -> 1.1373746 | Y139: =(N139-X139)/100*H139 -> -1797205.3 | Z139: =Población!M11 -> 5885528 | AA139: =E139*Z139 -> 180455.68 | AB139: =AA139/SUMIFS($AA$5:$AA$260,$A$5:$A$260,A139)*100 -> 1.1291542 | AC139: =(N139-AB139)/100*H139 -> -690904.61
A140: FOFIR primera parte (30%) | B140: Chihuahua | C140: 1286224656 | D140: 180009961 | E140: =IF(D140="",C140,D140/C140) -> 0.13995219 | F140: 4015493 | G140: =Población!D12 -> 3903944 | H140: ='Fondos 2027'!$B$24 -> 1.3458005e+10 | I140: =E140*F140 -> 561977.05 | J140: =E140*G140 -> 546365.52 | K140: =I140/SUMIFS($I$5:$I$260,$A$5:$A$260,A140)*100 -> 3.5264469 | L140: 3.526447 | M140: =K140-L140 -> -5.0783885e-08 | N140: =J140/SUMIFS($J$5:$J$260,$A$5:$A$260,A140)*100 -> 3.4175966 | O140: =K140/100*H140 -> 4.7458941e+08 | P140: =N140/100*H140 -> 4.5994032e+08 | Q140: =P140-O140 -> -14649091 | R140: =Población!K12 -> 3976037 | S140: =E140*R140 -> 556455.1 | T140: =S140/SUMIFS($S$5:$S$260,$A$5:$A$260,A140)*100 -> 3.4994677 | U140: =(N140-T140)/100*H140 -> -11018217 | V140: =Población!L12 -> 3991333 | W140: =E140*V140 -> 558595.81 | X140: =W140/SUMIFS($W$5:$W$260,$A$5:$A$260,A140)*100 -> 3.5117957 | Y140: =(N140-X140)/100*H140 -> -12677320 | Z140: =Población!M12 -> 3985958 | AA140: =E140*Z140 -> 557843.56 | AB140: =AA140/SUMIFS($AA$5:$AA$260,$A$5:$A$260,A140)*100 -> 3.4905601 | AC140: =(N140-AB140)/100*H140 -> -9819439.5
A141: FOFIR primera parte (30%) | B141: Ciudad de México | C141: 5021817466 | D141: 123702300 | E141: =IF(D141="",C141,D141/C141) -> 0.024632974 | F141: 9336468 | G141: =Población!D13 -> 9216407 | H141: ='Fondos 2027'!$B$24 -> 1.3458005e+10 | I141: =E141*F141 -> 229984.98 | J141: =E141*G141 -> 227027.52 | K141: =I141/SUMIFS($I$5:$I$260,$A$5:$A$260,A141)*100 -> 1.4431725 | L141: 1.443172 | M141: =K141-L141 -> 4.8125634e-07 | N141: =J141/SUMIFS($J$5:$J$260,$A$5:$A$260,A141)*100 -> 1.4200904 | O141: =K141/100*H141 -> 1.9422223e+08 | P141: =N141/100*H141 -> 1.9111584e+08 | Q141: =P141-O141 -> -3106382.1 | R141: =Población!K13 -> 9350964 | S141: =E141*R141 -> 230342.05 | T141: =S141/SUMIFS($S$5:$S$260,$A$5:$A$260,A141)*100 -> 1.4485887 | U141: =(N141-T141)/100*H141 -> -3835298.9 | V141: =Población!L13 -> 9319955 | W141: =E141*V141 -> 229578.21 | X141: =W141/SUMIFS($W$5:$W$260,$A$5:$A$260,A141)*100 -> 1.4433187 | Y141: =(N141-X141)/100*H141 -> -3126058.6 | Z141: =Población!M13 -> 9296753 | AA141: =E141*Z141 -> 229006.68 | AB141: =AA141/SUMIFS($AA$5:$AA$260,$A$5:$A$260,A141)*100 -> 1.4329494 | AC141: =(N141-AB141)/100*H141 -> -1730553.3
A142: FOFIR primera parte (30%) | B142: Durango | C142: 454692285 | D142: 209500394 | E142: =IF(D142="",C142,D142/C142) -> 0.46075203 | F142: 1968132 | G142: =Población!D14 -> 1943290 | H142: ='Fondos 2027'!$B$24 -> 1.3458005e+10 | I142: =E142*F142 -> 906820.82 | J142: =E142*G142 -> 895374.82 | K142: =I142/SUMIFS($I$5:$I$260,$A$5:$A$260,A142)*100 -> 5.6903667 | L142: 5.690367 | M142: =K142-L142 -> -2.8140246e-07 | N142: =J142/SUMIFS($J$5:$J$260,$A$5:$A$260,A142)*100 -> 5.6007009 | O142: =K142/100*H142 -> 7.6580984e+08 | P142: =N142/100*H142 -> 7.5374261e+08 | Q142: =P142-O142 -> -12067227 | R142: =Población!K14 -> 1944614 | S142: =E142*R142 -> 895984.85 | T142: =S142/SUMIFS($S$5:$S$260,$A$5:$A$260,A142)*100 -> 5.6347224 | U142: =(N142-T142)/100*H142 -> -4578616 | V142: =Población!L14 -> 1954301 | W142: =E142*V142 -> 900448.16 | X142: =W142/SUMIFS($W$5:$W$260,$A$5:$A$260,A142)*100 -> 5.6609625 | Y142: =(N142-X142)/100*H142 -> -8110010.9 | Z142: =Población!M14 -> 1959669 | AA142: =E142*Z142 -> 902921.47 | AB142: =AA142/SUMIFS($AA$5:$AA$260,$A$5:$A$260,A142)*100 -> 5.6497948 | AC142: =(N142-AB142)/100*H142 -> -6607063.2
A143: FOFIR primera parte (30%) | B143: Guanajuato | C143: 1520603357 | D143: 260054762 | E143: =IF(D143="",C143,D143/C143) -> 0.17102077 | F143: 6402249 | G143: =Población!D15 -> 6446935 | H143: ='Fondos 2027'!$B$24 -> 1.3458005e+10 | I143: =E143*F143 -> 1094917.6 | J143: =E143*G143 -> 1102559.8 | K143: =I143/SUMIFS($I$5:$I$260,$A$5:$A$260,A143)*100 -> 6.8706876 | L143: 6.870688 | M143: =K143-L143 -> -4.1807635e-07 | N143: =J143/SUMIFS($J$5:$J$260,$A$5:$A$260,A143)*100 -> 6.8966735 | O143: =K143/100*H143 -> 9.2465748e+08 | P143: =N143/100*H143 -> 9.2815467e+08 | Q143: =P143-O143 -> 3497183 | R143: =Población!K15 -> 6345807 | S143: =E143*R143 -> 1085264.8 | T143: =S143/SUMIFS($S$5:$S$260,$A$5:$A$260,A143)*100 -> 6.8250775 | U143: =(N143-T143)/100*H143 -> 9635393.6 | V143: =Población!L15 -> 6376710 | W143: =E143*V143 -> 1090549.9 | X143: =W143/SUMIFS($W$5:$W$260,$A$5:$A$260,A143)*100 -> 6.8560993 | Y143: =(N143-X143)/100*H143 -> 5460472.4 | Z143: =Población!M15 -> 6432483 | AA143: =E143*Z143 -> 1100088.2 | AB143: =AA143/SUMIFS($AA$5:$AA$260,$A$5:$A$260,A143)*100 -> 6.8835142 | AC143: =(N143-AB143)/100*H143 -> 1770981.7
A144: FOFIR primera parte (30%) | B144: Guerrero | C144: 432049345 | D144: 14039942 | E144: =IF(D144="",C144,D144/C144) -> 0.032496154 | F144: 3569633 | G144: =Población!D16 -> 3418902 | H144: ='Fondos 2027'!$B$24 -> 1.3458005e+10 | I144: =E144*F144 -> 115999.34 | J144: =E144*G144 -> 111101.17 | K144: =I144/SUMIFS($I$5:$I$260,$A$5:$A$260,A144)*100 -> 0.72790433 | L144: 0.727904 | M144: =K144-L144 -> 3.3329216e-07 | N144: =J144/SUMIFS($J$5:$J$260,$A$5:$A$260,A144)*100 -> 0.6949541 | O144: =K144/100*H144 -> 97961402 | P144: =N144/100*H144 -> 93526958 | Q144: =P144-O144 -> -4434443.9 | R144: =Población!K16 -> 3606579 | S144: =E144*R144 -> 117199.95 | T144: =S144/SUMIFS($S$5:$S$260,$A$5:$A$260,A144)*100 -> 0.73705394 | U144: =(N144-T144)/100*H144 -> -5665798.5 | V144: =Población!L16 -> 3578620 | W144: =E144*V144 -> 116291.39 | X144: =W144/SUMIFS($W$5:$W$260,$A$5:$A$260,A144)*100 -> 0.73110392 | Y144: =(N144-X144)/100*H144 -> -4865045 | Z144: =Población!M16 -> 3538257 | AA144: =E144*Z144 -> 114979.74 | AB144: =AA144/SUMIFS($AA$5:$AA$260,$A$5:$A$260,A144)*100 -> 0.71945566 | AC144: =(N144-AB144)/100*H144 -> -3297421.2
... A164: FOFIR primera parte (30%) | B164: Zacatecas | C164: 347383977 | D164: 8529933 | E164: =IF(D164="",C164,D164/C164) -> 0.024554768 | F164: 1689186 | G164: =Población!D36 -> 1686419 | H164: ='Fondos 2027'!$B$24 -> 1.3458005e+10 | I164: =E164*F164 -> 41477.571 | J164: =E164*G164 -> 41409.627 | K164: =I164/SUMIFS($I$5:$I$260,$A$5:$A$260,A164)*100 -> 0.26027478 | L164: 0.260275 | M164: =K164-L164 -> -2.2200293e-07 | N164: =J164/SUMIFS($J$5:$J$260,$A$5:$A$260,A164)*100 -> 0.2590233 | O164: =K164/100*H164 -> 35027793 | P164: =N164/100*H164 -> 34859369 | Q164: =P164-O164 -> -168424.06 | R164: =Población!K36 -> 1695685 | S164: =E164*R164 -> 41637.152 | T164: =S164/SUMIFS($S$5:$S$260,$A$5:$A$260,A164)*100 -> 0.26185018 | U164: =(N164-T164)/100*H164 -> -380441.66 | V164: =Población!L36 -> 1703991 | W164: =E164*V164 -> 41841.104 | X164: =W164/SUMIFS($W$5:$W$260,$A$5:$A$260,A164)*100 -> 0.26304782 | Y164: =(N164-X164)/100*H164 -> -541619.74 | Z164: =Población!M36 -> 1695141 | AA164: =E164*Z164 -> 41623.794 | AB164: =AA164/SUMIFS($AA$5:$AA$260,$A$5:$A$260,A164)*100 -> 0.26045 | AC164: =(N164-AB164)/100*H164 -> -192005.49
A165: FOFIR segunda parte (10%) | B165: Aguascalientes | C165: 1520480 | E165: =IF(D165="",C165,D165/C165) -> 1520480 | F165: 1531396 | G165: =Población!D5 -> 1539174 | H165: ='Fondos 2027'!$B$25 -> 4.4860017e+09 | I165: =E165*F165 -> 2328456990080 | J165: =E165*G165 -> 2340283283520 | K165: =I165/SUMIFS($I$5:$I$260,$A$5:$A$260,A165)*100 -> 0.076385633 | L165: 0.076386 | M165: =K165-L165 -> -3.6741332e-07 | N165: =J165/SUMIFS($J$5:$J$260,$A$5:$A$260,A165)*100 -> 0.076544626 | O165: =K165/100*H165 -> 3426660.8 | P165: =N165/100*H165 -> 3433793.2 | Q165: =P165-O165 -> 7132.4427 | R165: =Población!K5 -> 1503564 | S165: =E165*R165 -> 2286138990720 | T165: =S165/SUMIFS($S$5:$S$260,$A$5:$A$260,A165)*100 -> 0.075362208 | U165: =(N165-T165)/100*H165 -> 53043.274 | V165: =Población!L5 -> 1519678 | W165: =E165*V165 -> 2310640005440 | X165: =W165/SUMIFS($W$5:$W$260,$A$5:$A$260,A165)*100 -> 0.07570805 | Y165: =(N165-X165)/100*H165 -> 37528.797 | Z165: =Población!M5 -> 1558219 | AA165: =E165*Z165 -> 2369240825120 | AB165: =AA165/SUMIFS($AA$5:$AA$260,$A$5:$A$260,A165)*100 -> 0.077541152 | AC165: =(N165-AB165)/100*H165 -> -44704.182
A166: FOFIR segunda parte (10%) | B166: Baja California | C166: 54279803 | E166: =IF(D166="",C166,D166/C166) -> 54279803 | F166: 3830329 | G166: =Población!D6 -> 4009678 | H166: ='Fondos 2027'!$B$25 -> 4.4860017e+09 | I166: =E166*F166 -> 207909503545187 | J166: =E166*G166 -> 217644531933434 | K166: =I166/SUMIFS($I$5:$I$260,$A$5:$A$260,A166)*100 -> 6.8205249 | L166: 6.820525 | M166: =K166-L166 -> -7.0082207e-08 | N166: =J166/SUMIFS($J$5:$J$260,$A$5:$A$260,A166)*100 -> 7.1185909 | O166: =K166/100*H166 -> 3.0596886e+08 | P166: =N166/100*H166 -> 3.1934011e+08 | Q166: =P166-O166 -> 13371244 | R166: =Población!K6 -> 3778283 | S166: =E166*R166 -> 205084456918249 | T166: =S166/SUMIFS($S$5:$S$260,$A$5:$A$260,A166)*100 -> 6.7605765 | U166: =(N166-T166)/100*H166 -> 16060531 | V166: =Población!L6 -> 3790412 | W166: =E166*V166 -> 205742816648836 | X166: =W166/SUMIFS($W$5:$W$260,$A$5:$A$260,A166)*100 -> 6.7411572 | Y166: =(N166-X166)/100*H166 -> 16931682 | Z166: =Población!M6 -> 3862801 | AA166: =E166*Z166 -> 209672077308203 | AB166: =AA166/SUMIFS($AA$5:$AA$260,$A$5:$A$260,A166)*100 -> 6.8622042 | AC166: =(N166-AB166)/100*H166 -> 11501510
A167: FOFIR segunda parte (10%) | B167: Baja California Sur | C167: 500253 | E167: =IF(D167="",C167,D167/C167) -> 500253 | F167: 928591 | G167: =Población!D7 -> 961514 | H167: ='Fondos 2027'!$B$25 -> 4.4860017e+09 | I167: =E167*F167 -> 464530433523 | J167: =E167*G167 -> 481000263042 | K167: =I167/SUMIFS($I$5:$I$260,$A$5:$A$260,A167)*100 -> 0.015239041 | L167: 0.015239 | M167: =K167-L167 -> 4.0777472e-08 | N167: =J167/SUMIFS($J$5:$J$260,$A$5:$A$260,A167)*100 -> 0.015732277 | O167: =K167/100*H167 -> 683623.63 | P167: =N167/100*H167 -> 705750.22 | Q167: =P167-O167 -> 22126.591 | R167: =Población!K7 -> 881164 | S167: =E167*R167 -> 440804934492 | T167: =S167/SUMIFS($S$5:$S$260,$A$5:$A$260,A167)*100 -> 0.014531065 | U167: =(N167-T167)/100*H167 -> 53886.416 | V167: =Población!L7 -> 906940 | W167: =E167*V167 -> 453699455820 | X167: =W167/SUMIFS($W$5:$W$260,$A$5:$A$260,A167)*100 -> 0.014865449 | Y167: =(N167-X167)/100*H167 -> 38885.924 | Z167: =Población!M7 -> 960359 | AA167: =E167*Z167 -> 480422470827 | AB167: =AA167/SUMIFS($AA$5:$AA$260,$A$5:$A$260,A167)*100 -> 0.015723396 | AC167: =(N167-AB167)/100*H167 -> 398.40475
A168: FOFIR segunda parte (10%) | B168: Campeche | C168: 0 | E168: =IF(D168="",C168,D168/C168) -> 0 | F168: 935371 | G168: =Población!D8 -> 968673 | H168: ='Fondos 2027'!$B$25 -> 4.4860017e+09 | I168: =E168*F168 -> 0 | J168: =E168*G168 -> 0 | K168: =I168/SUMIFS($I$5:$I$260,$A$5:$A$260,A168)*100 -> 0 | L168: 0 | M168: =K168-L168 -> 0 | N168: =J168/SUMIFS($J$5:$J$260,$A$5:$A$260,A168)*100 -> 0 | O168: =K168/100*H168 -> 0 | P168: =N168/100*H168 -> 0 | Q168: =P168-O168 -> 0 | R168: =Población!K8 -> 925978 | S168: =E168*R168 -> 0 | T168: =S168/SUMIFS($S$5:$S$260,$A$5:$A$260,A168)*100 -> 0 | U168: =(N168-T168)/100*H168 -> 0 | V168: =Población!L8 -> 918817 | W168: =E168*V168 -> 0 | X168: =W168/SUMIFS($W$5:$W$260,$A$5:$A$260,A168)*100 -> 0 | Y168: =(N168-X168)/100*H168 -> 0 | Z168: =Población!M8 -> 952094 | AA168: =E168*Z168 -> 0 | AB168: =AA168/SUMIFS($AA$5:$AA$260,$A$5:$A$260,A168)*100 -> 0 | AC168: =(N168-AB168)/100*H168 -> 0
A169: FOFIR segunda parte (10%) | B169: Coahuila | C169: 272163 | E169: =IF(D169="",C169,D169/C169) -> 272163 | F169: 3590747 | G169: =Población!D9 -> 3415128 | H169: ='Fondos 2027'!$B$25 -> 4.4860017e+09 | I169: =E169*F169 -> 977268475761 | J169: =E169*G169 -> 929471481864 | K169: =I169/SUMIFS($I$5:$I$260,$A$5:$A$260,A169)*100 -> 0.032059545 | L169: 0.032059 | M169: =K169-L169 -> 5.4460231e-07 | N169: =J169/SUMIFS($J$5:$J$260,$A$5:$A$260,A169)*100 -> 0.030400613 | O169: =K169/100*H169 -> 1438191.7 | P169: =N169/100*H169 -> 1363772 | Q169: =P169-O169 -> -74419.691 | R169: =Población!K9 -> 3452989 | S169: =E169*R169 -> 939775845207 | T169: =S169/SUMIFS($S$5:$S$260,$A$5:$A$260,A169)*100 -> 0.030979561 | U169: =(N169-T169)/100*H169 -> -25971.622 | V169: =Población!L9 -> 3582441 | W169: =E169*V169 -> 975007889883 | X169: =W169/SUMIFS($W$5:$W$260,$A$5:$A$260,A169)*100 -> 0.031946104 | Y169: =(N169-X169)/100*H169 -> -69330.752 | Z169: =Población!M9 -> 3510963 | AA169: =E169*Z169 -> 955554222969 | AB169: =AA169/SUMIFS($AA$5:$AA$260,$A$5:$A$260,A169)*100 -> 0.031273636 | AC169: =(N169-AB169)/100*H169 -> -39163.821
A170: FOFIR segunda parte (10%) | B170: Colima | C170: 0 | E170: =IF(D170="",C170,D170/C170) -> 0 | F170: 762355 | G170: =Población!D10 -> 762212 | H170: ='Fondos 2027'!$B$25 -> 4.4860017e+09 | I170: =E170*F170 -> 0 | J170: =E170*G170 -> 0 | K170: =I170/SUMIFS($I$5:$I$260,$A$5:$A$260,A170)*100 -> 0 | L170: 0 | M170: =K170-L170 -> 0 | N170: =J170/SUMIFS($J$5:$J$260,$A$5:$A$260,A170)*100 -> 0 | O170: =K170/100*H170 -> 0 | P170: =N170/100*H170 -> 0 | Q170: =P170-O170 -> 0 | R170: =Población!K10 -> 728776 | S170: =E170*R170 -> 0 | T170: =S170/SUMIFS($S$5:$S$260,$A$5:$A$260,A170)*100 -> 0 | U170: =(N170-T170)/100*H170 -> 0 | V170: =Población!L10 -> 745394 | W170: =E170*V170 -> 0 | X170: =W170/SUMIFS($W$5:$W$260,$A$5:$A$260,A170)*100 -> 0 | Y170: =(N170-X170)/100*H170 -> 0 | Z170: =Población!M10 -> 771093 | AA170: =E170*Z170 -> 0 | AB170: =AA170/SUMIFS($AA$5:$AA$260,$A$5:$A$260,A170)*100 -> 0 | AC170: =(N170-AB170)/100*H170 -> 0
A171: FOFIR segunda parte (10%) | B171: Chiapas | C171: 936036 | E171: =IF(D171="",C171,D171/C171) -> 936036 | F171: 5891372 | G171: =Población!D11 -> 5860728 | H171: ='Fondos 2027'!$B$25 -> 4.4860017e+09 | I171: =E171*F171 -> 5514536281392 | J171: =E171*G171 -> 5485852394208 | K171: =I171/SUMIFS($I$5:$I$260,$A$5:$A$260,A171)*100 -> 0.18090579 | L171: 0.180906 | M171: =K171-L171 -> -2.1386312e-07 | N171: =J171/SUMIFS($J$5:$J$260,$A$5:$A$260,A171)*100 -> 0.17942807 | O171: =K171/100*H171 -> 8115436.6 | P171: =N171/100*H171 -> 8049146.4 | Q171: =P171-O171 -> -66290.247 | R171: =Población!K11 -> 5975155 | S171: =E171*R171 -> 5592960185580 | T171: =S171/SUMIFS($S$5:$S$260,$A$5:$A$260,A171)*100 -> 0.18437104 | U171: =(N171-T171)/100*H171 -> -221741.73 | V171: =Población!L11 -> 5900473 | W171: =E171*V171 -> 5523055145028 | X171: =W171/SUMIFS($W$5:$W$260,$A$5:$A$260,A171)*100 -> 0.18096274 | Y171: =(N171-X171)/100*H171 -> -68845.004 | Z171: =Población!M11 -> 5885528 | AA171: =E171*Z171 -> 5509066087008 | AB171: =AA171/SUMIFS($AA$5:$AA$260,$A$5:$A$260,A171)*100 -> 0.1803022 | AC171: =(N171-AB171)/100*H171 -> -39213.33
A172: FOFIR segunda parte (10%) | B172: Chihuahua | C172: 15598564 | E172: =IF(D172="",C172,D172/C172) -> 15598564 | F172: 4015493 | G172: =Población!D12 -> 3903944 | H172: ='Fondos 2027'!$B$25 -> 4.4860017e+09 | I172: =E172*F172 -> 62635924552052 | J172: =E172*G172 -> 60895920336416 | K172: =I172/SUMIFS($I$5:$I$260,$A$5:$A$260,A172)*100 -> 2.0547877 | L172: 2.054788 | M172: =K172-L172 -> -3.2732937e-07 | N172: =J172/SUMIFS($J$5:$J$260,$A$5:$A$260,A172)*100 -> 1.9917484 | O172: =K172/100*H172 -> 92177810 | P172: =N172/100*H172 -> 89349866 | Q172: =P172-O172 -> -2827943.7 | R172: =Población!K12 -> 3976037 | S172: =E172*R172 -> 62020467610868 | T172: =S172/SUMIFS($S$5:$S$260,$A$5:$A$260,A172)*100 -> 2.0444949 | U172: =(N172-T172)/100*H172 -> -2366207.6 | V172: =Población!L12 -> 3991333 | W172: =E172*V172 -> 62259063245812 | X172: =W172/SUMIFS($W$5:$W$260,$A$5:$A$260,A172)*100 -> 2.0399163 | Y172: =(N172-X172)/100*H172 -> -2160815.2 | Z172: =Población!M12 -> 3985958 | AA172: =E172*Z172 -> 62175220964312 | AB172: =AA172/SUMIFS($AA$5:$AA$260,$A$5:$A$260,A172)*100 -> 2.0348874 | AC172: =(N172-AB172)/100*H172 -> -1935216.4
A173: FOFIR segunda parte (10%) | B173: Ciudad de México | C173: 17669651 | E173: =IF(D173="",C173,D173/C173) -> 17669651 | F173: 9336468 | G173: =Población!D13 -> 9216407 | H173: ='Fondos 2027'!$B$25 -> 4.4860017e+09 | I173: =E173*F173 -> 164972131132668 | J173: =E173*G173 -> 162850695163957 | K173: =I173/SUMIFS($I$5:$I$260,$A$5:$A$260,A173)*100 -> 5.4119533 | L173: 5.411953 | M173: =K173-L173 -> 3.448238e-07 | N173: =J173/SUMIFS($J$5:$J$260,$A$5:$A$260,A173)*100 -> 5.3264259 | O173: =K173/100*H173 -> 2.4278032e+08 | P173: =N173/100*H173 -> 2.3894356e+08 | Q173: =P173-O173 -> -3836761.8 | R173: =Población!K13 -> 9350964 | S173: =E173*R173 -> 165228270393564 | T173: =S173/SUMIFS($S$5:$S$260,$A$5:$A$260,A173)*100 -> 5.4467237 | U173: =(N173-T173)/100*H173 -> -5396558.7 | V173: =Población!L13 -> 9319955 | W173: =E173*V173 -> 164680352185705 | X173: =W173/SUMIFS($W$5:$W$260,$A$5:$A$260,A173)*100 -> 5.3957468 | Y173: =(N173-X173)/100*H173 -> -3109735.2 | Z173: =Población!M13 -> 9296753 | AA173: =E173*Z173 -> 164270380943203 | AB173: =AA173/SUMIFS($AA$5:$AA$260,$A$5:$A$260,A173)*100 -> 5.3762853 | AC173: =(N173-AB173)/100*H173 -> -2236692.2
A174: FOFIR segunda parte (10%) | B174: Durango | C174: 0 | E174: =IF(D174="",C174,D174/C174) -> 0 | F174: 1968132 | G174: =Población!D14 -> 1943290 | H174: ='Fondos 2027'!$B$25 -> 4.4860017e+09 | I174: =E174*F174 -> 0 | J174: =E174*G174 -> 0 | K174: =I174/SUMIFS($I$5:$I$260,$A$5:$A$260,A174)*100 -> 0 | L174: 0 | M174: =K174-L174 -> 0 | N174: =J174/SUMIFS($J$5:$J$260,$A$5:$A$260,A174)*100 -> 0 | O174: =K174/100*H174 -> 0 | P174: =N174/100*H174 -> 0 | Q174: =P174-O174 -> 0 | R174: =Población!K14 -> 1944614 | S174: =E174*R174 -> 0 | T174: =S174/SUMIFS($S$5:$S$260,$A$5:$A$260,A174)*100 -> 0 | U174: =(N174-T174)/100*H174 -> 0 | V174: =Población!L14 -> 1954301 | W174: =E174*V174 -> 0 | X174: =W174/SUMIFS($W$5:$W$260,$A$5:$A$260,A174)*100 -> 0 | Y174: =(N174-X174)/100*H174 -> 0 | Z174: =Población!M14 -> 1959669 | AA174: =E174*Z174 -> 0 | AB174: =AA174/SUMIFS($AA$5:$AA$260,$A$5:$A$260,A174)*100 -> 0 | AC174: =(N174-AB174)/100*H174 -> 0
A175: FOFIR segunda parte (10%) | B175: Guanajuato | C175: 29202546 | E175: =IF(D175="",C175,D175/C175) -> 29202546 | F175: 6402249 | G175: =Población!D15 -> 6446935 | H175: ='Fondos 2027'!$B$25 -> 4.4860017e+09 | I175: =E175*F175 -> 186961970925954 | J175: =E175*G175 -> 188266915896510 | K175: =I175/SUMIFS($I$5:$I$260,$A$5:$A$260,A175)*100 -> 6.1333357 | L175: 6.133336 | M175: =K175-L175 -> -2.8468534e-07 | N175: =J175/SUMIFS($J$5:$J$260,$A$5:$A$260,A175)*100 -> 6.1577249 | O175: =K175/100*H175 -> 2.7514154e+08 | P175: =N175/100*H175 -> 2.7623564e+08 | Q175: =P175-O175 -> 1094099.2 | R175: =Población!K15 -> 6345807 | S175: =E175*R175 -> 185313720824622 | T175: =S175/SUMIFS($S$5:$S$260,$A$5:$A$260,A175)*100 -> 6.1088373 | U175: =(N175-T175)/100*H175 -> 2193096.8 | V175: =Población!L15 -> 6376710 | W175: =E175*V175 -> 186216167103660 | X175: =W175/SUMIFS($W$5:$W$260,$A$5:$A$260,A175)*100 -> 6.1013671 | Y175: =(N175-X175)/100*H175 -> 2528211.2 | Z175: =Población!M15 -> 6432483 | AA175: =E175*Z175 -> 187844880701718 | AB175: =AA175/SUMIFS($AA$5:$AA$260,$A$5:$A$260,A175)*100 -> 6.1478379 | AC175: =(N175-AB175)/100*H175 -> 443532.37
A176: FOFIR segunda parte (10%) | B176: Guerrero | C176: 0 | E176: =IF(D176="",C176,D176/C176) -> 0 | F176: 3569633 | G176: =Población!D16 -> 3418902 | H176: ='Fondos 2027'!$B$25 -> 4.4860017e+09 | I176: =E176*F176 -> 0 | J176: =E176*G176 -> 0 | K176: =I176/SUMIFS($I$5:$I$260,$A$5:$A$260,A176)*100 -> 0 | L176: 0 | M176: =K176-L176 -> 0 | N176: =J176/SUMIFS($J$5:$J$260,$A$5:$A$260,A176)*100 -> 0 | O176: =K176/100*H176 -> 0 | P176: =N176/100*H176 -> 0 | Q176: =P176-O176 -> 0 | R176: =Población!K16 -> 3606579 | S176: =E176*R176 -> 0 | T176: =S176/SUMIFS($S$5:$S$260,$A$5:$A$260,A176)*100 -> 0 | U176: =(N176-T176)/100*H176 -> 0 | V176: =Población!L16 -> 3578620 | W176: =E176*V176 -> 0 | X176: =W176/SUMIFS($W$5:$W$260,$A$5:$A$260,A176)*100 -> 0 | Y176: =(N176-X176)/100*H176 -> 0 | Z176: =Población!M16 -> 3538257 | AA176: =E176*Z176 -> 0 | AB176: =AA176/SUMIFS($AA$5:$AA$260,$A$5:$A$260,A176)*100 -> 0 | AC176: =(N176-AB176)/100*H176 -> 0
... A196: FOFIR segunda parte (10%) | B196: Zacatecas | C196: 0 | E196: =IF(D196="",C196,D196/C196) -> 0 | F196: 1689186 | G196: =Población!D36 -> 1686419 | H196: ='Fondos 2027'!$B$25 -> 4.4860017e+09 | I196: =E196*F196 -> 0 | J196: =E196*G196 -> 0 | K196: =I196/SUMIFS($I$5:$I$260,$A$5:$A$260,A196)*100 -> 0 | L196: 0 | M196: =K196-L196 -> 0 | N196: =J196/SUMIFS($J$5:$J$260,$A$5:$A$260,A196)*100 -> 0 | O196: =K196/100*H196 -> 0 | P196: =N196/100*H196 -> 0 | Q196: =P196-O196 -> 0 | R196: =Población!K36 -> 1695685 | S196: =E196*R196 -> 0 | T196: =S196/SUMIFS($S$5:$S$260,$A$5:$A$260,A196)*100 -> 0 | U196: =(N196-T196)/100*H196 -> 0 | V196: =Población!L36 -> 1703991 | W196: =E196*V196 -> 0 | X196: =W196/SUMIFS($W$5:$W$260,$A$5:$A$260,A196)*100 -> 0 | Y196: =(N196-X196)/100*H196 -> 0 | Z196: =Población!M36 -> 1695141 | AA196: =E196*Z196 -> 0 | AB196: =AA196/SUMIFS($AA$5:$AA$260,$A$5:$A$260,A196)*100 -> 0 | AC196: =(N196-AB196)/100*H196 -> 0
A197: FOFIR tercera parte (30%) | B197: Aguascalientes | C197: 5384140862 | D197: 5999239609 | E197: =IF(D197="",C197,D197/C197) -> 1.1142427 | F197: 1531396 | G197: =Población!D5 -> 1539174 | H197: ='Fondos 2027'!$B$26 -> 1.3458005e+10 | I197: =E197*F197 -> 1706346.8 | J197: =E197*G197 -> 1715013.4 | K197: =I197/SUMIFS($I$5:$I$260,$A$5:$A$260,A197)*100 -> 1.1406447 | L197: 1.140645 | M197: =K197-L197 -> -2.5450335e-07 | N197: =J197/SUMIFS($J$5:$J$260,$A$5:$A$260,A197)*100 -> 1.1492152 | O197: =K197/100*H197 -> 1.5350803e+08 | P197: =N197/100*H197 -> 1.5466144e+08 | Q197: =P197-O197 -> 1153417.2 | R197: =Población!K5 -> 1503564 | S197: =E197*R197 -> 1675335.2 | T197: =S197/SUMIFS($S$5:$S$260,$A$5:$A$260,A197)*100 -> 1.1230409 | U197: =(N197-T197)/100*H197 -> 3522540.2 | V197: =Población!L5 -> 1519678 | W197: =E197*V197 -> 1693290.1 | X197: =W197/SUMIFS($W$5:$W$260,$A$5:$A$260,A197)*100 -> 1.133169 | Y197: =(N197-X197)/100*H197 -> 2159504.6 | Z197: =Población!M5 -> 1558219 | AA197: =E197*Z197 -> 1736234.1 | AB197: =AA197/SUMIFS($AA$5:$AA$260,$A$5:$A$260,A197)*100 -> 1.1601634 | AC197: =(N197-AB197)/100*H197 -> -1473408.1
A198: FOFIR tercera parte (30%) | B198: Baja California | C198: 29484012362 | D198: 32050362891 | E198: =IF(D198="",C198,D198/C198) -> 1.0870421 | F198: 3830329 | G198: =Población!D6 -> 4009678 | H198: ='Fondos 2027'!$B$26 -> 1.3458005e+10 | I198: =E198*F198 -> 4163728.9 | J198: =E198*G198 -> 4358688.8 | K198: =I198/SUMIFS($I$5:$I$260,$A$5:$A$260,A198)*100 -> 2.7833354 | L198: 2.783335 | M198: =K198-L198 -> 4.2141469e-07 | N198: =J198/SUMIFS($J$5:$J$260,$A$5:$A$260,A198)*100 -> 2.9207187 | O198: =K198/100*H198 -> 3.7458142e+08 | P198: =N198/100*H198 -> 3.9307047e+08 | Q198: =P198-O198 -> 18489045 | R198: =Población!K6 -> 3778283 | S198: =E198*R198 -> 4107152.7 | T198: =S198/SUMIFS($S$5:$S$260,$A$5:$A$260,A198)*100 -> 2.7531807 | U198: =(N198-T198)/100*H198 -> 22547265 | V198: =Población!L6 -> 3790412 | W198: =E198*V198 -> 4120337.4 | X198: =W198/SUMIFS($W$5:$W$260,$A$5:$A$260,A198)*100 -> 2.7573767 | Y198: =(N198-X198)/100*H198 -> 21982575 | Z198: =Población!M6 -> 3862801 | AA198: =E198*Z198 -> 4199027.3 | AB198: =AA198/SUMIFS($AA$5:$AA$260,$A$5:$A$260,A198)*100 -> 2.8058186 | AC198: =(N198-AB198)/100*H198 -> 15463263
A199: FOFIR tercera parte (30%) | B199: Baja California Sur | C199: 5736083240 | D199: 6240882605 | E199: =IF(D199="",C199,D199/C199) -> 1.0880042 | F199: 928591 | G199: =Población!D7 -> 961514 | H199: ='Fondos 2027'!$B$26 -> 1.3458005e+10 | I199: =E199*F199 -> 1010310.9 | J199: =E199*G199 -> 1046131.3 | K199: =I199/SUMIFS($I$5:$I$260,$A$5:$A$260,A199)*100 -> 0.67536436 | L199: 0.675364 | M199: =K199-L199 -> 3.6196413e-07 | N199: =J199/SUMIFS($J$5:$J$260,$A$5:$A$260,A199)*100 -> 0.70100327 | O199: =K199/100*H199 -> 90890570 | P199: =N199/100*H199 -> 94341055 | Q199: =P199-O199 -> 3450485.4 | R199: =Población!K7 -> 881164 | S199: =E199*R199 -> 958710.12 | T199: =S199/SUMIFS($S$5:$S$260,$A$5:$A$260,A199)*100 -> 0.64265987 | U199: =(N199-T199)/100*H199 -> 7851857.1 | V199: =Población!L7 -> 906940 | W199: =E199*V199 -> 986754.52 | X199: =W199/SUMIFS($W$5:$W$260,$A$5:$A$260,A199)*100 -> 0.66034734 | Y199: =(N199-X199)/100*H199 -> 5471476.3 | Z199: =Población!M7 -> 960359 | AA199: =E199*Z199 -> 1044874.6 | AB199: =AA199/SUMIFS($AA$5:$AA$260,$A$5:$A$260,A199)*100 -> 0.69819231 | AC199: =(N199-AB199)/100*H199 -> 378299.15
A200: FOFIR tercera parte (30%) | B200: Campeche | C200: 3605167152 | D200: 3313630825 | E200: =IF(D200="",C200,D200/C200) -> 0.91913376 | F200: 935371 | G200: =Población!D8 -> 968673 | H200: ='Fondos 2027'!$B$26 -> 1.3458005e+10 | I200: =E200*F200 -> 859731.06 | J200: =E200*G200 -> 890340.05 | K200: =I200/SUMIFS($I$5:$I$260,$A$5:$A$260,A200)*100 -> 0.57470598 | L200: 0.574706 | M200: =K200-L200 -> -1.671121e-08 | N200: =J200/SUMIFS($J$5:$J$260,$A$5:$A$260,A200)*100 -> 0.59660896 | O200: =K200/100*H200 -> 77343960 | P200: =N200/100*H200 -> 80291664 | Q200: =P200-O200 -> 2947704.1 | R200: =Población!K8 -> 925978 | S200: =E200*R200 -> 851097.64 | T200: =S200/SUMIFS($S$5:$S$260,$A$5:$A$260,A200)*100 -> 0.57052313 | U200: =(N200-T200)/100*H200 -> 3510633 | V200: =Población!L8 -> 918817 | W200: =E200*V200 -> 844515.72 | X200: =W200/SUMIFS($W$5:$W$260,$A$5:$A$260,A200)*100 -> 0.56515952 | Y200: =(N200-X200)/100*H200 -> 4232467.4 | Z200: =Población!M8 -> 952094 | AA200: =E200*Z200 -> 875101.73 | AB200: =AA200/SUMIFS($AA$5:$AA$260,$A$5:$A$260,A200)*100 -> 0.58474892 | AC200: =(N200-AB200)/100*H200 -> 1596125.7
A201: FOFIR tercera parte (30%) | B201: Coahuila | C201: 13249731591 | D201: 16399735233 | E201: =IF(D201="",C201,D201/C201) -> 1.2377409 | F201: 3590747 | G201: =Población!D9 -> 3415128 | H201: ='Fondos 2027'!$B$26 -> 1.3458005e+10 | I201: =E201*F201 -> 4444414.6 | J201: =E201*G201 -> 4227043.7 | K201: =I201/SUMIFS($I$5:$I$260,$A$5:$A$260,A201)*100 -> 2.9709659 | L201: 2.970966 | M201: =K201-L201 -> -1.2303844e-07 | N201: =J201/SUMIFS($J$5:$J$260,$A$5:$A$260,A201)*100 -> 2.8325045 | O201: =K201/100*H201 -> 3.9983274e+08 | P201: =N201/100*H201 -> 3.811986e+08 | Q201: =P201-O201 -> -18634143 | R201: =Población!K9 -> 3452989 | S201: =E201*R201 -> 4273905.9 | T201: =S201/SUMIFS($S$5:$S$260,$A$5:$A$260,A201)*100 -> 2.8649617 | U201: =(N201-T201)/100*H201 -> -4368095.4 | V201: =Población!L9 -> 3582441 | W201: =E201*V201 -> 4434133.9 | X201: =W201/SUMIFS($W$5:$W$260,$A$5:$A$260,A201)*100 -> 2.9673728 | Y201: =(N201-X201)/100*H201 -> -18150588 | Z201: =Población!M9 -> 3510963 | AA201: =E201*Z201 -> 4345662.6 | AB201: =AA201/SUMIFS($AA$5:$AA$260,$A$5:$A$260,A201)*100 -> 2.9038013 | AC201: =(N201-AB201)/100*H201 -> -9595125.7
A202: FOFIR tercera parte (30%) | B202: Colima | C202: 2781620079 | D202: 3126852128 | E202: =IF(D202="",C202,D202/C202) -> 1.1241119 | F202: 762355 | G202: =Población!D10 -> 762212 | H202: ='Fondos 2027'!$B$26 -> 1.3458005e+10 | I202: =E202*F202 -> 856972.3 | J202: =E202*G202 -> 856811.55 | K202: =I202/SUMIFS($I$5:$I$260,$A$5:$A$260,A202)*100 -> 0.57286183 | L202: 0.572862 | M202: =K202-L202 -> -1.7093736e-07 | N202: =J202/SUMIFS($J$5:$J$260,$A$5:$A$260,A202)*100 -> 0.57414181 | O202: =K202/100*H202 -> 77095774 | P202: =N202/100*H202 -> 77268034 | Q202: =P202-O202 -> 172260.13 | R202: =Población!K10 -> 728776 | S202: =E202*R202 -> 819225.75 | T202: =S202/SUMIFS($S$5:$S$260,$A$5:$A$260,A202)*100 -> 0.54915819 | U202: =(N202-T202)/100*H202 -> 3362297.4 | V202: =Población!L10 -> 745394 | W202: =E202*V202 -> 837906.24 | X202: =W202/SUMIFS($W$5:$W$260,$A$5:$A$260,A202)*100 -> 0.56073638 | Y202: =(N202-X202)/100*H202 -> 1804103.5 | Z202: =Población!M10 -> 771093 | AA202: =E202*Z202 -> 866794.79 | AB202: =AA202/SUMIFS($AA$5:$AA$260,$A$5:$A$260,A202)*100 -> 0.57919816 | AC202: =(N202-AB202)/100*H202 -> -680483.47
A203: FOFIR tercera parte (30%) | B203: Chiapas | C203: 5216080441 | D203: 8053623880 | E203: =IF(D203="",C203,D203/C203) -> 1.5439992 | F203: 5891372 | G203: =Población!D11 -> 5860728 | H203: ='Fondos 2027'!$B$26 -> 1.3458005e+10 | I203: =E203*F203 -> 9096273.5 | J203: =E203*G203 -> 9048959.2 | K203: =I203/SUMIFS($I$5:$I$260,$A$5:$A$260,A203)*100 -> 6.0806025 | L203: 6.080602 | M203: =K203-L203 -> 4.5810156e-07 | N203: =J203/SUMIFS($J$5:$J$260,$A$5:$A$260,A203)*100 -> 6.0636272 | O203: =K203/100*H203 -> 8.1832779e+08 | P203: =N203/100*H203 -> 8.1604325e+08 | Q203: =P203-O203 -> -2284532.6 | R203: =Población!K11 -> 5975155 | S203: =E203*R203 -> 9225634.4 | T203: =S203/SUMIFS($S$5:$S$260,$A$5:$A$260,A203)*100 -> 6.1842937 | U203: =(N203-T203)/100*H203 -> -16239309 | V203: =Población!L11 -> 5900473 | W203: =E203*V203 -> 9110325.4 | X203: =W203/SUMIFS($W$5:$W$260,$A$5:$A$260,A203)*100 -> 6.0967334 | Y203: =(N203-X203)/100*H203 -> -4455429.8 | Z203: =Población!M11 -> 5885528 | AA203: =E203*Z203 -> 9087250.4 | AB203: =AA203/SUMIFS($AA$5:$AA$260,$A$5:$A$260,A203)*100 -> 6.0721623 | AC203: =(N203-AB203)/100*H203 -> -1148662
A204: FOFIR tercera parte (30%) | B204: Chihuahua | C204: 26119425044 | D204: 29378013855 | E204: =IF(D204="",C204,D204/C204) -> 1.1247573 | F204: 4015493 | G204: =Población!D12 -> 3903944 | H204: ='Fondos 2027'!$B$26 -> 1.3458005e+10 | I204: =E204*F204 -> 4516455 | J204: =E204*G204 -> 4390989.5 | K204: =I204/SUMIFS($I$5:$I$260,$A$5:$A$260,A204)*100 -> 3.0191229 | L204: 3.019123 | M204: =K204-L204 -> -9.4325316e-08 | N204: =J204/SUMIFS($J$5:$J$260,$A$5:$A$260,A204)*100 -> 2.9423631 | O204: =K204/100*H204 -> 4.0631371e+08 | P204: =N204/100*H204 -> 3.9598337e+08 | Q204: =P204-O204 -> -10330343 | R204: =Población!K12 -> 3976037 | S204: =E204*R204 -> 4472076.6 | T204: =S204/SUMIFS($S$5:$S$260,$A$5:$A$260,A204)*100 -> 2.9978031 | U204: =(N204-T204)/100*H204 -> -7461123.7 | V204: =Población!L12 -> 3991333 | W204: =E204*V204 -> 4489280.9 | X204: =W204/SUMIFS($W$5:$W$260,$A$5:$A$260,A204)*100 -> 3.0042778 | Y204: =(N204-X204)/100*H204 -> -8332491.5 | Z204: =Población!M12 -> 3985958 | AA204: =E204*Z204 -> 4483235.3 | AB204: =AA204/SUMIFS($AA$5:$AA$260,$A$5:$A$260,A204)*100 -> 2.9957283 | AC204: =(N204-AB204)/100*H204 -> -7181892
A205: FOFIR tercera parte (30%) | B205: Ciudad de México | C205: 83248412524 | D205: 103599810122 | E205: =IF(D205="",C205,D205/C205) -> 1.2444659 | F205: 9336468 | G205: =Población!D13 -> 9216407 | H205: ='Fondos 2027'!$B$26 -> 1.3458005e+10 | I205: =E205*F205 -> 11618916 | J205: =E205*G205 -> 11469504 | K205: =I205/SUMIFS($I$5:$I$260,$A$5:$A$260,A205)*100 -> 7.7669179 | L205: 7.766918 | M205: =K205-L205 -> -1.2224129e-07 | N205: =J205/SUMIFS($J$5:$J$260,$A$5:$A$260,A205)*100 -> 7.6856129 | O205: =K205/100*H205 -> 1.0452722e+09 | P205: =N205/100*H205 -> 1.0343302e+09 | Q205: =P205-O205 -> -10942028 | R205: =Población!K13 -> 9350964 | S205: =E205*R205 -> 11636956 | T205: =S205/SUMIFS($S$5:$S$260,$A$5:$A$260,A205)*100 -> 7.8006942 | U205: =(N205-T205)/100*H205 -> -15487649 | V205: =Población!L13 -> 9319955 | W205: =E205*V205 -> 11598366 | X205: =W205/SUMIFS($W$5:$W$260,$A$5:$A$260,A205)*100 -> 7.7617585 | Y205: =(N205-X205)/100*H205 -> -10247677 | Z205: =Población!M13 -> 9296753 | AA205: =E205*Z205 -> 11569492 | AB205: =AA205/SUMIFS($AA$5:$AA$260,$A$5:$A$260,A205)*100 -> 7.7308131 | AC205: =(N205-AB205)/100*H205 -> -6083042.4
A206: FOFIR tercera parte (30%) | B206: Durango | C206: 5165207847 | D206: 5695831479 | E206: =IF(D206="",C206,D206/C206) -> 1.1027304 | F206: 1968132 | G206: =Población!D14 -> 1943290 | H206: ='Fondos 2027'!$B$26 -> 1.3458005e+10 | I206: =E206*F206 -> 2170318.9 | J206: =E206*G206 -> 2142924.9 | K206: =I206/SUMIFS($I$5:$I$260,$A$5:$A$260,A206)*100 -> 1.450797 | L206: 1.450797 | M206: =K206-L206 -> 1.5010637e-08 | N206: =J206/SUMIFS($J$5:$J$260,$A$5:$A$260,A206)*100 -> 1.4359549 | O206: =K206/100*H206 -> 1.9524834e+08 | P206: =N206/100*H206 -> 1.9325089e+08 | Q206: =P206-O206 -> -1997449.1 | R206: =Población!K14 -> 1944614 | S206: =E206*R206 -> 2144384.9 | T206: =S206/SUMIFS($S$5:$S$260,$A$5:$A$260,A206)*100 -> 1.4374628 | U206: =(N206-T206)/100*H206 -> -202926.58 | V206: =Población!L14 -> 1954301 | W206: =E206*V206 -> 2155067 | X206: =W206/SUMIFS($W$5:$W$260,$A$5:$A$260,A206)*100 -> 1.4421954 | Y206: =(N206-X206)/100*H206 -> -839838.19 | Z206: =Población!M14 -> 1959669 | AA206: =E206*Z206 -> 2160986.5 | AB206: =AA206/SUMIFS($AA$5:$AA$260,$A$5:$A$260,A206)*100 -> 1.4439858 | AC206: =(N206-AB206)/100*H206 -> -1080800.2
A207: FOFIR tercera parte (30%) | B207: Guanajuato | C207: 20655474078 | D207: 22628728014 | E207: =IF(D207="",C207,D207/C207) -> 1.0955318 | F207: 6402249 | G207: =Población!D15 -> 6446935 | H207: ='Fondos 2027'!$B$26 -> 1.3458005e+10 | I207: =E207*F207 -> 7013867.2 | J207: =E207*G207 -> 7062822.1 | K207: =I207/SUMIFS($I$5:$I$260,$A$5:$A$260,A207)*100 -> 4.6885725 | L207: 4.688573 | M207: =K207-L207 -> -4.8199739e-07 | N207: =J207/SUMIFS($J$5:$J$260,$A$5:$A$260,A207)*100 -> 4.7327344 | O207: =K207/100*H207 -> 6.3098833e+08 | P207: =N207/100*H207 -> 6.3693163e+08 | Q207: =P207-O207 -> 5943303.6 | R207: =Población!K15 -> 6345807 | S207: =E207*R207 -> 6952033.2 | T207: =S207/SUMIFS($S$5:$S$260,$A$5:$A$260,A207)*100 -> 4.6602123 | U207: =(N207-T207)/100*H207 -> 9760019.2 | V207: =Población!L15 -> 6376710 | W207: =E207*V207 -> 6985888.4 | X207: =W207/SUMIFS($W$5:$W$260,$A$5:$A$260,A207)*100 -> 4.6750359 | Y207: =(N207-X207)/100*H207 -> 7765058.5 | Z207: =Población!M15 -> 6432483 | AA207: =E207*Z207 -> 7046989.5 | AB207: =AA207/SUMIFS($AA$5:$AA$260,$A$5:$A$260,A207)*100 -> 4.7088462 | AC207: =(N207-AB207)/100*H207 -> 3214873.6
A208: FOFIR tercera parte (30%) | B208: Guerrero | C208: 4116571342 | D208: 5343602918 | E208: =IF(D208="",C208,D208/C208) -> 1.2980713 | F208: 3569633 | G208: =Población!D16 -> 3418902 | H208: ='Fondos 2027'!$B$26 -> 1.3458005e+10 | I208: =E208*F208 -> 4633638 | J208: =E208*G208 -> 4437978.4 | K208: =I208/SUMIFS($I$5:$I$260,$A$5:$A$260,A208)*100 -> 3.0974564 | L208: 3.097456 | M208: =K208-L208 -> 3.9522465e-07 | N208: =J208/SUMIFS($J$5:$J$260,$A$5:$A$260,A208)*100 -> 2.9738499 | O208: =K208/100*H208 -> 4.1685584e+08 | P208: =N208/100*H208 -> 4.0022087e+08 | Q208: =P208-O208 -> -16634966 | R208: =Población!K16 -> 3606579 | S208: =E208*R208 -> 4681596.5 | T208: =S208/SUMIFS($S$5:$S$260,$A$5:$A$260,A208)*100 -> 3.1382523 | U208: =(N208-T208)/100*H208 -> -22125277 | V208: =Población!L16 -> 3578620 | W208: =E208*V208 -> 4645303.7 | X208: =W208/SUMIFS($W$5:$W$260,$A$5:$A$260,A208)*100 -> 3.1086901 | Y208: =(N208-X208)/100*H208 -> -18146796 | Z208: =Población!M16 -> 3538257 | AA208: =E208*Z208 -> 4592909.7 | AB208: =AA208/SUMIFS($AA$5:$AA$260,$A$5:$A$260,A208)*100 -> 3.0690134 | AC208: =(N208-AB208)/100*H208 -> -12807109
... A228: FOFIR tercera parte (30%) | B228: Zacatecas | C228: 4819410776 | D228: 5425831297 | E228: =IF(D228="",C228,D228/C228) -> 1.1258288 | F228: 1689186 | G228: =Población!D36 -> 1686419 | H228: ='Fondos 2027'!$B$26 -> 1.3458005e+10 | I228: =E228*F228 -> 1901734.2 | J228: =E228*G228 -> 1898619 | K228: =I228/SUMIFS($I$5:$I$260,$A$5:$A$260,A228)*100 -> 1.2712557 | L228: 1.271256 | M228: =K228-L228 -> -2.8992179e-07 | N228: =J228/SUMIFS($J$5:$J$260,$A$5:$A$260,A228)*100 -> 1.2722477 | O228: =K228/100*H228 -> 1.7108566e+08 | P228: =N228/100*H228 -> 1.7121917e+08 | Q228: =P228-O228 -> 133508.64 | R228: =Población!K36 -> 1695685 | S228: =E228*R228 -> 1909051 | T228: =S228/SUMIFS($S$5:$S$260,$A$5:$A$260,A228)*100 -> 1.2797095 | U228: =(N228-T228)/100*H228 -> -1004201.4 | V228: =Población!L36 -> 1703991 | W228: =E228*V228 -> 1918402.1 | X228: =W228/SUMIFS($W$5:$W$260,$A$5:$A$260,A228)*100 -> 1.2838165 | Y228: =(N228-X228)/100*H228 -> -1556921.7 | Z228: =Población!M36 -> 1695141 | AA228: =E228*Z228 -> 1908438.5 | AB228: =AA228/SUMIFS($AA$5:$AA$260,$A$5:$A$260,A228)*100 -> 1.2752316 | AC228: =(N228-AB228)/100*H228 -> -401561.09
A229: FOFIR cuarta parte (30%) | B229: Aguascalientes | C229: 21271586518 | D229: 5999239609 | E229: =IF(D229="",C229,D229/C229) -> 0.28203066 | F229: 1531396 | G229: =Población!D5 -> 1539174 | H229: ='Fondos 2027'!$B$27 -> 1.3458005e+10 | I229: =E229*F229 -> 431900.63 | J229: =E229*G229 -> 434094.26 | K229: =I229/SUMIFS($I$5:$I$260,$A$5:$A$260,A229)*100 -> 1.2454631 | L229: 1.245463 | M229: =K229-L229 -> 1.0738993e-07 | N229: =J229/SUMIFS($J$5:$J$260,$A$5:$A$260,A229)*100 -> 1.2518504 | O229: =K229/100*H229 -> 1.6761449e+08 | P229: =N229/100*H229 -> 1.6847409e+08 | Q229: =P229-O229 -> 859598.07 | R229: =Población!K5 -> 1503564 | S229: =E229*R229 -> 424051.15 | T229: =S229/SUMIFS($S$5:$S$260,$A$5:$A$260,A229)*100 -> 1.2294045 | U229: =(N229-T229)/100*H229 -> 3020763.6 | V229: =Población!L5 -> 1519678 | W229: =E229*V229 -> 428595.79 | X229: =W229/SUMIFS($W$5:$W$260,$A$5:$A$260,A229)*100 -> 1.2382212 | Y229: =(N229-X229)/100*H229 -> 1834214.9 | Z229: =Población!M5 -> 1558219 | AA229: =E229*Z229 -> 439465.53 | AB229: =AA229/SUMIFS($AA$5:$AA$260,$A$5:$A$260,A229)*100 -> 1.2656922 | AC229: =(N229-AB229)/100*H229 -> -1862829.7
A230: FOFIR cuarta parte (30%) | B230: Baja California | C230: 75151838005 | D230: 32050362891 | E230: =IF(D230="",C230,D230/C230) -> 0.42647477 | F230: 3830329 | G230: =Población!D6 -> 4009678 | H230: ='Fondos 2027'!$B$27 -> 1.3458005e+10 | I230: =E230*F230 -> 1633538.7 | J230: =E230*G230 -> 1710026.5 | K230: =I230/SUMIFS($I$5:$I$260,$A$5:$A$260,A230)*100 -> 4.7106025 | L230: 4.710602 | M230: =K230-L230 -> 4.846702e-07 | N230: =J230/SUMIFS($J$5:$J$260,$A$5:$A$260,A230)*100 -> 4.9314112 | O230: =K230/100*H230 -> 6.3395312e+08 | P230: =N230/100*H230 -> 6.6366957e+08 | Q230: =P230-O230 -> 29716452 | R230: =Población!K6 -> 3778283 | S230: =E230*R230 -> 1611342.4 | T230: =S230/SUMIFS($S$5:$S$260,$A$5:$A$260,A230)*100 -> 4.6715864 | U230: =(N230-T230)/100*H230 -> 34967233 | V230: =Población!L6 -> 3790412 | W230: =E230*V230 -> 1616515.1 | X230: =W230/SUMIFS($W$5:$W$260,$A$5:$A$260,A230)*100 -> 4.6701421 | Y230: =(N230-X230)/100*H230 -> 35161613 | Z230: =Población!M6 -> 3862801 | AA230: =E230*Z230 -> 1647387.2 | AB230: =AA230/SUMIFS($AA$5:$AA$260,$A$5:$A$260,A230)*100 -> 4.7445929 | AC230: =(N230-AB230)/100*H230 -> 25142026
A231: FOFIR cuarta parte (30%) | B231: Baja California Sur | C231: 16964413755 | D231: 6240882605 | E231: =IF(D231="",C231,D231/C231) -> 0.36788083 | F231: 928591 | G231: =Población!D7 -> 961514 | H231: ='Fondos 2027'!$B$27 -> 1.3458005e+10 | I231: =E231*F231 -> 341610.83 | J231: =E231*G231 -> 353722.57 | K231: =I231/SUMIFS($I$5:$I$260,$A$5:$A$260,A231)*100 -> 0.98509624 | L231: 0.985096 | M231: =K231-L231 -> 2.3894637e-07 | N231: =J231/SUMIFS($J$5:$J$260,$A$5:$A$260,A231)*100 -> 1.0200728 | O231: =K231/100*H231 -> 1.325743e+08 | P231: =N231/100*H231 -> 1.3728144e+08 | Q231: =P231-O231 -> 4707140.9 | R231: =Población!K7 -> 881164 | S231: =E231*R231 -> 324163.34 | T231: =S231/SUMIFS($S$5:$S$260,$A$5:$A$260,A231)*100 -> 0.93981087 | U231: =(N231-T231)/100*H231 -> 10801648 | V231: =Población!L7 -> 906940 | W231: =E231*V231 -> 333645.84 | X231: =W231/SUMIFS($W$5:$W$260,$A$5:$A$260,A231)*100 -> 0.96390902 | Y231: =(N231-X231)/100*H231 -> 7558517.5 | Z231: =Población!M7 -> 960359 | AA231: =E231*Z231 -> 353297.67 | AB231: =AA231/SUMIFS($AA$5:$AA$260,$A$5:$A$260,A231)*100 -> 1.0175225 | AC231: =(N231-AB231)/100*H231 -> 343207.55
A232: FOFIR cuarta parte (30%) | B232: Campeche | C232: 14951064491 | D232: 3313630825 | E232: =IF(D232="",C232,D232/C232) -> 0.22163177 | F232: 935371 | G232: =Población!D8 -> 968673 | H232: ='Fondos 2027'!$B$27 -> 1.3458005e+10 | I232: =E232*F232 -> 207307.93 | J232: =E232*G232 -> 214688.71 | K232: =I232/SUMIFS($I$5:$I$260,$A$5:$A$260,A232)*100 -> 0.59780968 | L232: 0.59781 | M232: =K232-L232 -> -3.2211017e-07 | N232: =J232/SUMIFS($J$5:$J$260,$A$5:$A$260,A232)*100 -> 0.61912391 | O232: =K232/100*H232 -> 80453257 | P232: =N232/100*H232 -> 83321728 | Q232: =P232-O232 -> 2868471 | R232: =Población!K8 -> 925978 | S232: =E232*R232 -> 205226.14 | T232: =S232/SUMIFS($S$5:$S$260,$A$5:$A$260,A232)*100 -> 0.59498941 | U232: =(N232-T232)/100*H232 -> 3248022.7 | V232: =Población!L8 -> 918817 | W232: =E232*V232 -> 203639.03 | X232: =W232/SUMIFS($W$5:$W$260,$A$5:$A$260,A232)*100 -> 0.58831695 | Y232: =(N232-X232)/100*H232 -> 4146002.8 | Z232: =Población!M8 -> 952094 | AA232: =E232*Z232 -> 211014.27 | AB232: =AA232/SUMIFS($AA$5:$AA$260,$A$5:$A$260,A232)*100 -> 0.6077362 | AC232: =(N232-AB232)/100*H232 -> 1532559.1
A233: FOFIR cuarta parte (30%) | B233: Coahuila | C233: 49127881961 | D233: 16399735233 | E233: =IF(D233="",C233,D233/C233) -> 0.33381727 | F233: 3590747 | G233: =Población!D9 -> 3415128 | H233: ='Fondos 2027'!$B$27 -> 1.3458005e+10 | I233: =E233*F233 -> 1198653.3 | J233: =E233*G233 -> 1140028.7 | K233: =I233/SUMIFS($I$5:$I$260,$A$5:$A$260,A233)*100 -> 3.4565324 | L233: 3.456532 | M233: =K233-L233 -> 4.2856953e-07 | N233: =J233/SUMIFS($J$5:$J$260,$A$5:$A$260,A233)*100 -> 3.2876393 | O233: =K233/100*H233 -> 4.6518031e+08 | P233: =N233/100*H233 -> 4.4245066e+08 | Q233: =P233-O233 -> -22729650 | R233: =Población!K9 -> 3452989 | S233: =E233*R233 -> 1152667.3 | T233: =S233/SUMIFS($S$5:$S$260,$A$5:$A$260,A233)*100 -> 3.3418007 | U233: =(N233-T233)/100*H233 -> -7289054.3 | V233: =Población!L9 -> 3582441 | W233: =E233*V233 -> 1195880.7 | X233: =W233/SUMIFS($W$5:$W$260,$A$5:$A$260,A233)*100 -> 3.4549214 | Y233: =(N233-X233)/100*H233 -> -22512841 | Z233: =Población!M9 -> 3510963 | AA233: =E233*Z233 -> 1172020.1 | AB233: =AA233/SUMIFS($AA$5:$AA$260,$A$5:$A$260,A233)*100 -> 3.3755016 | AC233: =(N233-AB233)/100*H233 -> -11824518
A234: FOFIR cuarta parte (30%) | B234: Colima | C234: 11347177691 | D234: 3126852128 | E234: =IF(D234="",C234,D234/C234) -> 0.2755621 | F234: 762355 | G234: =Población!D10 -> 762212 | H234: ='Fondos 2027'!$B$27 -> 1.3458005e+10 | I234: =E234*F234 -> 210076.15 | J234: =E234*G234 -> 210036.74 | K234: =I234/SUMIFS($I$5:$I$260,$A$5:$A$260,A234)*100 -> 0.60579234 | L234: 0.605792 | M234: =K234-L234 -> 3.35723e-07 | N234: =J234/SUMIFS($J$5:$J$260,$A$5:$A$260,A234)*100 -> 0.60570847 | O234: =K234/100*H234 -> 81527563 | P234: =N234/100*H234 -> 81516277 | Q234: =P234-O234 -> -11286.511 | R234: =Población!K10 -> 728776 | S234: =E234*R234 -> 200823.05 | T234: =S234/SUMIFS($S$5:$S$260,$A$5:$A$260,A234)*100 -> 0.58222401 | U234: =(N234-T234)/100*H234 -> 3160540 | V234: =Población!L10 -> 745394 | W234: =E234*V234 -> 205402.34 | X234: =W234/SUMIFS($W$5:$W$260,$A$5:$A$260,A234)*100 -> 0.59341116 | Y234: =(N234-X234)/100*H234 -> 1654972.2 | Z234: =Población!M10 -> 771093 | AA234: =E234*Z234 -> 212484.01 | AB234: =AA234/SUMIFS($AA$5:$AA$260,$A$5:$A$260,A234)*100 -> 0.61196914 | AC234: =(N234-AB234)/100*H234 -> -842560.59
...

Sheet Cálculo FoCo
A1: Cálculo: Fondo de Compensación 2027 con población ENOE 4T-2024 (base) vs. EIC 2025
A2: Reciben las 10 entidades con menor PIB per cápita no minero, en proporción al inverso. PIB no minero del DOF de agosto 2026 (Cuadro 15).
A4: Entidad | B4: PIB no minero (miles de pesos) | C4: Población ENOE 4T-2024 (DOF) | D4: Población EIC 2025 | E4: PIB pc base | F4: PIB pc EIC | G4: Lugar base (1 = menor) | H4: Lugar EIC | I4: Inverso base | J4: Inverso EIC | K4: Coeficiente base (%) | L4: Coeficiente DOF (%) | M4: Control | N4: Coeficiente EIC (%) | O4: Monto base 2027 | P4: Monto EIC 2027 | Q4: Diferencia (pesos) | R4: ¿Cambia de status?
A5: Aguascalientes | B5: 429238673 | C5: 1493459 | D5: =Población!D5 -> 1539174 | E5: =B5*1000/C5 -> 287412.43 | F5: =B5*1000/D5 -> 278875.99 | G5: =SUMPRODUCT(--($E$5:$E$36<E5))+1 -> 23 | H5: =SUMPRODUCT(--($F$5:$F$36<F5))+1 -> 24 | I5: =IF(G5<=10,1/E5,0) -> 0 | J5: =IF(H5<=10,1/F5,0) -> 0 | K5: =I5/SUM($I$5:$I$36)*100 -> 0 | L5: 0 | M5: =K5-L5 -> 0 | N5: =J5/SUM($J$5:$J$36)*100 -> 0 | O5: =K5/100*'Fondos 2027'!$B$28 -> 0 | P5: =N5/100*'Fondos 2027'!$B$28 -> 0 | Q5: =P5-O5 -> 0 | R5: =IF(AND(G5<=10,H5>10),"Sale del fondo",IF(AND(G5>10,H5<=10),"Entra al fondo",""))
A6: Baja California | B6: 1291979340 | C6: 3779050 | D6: =Población!D6 -> 4009678 | E6: =B6*1000/C6 -> 341879.4 | F6: =B6*1000/D6 -> 322215.24 | G6: =SUMPRODUCT(--($E$5:$E$36<E6))+1 -> 29 | H6: =SUMPRODUCT(--($F$5:$F$36<F6))+1 -> 27 | I6: =IF(G6<=10,1/E6,0) -> 0 | J6: =IF(H6<=10,1/F6,0) -> 0 | K6: =I6/SUM($I$5:$I$36)*100 -> 0 | L6: 0 | M6: =K6-L6 -> 0 | N6: =J6/SUM($J$5:$J$36)*100 -> 0 | O6: =K6/100*'Fondos 2027'!$B$28 -> 0 | P6: =N6/100*'Fondos 2027'!$B$28 -> 0 | Q6: =P6-O6 -> 0 | R6: =IF(AND(G6<=10,H6>10),"Sale del fondo",IF(AND(G6>10,H6<=10),"Entra al fondo",""))
A7: Baja California Sur | B7: 246336722 | C7: 872439 | D7: =Población!D7 -> 961514 | E7: =B7*1000/C7 -> 282354.09 | F7: =B7*1000/D7 -> 256196.71 | G7: =SUMPRODUCT(--($E$5:$E$36<E7))+1 -> 22 | H7: =SUMPRODUCT(--($F$5:$F$36<F7))+1 -> 19 | I7: =IF(G7<=10,1/E7,0) -> 0 | J7: =IF(H7<=10,1/F7,0) -> 0 | K7: =I7/SUM($I$5:$I$36)*100 -> 0 | L7: 0 | M7: =K7-L7 -> 0 | N7: =J7/SUM($J$5:$J$36)*100 -> 0 | O7: =K7/100*'Fondos 2027'!$B$28 -> 0 | P7: =N7/100*'Fondos 2027'!$B$28 -> 0 | Q7: =P7-O7 -> 0 | R7: =IF(AND(G7<=10,H7>10),"Sale del fondo",IF(AND(G7>10,H7<=10),"Entra al fondo",""))
A8: Campeche | B8: 267867282 | C8: 949481 | D8: =Población!D8 -> 968673 | E8: =B8*1000/C8 -> 282119.69 | F8: =B8*1000/D8 -> 276530.14 | G8: =SUMPRODUCT(--($E$5:$E$36<E8))+1 -> 21 | H8: =SUMPRODUCT(--($F$5:$F$36<F8))+1 -> 22 | I8: =IF(G8<=10,1/E8,0) -> 0 | J8: =IF(H8<=10,1/F8,0) -> 0 | K8: =I8/SUM($I$5:$I$36)*100 -> 0 | L8: 0 | M8: =K8-L8 -> 0 | N8: =J8/SUM($J$5:$J$36)*100 -> 0 | O8: =K8/100*'Fondos 2027'!$B$28 -> 0 | P8: =N8/100*'Fondos 2027'!$B$28 -> 0 | Q8: =P8-O8 -> 0 | R8: =IF(AND(G8<=10,H8>10),"Sale del fondo",IF(AND(G8>10,H8<=10),"Entra al fondo",""))
A9: Coahuila | B9: 1216623467 | C9: 3457516 | D9: =Población!D9 -> 3415128 | E9: =B9*1000/C9 -> 351877.9 | F9: =B9*1000/D9 -> 356245.35 | G9: =SUMPRODUCT(--($E$5:$E$36<E9))+1 -> 30 | H9: =SUMPRODUCT(--($F$5:$F$36<F9))+1 -> 30 | I9: =IF(G9<=10,1/E9,0) -> 0 | J9: =IF(H9<=10,1/F9,0) -> 0 | K9: =I9/SUM($I$5:$I$36)*100 -> 0 | L9: 0 | M9: =K9-L9 -> 0 | N9: =J9/SUM($J$5:$J$36)*100 -> 0 | O9: =K9/100*'Fondos 2027'!$B$28 -> 0 | P9: =N9/100*'Fondos 2027'!$B$28 -> 0 | Q9: =P9-O9 -> 0 | R9: =IF(AND(G9<=10,H9>10),"Sale del fondo",IF(AND(G9>10,H9<=10),"Entra al fondo",""))
A10: Colima | B10: 211516120 | C10: 719445 | D10: =Población!D10 -> 762212 | E10: =B10*1000/C10 -> 293999.01 | F10: =B10*1000/D10 -> 277503 | G10: =SUMPRODUCT(--($E$5:$E$36<E10))+1 -> 25 | H10: =SUMPRODUCT(--($F$5:$F$36<F10))+1 -> 23 | I10: =IF(G10<=10,1/E10,0) -> 0 | J10: =IF(H10<=10,1/F10,0) -> 0 | K10: =I10/SUM($I$5:$I$36)*100 -> 0 | L10: 0 | M10: =K10-L10 -> 0 | N10: =J10/SUM($J$5:$J$36)*100 -> 0 | O10: =K10/100*'Fondos 2027'!$B$28 -> 0 | P10: =N10/100*'Fondos 2027'!$B$28 -> 0 | Q10: =P10-O10 -> 0 | R10: =IF(AND(G10<=10,H10>10),"Sale del fondo",IF(AND(G10>10,H10<=10),"Entra al fondo",""))
A11: Chiapas | B11: 523021429 | C11: 5914879 | D11: =Población!D11 -> 5860728 | E11: =B11*1000/C11 -> 88424.705 | F11: =B11*1000/D11 -> 89241.717 | G11: =SUMPRODUCT(--($E$5:$E$36<E11))+1 -> 1 | H11: =SUMPRODUCT(--($F$5:$F$36<F11))+1 -> 1 | I11: =IF(G11<=10,1/E11,0) -> 1.1309057e-05 | J11: =IF(H11<=10,1/F11,0) -> 1.1205522e-05 | K11: =I11/SUM($I$5:$I$36)*100 -> 16.527526 | L11: 16.527526 | M11: =K11-L11 -> -1.0289758e-07 | N11: =J11/SUM($J$5:$J$36)*100 -> 16.511561 | O11: =K11/100*'Fondos 2027'!$B$28 -> 1.3290114e+09 | P11: =N11/100*'Fondos 2027'!$B$28 -> 1.3277277e+09 | Q11: =P11-O11 -> -1283750.7 | R11: =IF(AND(G11<=10,H11>10),"Sale del fondo",IF(AND(G11>10,H11<=10),"Entra al fondo",""))
A12: Chihuahua | B12: 1268860382 | C12: 3900629 | D12: =Población!D12 -> 3903944 | E12: =B12*1000/C12 -> 325296.35 | F12: =B12*1000/D12 -> 325020.13 | G12: =SUMPRODUCT(--($E$5:$E$36<E12))+1 -> 27 | H12: =SUMPRODUCT(--($F$5:$F$36<F12))+1 -> 28 | I12: =IF(G12<=10,1/E12,0) -> 0 | J12: =IF(H12<=10,1/F12,0) -> 0 | K12: =I12/SUM($I$5:$I$36)*100 -> 0 | L12: 0 | M12: =K12-L12 -> 0 | N12: =J12/SUM($J$5:$J$36)*100 -> 0 | O12: =K12/100*'Fondos 2027'!$B$28 -> 0 | P12: =N12/100*'Fondos 2027'!$B$28 -> 0 | Q12: =P12-O12 -> 0 | R12: =IF(AND(G12<=10,H12>10),"Sale del fondo",IF(AND(G12>10,H12<=10),"Entra al fondo",""))
A13: Ciudad de México | B13: 5021450678 | C13: 9352517 | D13: =Población!D13 -> 9216407 | E13: =B13*1000/C13 -> 536909.01 | F13: =B13*1000/D13 -> 544838.21 | G13: =SUMPRODUCT(--($E$5:$E$36<E13))+1 -> 32 | H13: =SUMPRODUCT(--($F$5:$F$36<F13))+1 -> 32 | I13: =IF(G13<=10,1/E13,0) -> 0 | J13: =IF(H13<=10,1/F13,0) -> 0 | K13: =I13/SUM($I$5:$I$36)*100 -> 0 | L13: 0 | M13: =K13-L13 -> 0 | N13: =J13/SUM($J$5:$J$36)*100 -> 0 | O13: =K13/100*'Fondos 2027'!$B$28 -> 0 | P13: =N13/100*'Fondos 2027'!$B$28 -> 0 | Q13: =P13-O13 -> 0 | R13: =IF(AND(G13<=10,H13>10),"Sale del fondo",IF(AND(G13>10,H13<=10),"Entra al fondo",""))
A14: Durango | B14: 422539702 | C14: 1890563 | D14: =Población!D14 -> 1943290 | E14: =B14*1000/C14 -> 223499.4 | F14: =B14*1000/D14 -> 217435.23 | G14: =SUMPRODUCT(--($E$5:$E$36<E14))+1 -> 15 | H14: =SUMPRODUCT(--($F$5:$F$36<F14))+1 -> 15 | I14: =IF(G14<=10,1/E14,0) -> 0 | J14: =IF(H14<=10,1/F14,0) -> 0 | K14: =I14/SUM($I$5:$I$36)*100 -> 0 | L14: 0 | M14: =K14-L14 -> 0 | N14: =J14/SUM($J$5:$J$36)*100 -> 0 | O14: =K14/100*'Fondos 2027'!$B$28 -> 0 | P14: =N14/100*'Fondos 2027'!$B$28 -> 0 | Q14: =P14-O14 -> 0 | R14: =IF(AND(G14<=10,H14>10),"Sale del fondo",IF(AND(G14>10,H14<=10),"Entra al fondo",""))
A15: Guanajuato | B15: 1517210358 | C15: 6313504 | D15: =Población!D15 -> 6446935 | E15: =B15*1000/C15 -> 240311.93 | F15: =B15*1000/D15 -> 235338.24 | G15: =SUMPRODUCT(--($E$5:$E$36<E15))+1 -> 17 | H15: =SUMPRODUCT(--($F$5:$F$36<F15))+1 -> 17 | I15: =IF(G15<=10,1/E15,0) -> 0 | J15: =IF(H15<=10,1/F15,0) -> 0 | K15: =I15/SUM($I$5:$I$36)*100 -> 0 | L15: 0 | M15: =K15-L15 -> 0 | N15: =J15/SUM($J$5:$J$36)*100 -> 0 | O15: =K15/100*'Fondos 2027'!$B$28 -> 0 | P15: =N15/100*'Fondos 2027'!$B$28 -> 0 | Q15: =P15-O15 -> 0 | R15: =IF(AND(G15<=10,H15>10),"Sale del fondo",IF(AND(G15>10,H15<=10),"Entra al fondo",""))
A16: Guerrero | B16: 420088754 | C16: 3603188 | D16: =Población!D16 -> 3418902 | E16: =B16*1000/C16 -> 116588.08 | F16: =B16*1000/D16 -> 122872.42 | G16: =SUMPRODUCT(--($E$5:$E$36<E16))+1 -> 2 | H16: =SUMPRODUCT(--($F$5:$F$36<F16))+1 -> 2 | I16: =IF(G16<=10,1/E16,0) -> 8.5772065e-06 | J16: =IF(H16<=10,1/F16,0) -> 8.138523e-06 | K16: =I16/SUM($I$5:$I$36)*100 -> 12.535086 | L16: 12.535086 | M16: =K16-L16 -> 3.9616415e-07 | N16: =J16/SUM($J$5:$J$36)*100 -> 11.992277 | O16: =K16/100*'Fondos 2027'!$B$28 -> 1.0079714e+09 | P16: =N16/100*'Fondos 2027'!$B$28 -> 9.6432298e+08 | Q16: =P16-O16 -> -43648385 | R16: =IF(AND(G16<=10,H16>10),"Sale del fondo",IF(AND(G16>10,H16<=10),"Entra al fondo",""))
... A36: Zacatecas | B36: 295135184 | C36: 1674227 | D36: =Población!D36 -> 1686419 | E36: =B36*1000/C36 -> 176281.46 | F36: =B36*1000/D36 -> 175007.03 | G36: =SUMPRODUCT(--($E$5:$E$36<E36))+1 -> 8 | H36: =SUMPRODUCT(--($F$5:$F$36<F36))+1 -> 9 | I36: =IF(G36<=10,1/E36,0) -> 5.6727462e-06 | J36: =IF(H36<=10,1/F36,0) -> 5.7140561e-06 | K36: =I36/SUM($I$5:$I$36)*100 -> 8.2903873 | L36: 8.290387 | M36: =K36-L36 -> 2.9866573e-07 | N36: =J36/SUM($J$5:$J$36)*100 -> 8.4197764 | O36: =K36/100*'Fondos 2027'!$B$28 -> 6.6664662e+08 | P36: =N36/100*'Fondos 2027'!$B$28 -> 6.7705106e+08 | Q36: =P36-O36 -> 10404434 | R36: =IF(AND(G36<=10,H36>10),"Sale del fondo",IF(AND(G36>10,H36<=10),"Entra al fondo",""))
A37: Total | K37: =SUM(K5:K36) -> 100 | L37: =SUM(L5:L36) -> 100 | N37: =SUM(N5:N36) -> 100 | O37: =SUM(O5:O36) -> 8.0412e+09 | P37: =SUM(P5:P36) -> 8.0412e+09 | Q37: =SUM(Q5:Q36) -> -3.5762787e-07

Sheet Fuentes y notas
A1: Fuentes y notas
A3: Fuentes:
A4: • SHCP, PPEF 2027, Tomo IV, Ramo 28: Análisis Funcional Programático Económico y Estrategia Programática (ppef.hacienda.gob.mx/es/PPEF2027/tomoIV), septiembre 2026.
A5: • DOF, Acuerdo 140/2026, participaciones de agosto de 2026 (publicado 21-sep-2026, SIDOF nota 5799139): Cuadros 3, 4, 5, 8, 15 y 17.
A6: • DOF, participaciones de junio 2026 y 1er ajuste cuatrimestral 2026 (publicado 27-jul-2026, SIDOF nota 5794757, archivo .doc oficial): Cuadros 3-10 y 35; y DOF de enero a abril 2026 (notas 5780978, 5783299, 5784945, 5788832).
A7: • DOF, participaciones de julio de 2026 y FOFIR del 2o trimestre 2026 (publicado 17-ago-2026, SIDOF nota 5796402): Cuadros 27 a 30.
A8: • INEGI, Encuesta Intercensal 2025 (22-sep-2026), población total por entidad (particulares + colectivas).
A9: Supuestos:
A10: • Variables de la fórmula (PIB, recaudación local, agua y predial, cifras virtuales, etc.) iguales a las del último cálculo publicado; en 2027 la SHCP las actualizará.
A11: • Montos anuales 2027 del PPEF (proyecto, sujeto a aprobación y a la recaudación observada). La RFP implícita se obtiene del 0.136% (cuadra con el FFM = 1%).
A12: • Solo cambia la población. Se excluyen el FFM 30% (población municipal), bases fijas, BET, IEPS, gasolinas 9/11, FEXHI, Fondo ISR e incentivos, que no usan población estatal.
A13: • Los coeficientes base replican los del DOF (columna Control < 0.000001).

Sheet Cálculo ajuste 2026
A1: Cálculo: 1er ajuste cuatrimestral 2026 (enero-abril) separado en cambio de población y cambio de variables
A2: Fuente: DOF de enero a abril 2026 (pagos provisionales) y DOF de junio 2026 (DOF 27-jul-2026, coeficientes con los que se hizo el ajuste). Monto = lo que se repartió cada mes en cada parte.
A4: Mes | B4: Fondo | C4: Entidad | D4: Dato mes 1 | E4: Dato mes 2 | F4: Población del mes (ENOE) | G4: Trimestre del mes | H4: Dato junio 1 | I4: Dato junio 2 | J4: Población junio (ENOE) | K4: Trimestre junio | L4: Monto repartido en el mes | M4: Clave | N4: Variable mes | O4: Variable junio | P4: Producto mes | Q4: Producto junio con población del mes | R4: Producto junio | S4: Coeficiente del mes (%) | T4: Coeficiente DOF del mes | U4: Control | V4: Coeficiente junio con población del mes (%) | W4: Coeficiente junio (%) | X4: Coeficiente DOF junio | Y4: Control | Z4: Efecto población (pesos) | AA4: Efecto variables (pesos)
A5: 2026-01 | B5: FGP primera parte (60%) | C5: Aguascalientes | D5: 424041038 | E5: 435173210 | F5: 1503564 | G5: 3T2025 | H5: 424041038 | I5: 435173210 | J5: 1531396 | K5: 1T2026 | L5: 33903111794 | M5: =A5&"|"&B5 -> 2026-01|FGP primera parte (60%) | N5: =IF(E5="",D5,E5/D5) -> 1.0262526 | O5: =IF(I5="",H5,I5/H5) -> 1.0262526 | P5: =N5*F5 -> 1543036.4 | Q5: =O5*F5 -> 1543036.4 | R5: =O5*J5 -> 1571599.1 | S5: =P5/SUMIFS($P$5:$P$516,$M$5:$M$516,M5)*100 -> 1.1177653 | T5: 1.117765 | U5: =S5-T5 -> 2.6993045e-07 | V5: =Q5/SUMIFS($Q$5:$Q$516,$M$5:$M$516,M5)*100 -> 1.1177653 | W5: =R5/SUMIFS($R$5:$R$516,$M$5:$M$516,M5)*100 -> 1.1351484 | X5: 1.135148 | Y5: =W5-X5 -> 4.2970806e-07 | Z5: =(W5-V5)/100*L5 -> 5893432.1 | AA5: =(V5-S5)/100*L5 -> 0
A6: 2026-01 | B6: FGP primera parte (60%) | C6: Baja California | D6: 1248958117 | E6: 1292417521 | F6: 3778283 | G6: 3T2025 | H6: 1248958117 | I6: 1292417521 | J6: 3830329 | K6: 1T2026 | L6: 33903111794 | M6: =A6&"|"&B6 -> 2026-01|FGP primera parte (60%) | N6: =IF(E6="",D6,E6/D6) -> 1.0347965 | O6: =IF(I6="",H6,I6/H6) -> 1.0347965 | P6: =N6*F6 -> 3909754.1 | Q6: =O6*F6 -> 3909754.1 | R6: =O6*J6 -> 3963611.1 | S6: =P6/SUMIFS($P$5:$P$516,$M$5:$M$516,M6)*100 -> 2.8321997 | T6: 2.8322 | U6: =S6-T6 -> -2.7386389e-07 | V6: =Q6/SUMIFS($Q$5:$Q$516,$M$5:$M$516,M6)*100 -> 2.8321997 | W6: =R6/SUMIFS($R$5:$R$516,$M$5:$M$516,M6)*100 -> 2.8628719 | X6: 2.862872 | Y6: =W6-X6 -> -5.6451932e-08 | Z6: =(W6-V6)/100*L6 -> 10398836 | AA6: =(V6-S6)/100*L6 -> 0
