Workbook

Sheet Resumen
A1: Participaciones federales de enero 2026 con Población 2025 de la Encuesta Intercensal 2025
A2: Cambio consolidado por entidad al sustituir la población ENOE 3T-2025 por la EIC 2025 en los Cuadros 3, 4, 5 y 8 del DOF. Ceteris Paribus
A6: Entidad | B6: Participaciones oficiales enero 2026 (DOF Cuadro 22) | C6: Cambio FGP (Cuadros 3, 4 y 5) | D6: Cambio FFM (Cuadro 8) | E6: Participaciones con EIC 2025 | F6: Cambio total (pesos) | G6: Cambio total (%)
A7: Aguascalientes | B7: 922474497 | C7: ='Cuadro 3'!L7+'Cuadro 4'!M7+'Cuadro 5'!J7 -> 13155331 | D7: ='Cuadro 8'!L7 -> 384902.94 | E7: =B7+F7 -> 9.3601473e+08 | F7: =C7+D7 -> 13540234 | G7: =F7/B7 -> 0.014678167
A8: Baja California | B8: 2464282080 | C8: ='Cuadro 3'!L8+'Cuadro 4'!M8+'Cuadro 5'!J8 -> 1.009208e+08 | D8: ='Cuadro 8'!L8 -> 2737801.6 | E8: =B8+F8 -> 2.5679407e+09 | F8: =C8+D8 -> 1.036586e+08 | G8: =F8/B8 -> 0.042064421
A9: Baja California Sur | B9: 559828570 | C9: ='Cuadro 3'!L9+'Cuadro 4'!M9+'Cuadro 5'!J9 -> 32151506 | D9: ='Cuadro 8'!L9 -> 880517.32 | E9: =B9+F9 -> 5.9286059e+08 | F9: =C9+D9 -> 33032023 | G9: =F9/B9 -> 0.059003818
A10: Campeche | B10: 657841824 | C10: ='Cuadro 3'!L10+'Cuadro 4'!M10+'Cuadro 5'!J10 -> 14499952 | D10: ='Cuadro 8'!L10 -> 446605.56 | E10: =B10+F10 -> 6.7278838e+08 | F10: =C10+D10 -> 14946557 | G10: =F10/B10 -> 0.022720594
A11: Coahuila | B11: 2079291153 | C11: ='Cuadro 3'!L11+'Cuadro 4'!M11+'Cuadro 5'!J11 -> -17107717 | D11: ='Cuadro 8'!L11 -> -507089.74 | E11: =B11+F11 -> 2.0616763e+09 | F11: =C11+D11 -> -17614807 | G11: =F11/B11 -> -0.0084715441
A12: Colima | B12: 488188668 | C12: ='Cuadro 3'!L12+'Cuadro 4'!M12+'Cuadro 5'!J12 -> 12611505 | D12: ='Cuadro 8'!L12 -> 373793.62 | E12: =B12+F12 -> 5.0117397e+08 | F12: =C12+D12 -> 12985299 | G12: =F12/B12 -> 0.026598935
A13: Chiapas | B13: 3618001745 | C13: ='Cuadro 3'!L13+'Cuadro 4'!M13+'Cuadro 5'!J13 -> -48123257 | D13: ='Cuadro 8'!L13 -> -1384057.8 | E13: =B13+F13 -> 3.5684944e+09 | F13: =C13+D13 -> -49507315 | G13: =F13/B13 -> -0.013683607
A14: Chihuahua | B14: 2565404732 | C14: ='Cuadro 3'!L14+'Cuadro 4'!M14+'Cuadro 5'!J14 -> -33218770 | D14: ='Cuadro 8'!L14 -> -903073.86 | E14: =B14+F14 -> 2.5312829e+09 | F14: =C14+D14 -> -34121843 | G14: =F14/B14 -> -0.013300764
A15: Ciudad de México | B15: 8315457478 | C15: ='Cuadro 3'!L15+'Cuadro 4'!M15+'Cuadro 5'!J15 -> -73770192 | D15: ='Cuadro 8'!L15 -> -1699001.6 | E15: =B15+F15 -> 8.2399883e+09 | F15: =C15+D15 -> -75469193 | G15: =F15/B15 -> -0.0090757717
A16: Durango | B16: 1197421030 | C16: ='Cuadro 3'!L16+'Cuadro 4'!M16+'Cuadro 5'!J16 -> -1472423.8 | D16: ='Cuadro 8'!L16 -> -48164.926 | E16: =B16+F16 -> 1.1959004e+09 | F16: =C16+D16 -> -1520588.8 | G16: =F16/B16 -> -0.0012698865
A17: Guanajuato | B17: 3830822897 | C17: ='Cuadro 3'!L17+'Cuadro 4'!M17+'Cuadro 5'!J17 -> 40749432 | D17: ='Cuadro 8'!L17 -> 1019938.5 | E17: =B17+F17 -> 3.8725923e+09 | F17: =C17+D17 -> 41769371 | G17: =F17/B17 -> 0.010903498
A18: Guerrero | B18: 2065019405 | C18: ='Cuadro 3'!L18+'Cuadro 4'!M18+'Cuadro 5'!J18 -> -75230841 | D18: ='Cuadro 8'!L18 -> -2032245 | E18: =B18+F18 -> 1.9877563e+09 | F18: =C18+D18 -> -77263086 | G18: =F18/B18 -> -0.037415187
... A38: Zacatecas | B38: 1103590037 | C38: ='Cuadro 3'!L38+'Cuadro 4'!M38+'Cuadro 5'!J38 -> -4563021.4 | D38: ='Cuadro 8'!L38 -> -133313.34 | E38: =B38+F38 -> 1.0988937e+09 | F38: =C38+D38 -> -4696334.7 | G38: =F38/B38 -> -0.0042555066
A39: Totales | B39: =SUM(B7:B38) -> 84759449934 | C39: =SUM(C7:C38) -> 2.9999867 | D39: =SUM(D7:D38) -> -3.3527613e-07 | E39: =SUM(E7:E38) -> 8.475945e+10 | F39: =SUM(F7:F38) -> 2.9999864 | G39: =F39/B39 -> 3.5394123e-11
A41: Notas:

Sheet Población 2025
A1: Población 2025 por entidad federativa (personas)
A2: Sustituyendo con la población de la Encuesta Intercensal 2025 (INEGI) en vez de ENOE 3T-2025 que usó la SHCP en el DOF del 26-feb-2026.
A6: Entidad | B6: Población 2025 ENOE 3T-2025 (DOF) | C6: EIC 2025: personas en viviendas particulares | D6: EIC 2025: personas en viviendas colectivas | E6: Población 2025 EIC 2025 (total) | F6: Cambio (personas) | G6: Cambio (%)
A7: Aguascalientes | B7: 1503564 | C7: 1534416 | D7: 4758 | E7: =C7+D7 -> 1539174 | F7: =E7-B7 -> 35610 | G7: =E7/B7-1 -> 0.023683727
A8: Baja California | B8: 3778283 | C8: 3978593 | D8: 31085 | E8: =C8+D8 -> 4009678 | F8: =E8-B8 -> 231395 | G8: =E8/B8-1 -> 0.061243427
A9: Baja California Sur | B9: 881164 | C9: 955465 | D9: 6049 | E9: =C9+D9 -> 961514 | F9: =E9-B9 -> 80350 | G9: =E9/B9-1 -> 0.091186204
A10: Campeche | B10: 925978 | C10: 967098 | D10: 1575 | E10: =C10+D10 -> 968673 | F10: =E10-B10 -> 42695 | G10: =E10/B10-1 -> 0.046108007
A11: Coahuila | B11: 3452989 | C11: 3404559 | D11: 10569 | E11: =C11+D11 -> 3415128 | F11: =E11-B11 -> -37861 | G11: =E11/B11-1 -> -0.010964703
A12: Colima | B12: 728776 | C12: 758987 | D12: 3225 | E12: =C12+D12 -> 762212 | F12: =E12-B12 -> 33436 | G12: =E12/B12-1 -> 0.045879667
A13: Chiapas | B13: 5975155 | C13: 5840294 | D13: 20434 | E13: =C13+D13 -> 5860728 | F13: =E13-B13 -> -114427 | G13: =E13/B13-1 -> -0.019150466
A14: Chihuahua | B14: 3976037 | C14: 3886377 | D14: 17567 | E14: =C14+D14 -> 3903944 | F14: =E14-B14 -> -72093 | G14: =E14/B14-1 -> -0.018131874
A15: Ciudad de México | B15: 9350964 | C15: 9165819 | D15: 50588 | E15: =C15+D15 -> 9216407 | F15: =E15-B15 -> -134557 | G15: =E15/B15-1 -> -0.014389639
A16: Durango | B16: 1944614 | C16: 1931226 | D16: 12064 | E16: =C16+D16 -> 1943290 | F16: =E16-B16 -> -1324 | G16: =E16/B16-1 -> -0.00068085492
A17: Guanajuato | B17: 6345807 | C17: 6423384 | D17: 23551 | E17: =C17+D17 -> 6446935 | F17: =E17-B17 -> 101128 | G17: =E17/B17-1 -> 0.015936192
A18: Guerrero | B18: 3606579 | C18: 3404404 | D18: 14498 | E18: =C18+D18 -> 3418902 | F18: =E18-B18 -> -187677 | G18: =E18/B18-1 -> -0.052037402
... A38: Zacatecas | B38: 1695685 | C38: 1681468 | D38: 4951 | E38: =C38+D38 -> 1686419 | F38: =E38-B38 -> -9266 | G38: =E38/B38-1 -> -0.0054644583
A39: Totales | B39: =SUM(B7:B38) -> 130760049 | C39: =SUM(C7:C38) -> 130393389 | D39: =SUM(D7:D38) -> 517925 | E39: =SUM(E7:E38) -> 130911314 | F39: =SUM(F7:F38) -> 151265 | G39: =E39/B39-1 -> 0.0011568136
A41: Fuentes: ENOE 3T-2025 según DOF (Acuerdo 23/2026), Cuadros 3, 4, 5 y 8. EIC 2025: INEGI, presentaciones de resultados por entidad (22-sep-2026).
A42: La suma de las 32 entidades coincide con el total nacional del INEGI: 130,911,314 personas (130,393,389 en viviendas particulares + 517,925 en colectivas).
A43: Azul = dato capturado; negro = fórmula; verde = vínculo a otra hoja.

Sheet Cuadro 3
A1: Cuadro 3. Coeficientes de la primera parte del crecimiento del FGP (recalculado con EIC 2025)
A3: Primera parte del FGP a distribuir en enero 2026 (Cuadro 2, | F3: 33903111794
A6: Entidad | B6: PIB 2023 (1) | C6: PIB 2024 (2) | D6: Variación 2024/2023 (3=2/1) | E6: Población 2025 EIC (4) | F6: Resultado variación PIB por población (5=3*4) | G6: Coeficientes de participación (6=(5/Σ5)100) | H6: Coeficiente DOF (publicado) | I6: Cambio en coeficiente (puntos porcentuales) | J6: Monto DOF enero 2026 (DOF Cuadro 7) | K6: Monto con EIC 2025 (pesos) | L6: Cambio (pesos) | M6: Cambio (%)
A7: Aguascalientes | B7: 424041038 | C7: 435173210 | D7: =C7/B7 -> 1.0262526 | E7: ='Población 2025'!E7 -> 1539174 | F7: =D7*E7 -> 1579581.3 | G7: =F7/F$39*100 -> 1.1430238 | H7: 1.117765 | I7: =G7-H7 -> 0.025258757 | J7: 378957209 | K7: =G7/100*$F$3 -> 3.8752062e+08 | L7: =K7-J7 -> 8563413.2 | M7: =L7/J7 -> 0.022597309
A8: Baja California | B8: 1248958117 | C8: 1292417521 | D8: =C8/B8 -> 1.0347965 | E8: ='Población 2025'!E8 -> 4009678 | F8: =D8*E8 -> 4149200.9 | G8: =F8/F$39*100 -> 3.0024635 | H8: 2.8322 | I8: =G8-H8 -> 0.17026349 | J8: 960203839 | K8: =G8/100*$F$3 -> 1.0179286e+09 | L8: =K8-J8 -> 57724716 | M8: =L8/J8 -> 0.060117148
A9: Baja California Sur | B9: 235075861 | C9: 251902223 | D9: =C9/B9 -> 1.0715784 | E9: ='Población 2025'!E9 -> 961514 | F9: =D9*E9 -> 1030337.7 | G9: =F9/F$39*100 -> 0.7455776 | H9: 0.683998 | I9: =G9-H9 -> 0.061579602 | J9: 231896771 | K9: =G9/100*$F$3 -> 2.5277401e+08 | L9: =K9-J9 -> 20877237 | M9: =L9/J9 -> 0.090028148
A10: Campeche | B10: 600899202 | C10: 520398428 | D10: =C10/B10 -> 0.86603282 | E10: ='Población 2025'!E10 -> 968673 | F10: =D10*E10 -> 838902.61 | G10: =F10/F$39*100 -> 0.6070505 | H10: 0.580911 | I10: =G10-H10 -> 0.026139497 | J10: 196946836 | K10: =G10/100*$F$3 -> 2.0580901e+08 | L10: =K10-J10 -> 8862172.8 | M10: =L10/J10 -> 0.044997792
A11: Coahuila | B11: 1180088820 | C11: 1236355664 | D11: =C11/B11 -> 1.0476802 | E11: ='Población 2025'!E11 -> 3415128 | F11: =D11*E11 -> 3577961.9 | G11: =F11/F$39*100 -> 2.589101 | H11: 2.620586 | I11: =G11-H11 -> -0.031485024 | J11: 888460069 | K11: =G11/100*$F$3 -> 8.777858e+08 | L11: =K11-J11 -> -10674271 | M11: =L11/J11 -> -0.01201435
A12: Colima | B12: 204172711 | C12: 214421765 | D12: =C12/B12 -> 1.050198 | E12: ='Población 2025'!E12 -> 762212 | F12: =D12*E12 -> 800473.49 | G12: =F12/F$39*100 -> 0.57924225 | H12: 0.554421 | I12: =G12-H12 -> 0.024821246 | J12: 187965968 | K12: =G12/100*$F$3 -> 1.9638115e+08 | L12: =K12-J12 -> 8415178.2 | M12: =L12/J12 -> 0.044769691
A13: Chiapas | B13: 499823695 | C13: 532775844 | D13: =C13/B13 -> 1.0659275 | E13: ='Población 2025'!E13 -> 5860728 | F13: =D13*E13 -> 6247111.4 | G13: =F13/F$39*100 -> 4.520563 | H13: 4.613721 | I13: =G13-H13 -> -0.093157993 | J13: 1564194853 | K13: =G13/100*$F$3 -> 1.5326115e+09 | L13: =K13-J13 -> -31583323 | M13: =L13/J13 -> -0.020191425
A14: Chihuahua | B14: 1235956187 | C14: 1282412409 | D14: =C14/B14 -> 1.0375873 | E14: ='Población 2025'!E14 -> 3903944 | F14: =D14*E14 -> 4050682.6 | G14: =F14/F$39*100 -> 2.9311733 | H14: 2.988474 | I14: =G14-H14 -> -0.057300734 | J14: 1013185684 | K14: =G14/100*$F$3 -> 9.9375895e+08 | L14: =K14-J14 -> -19426735 | M14: =L14/J14 -> -0.019173914
A15: Ciudad de México | B15: 4714038082 | C15: 5019086938 | D15: =C15/B15 -> 1.0647107 | E15: ='Población 2025'!E15 -> 9216407 | F15: =D15*E15 -> 9812807.4 | G15: =F15/F$39*100 -> 7.1007881 | H15: 7.212112 | I15: =G15-H15 -> -0.1113239 | J15: 2445130306 | K15: =G15/100*$F$3 -> 2.4073881e+09 | L15: =K15-J15 -> -37742178 | M15: =L15/J15 -> -0.015435651
A16: Durango | B16: 412374115 | C16: 451314096 | D16: =C16/B16 -> 1.0944288 | E16: ='Población 2025'!E16 -> 1943290 | F16: =D16*E16 -> 2126792.5 | G16: =F16/F$39*100 -> 1.5389992 | H16: 1.541684 | I16: =G16-H16 -> -0.0026848027 | J16: 522678819 | K16: =G16/100*$F$3 -> 5.2176862e+08 | L16: =K16-J16 -> -910200.63 | M16: =L16/J16 -> -0.0017414148
A17: Guanajuato | B17: 1413043069 | C17: 1521161531 | D17: =C17/B17 -> 1.0765146 | E17: ='Población 2025'!E17 -> 6446935 | F17: =D17*E17 -> 6940219.8 | G17: =F17/F$39*100 -> 5.0221133 | H17: 4.948587 | I17: =G17-H17 -> 0.073526252 | J17: 1677725038 | K17: =G17/100*$F$3 -> 1.7026527e+09 | L17: =K17-J17 -> 24927632 | M17: =L17/J17 -> 0.014857996
A18: Guerrero | B18: 406787621 | C18: 430966290 | D18: =C18/B18 -> 1.0594381 | E18: ='Población 2025'!E18 -> 3418902 | F18: =D18*E18 -> 3622114.9 | G18: =F18/F$39*100 -> 2.6210512 | H18: 2.767868 | I18: =G18-H18 -> -0.14681682 | J18: 938393550 | K18: =G18/100*$F$3 -> 8.8861791e+08 | L18: =K18-J18 -> -49775639 | M18: =L18/J18 -> -0.053043458
... A38: Zacatecas | B38: 305155572 | C38: 346668814 | D38: =C38/B38 -> 1.1360396 | E38: ='Población 2025'!E38 -> 1686419 | F38: =D38*E38 -> 1915838.8 | G38: =F38/F$39*100 -> 1.3863479 | H38: 1.395446 | I38: =G38-H38 -> -0.0090980879 | J38: 473099665 | K38: =G38/100*$F$3 -> 4.7001508e+08 | L38: =K38-J38 -> -3084582.5 | M38: =L38/J38 -> -0.0065199423
A39: Totales | E39: =SUM(E7:E38) -> 130911314 | F39: =SUM(F7:F38) -> 1.3819322e+08 | G39: =SUM(G7:G38) -> 100 | H39: =SUM(H7:H38) -> 99.999999 | I39: =SUM(I7:I38) -> 9.9999997e-07 | J39: =SUM(J7:J38) -> 33903111791 | K39: =SUM(K7:K38) -> 3.3903112e+10 | L39: =SUM(L7:L38) -> 2.9999895 | M39: =L39/J39 -> 8.8487142e-11
A41: Monto con EIC = coeficiente recalculado × monto a distribuir. El cambio total suma ~0 (el fondo no cambia, solo se redistribuye); la diferencia de unos pesos es redondeo del DOF.

Sheet Cuadro 4
A1: Cuadro 4. Coeficientes de la segunda parte del crecimiento del FGP (recalculado con EIC 2025)
A3: Segunda parte del FGP a distribuir en enero 2026 (Cuadro 2) | F3: 16951555897
A6: Entidad | B6: Crecimiento IE 2022/2021 (1) | C6: Crecimiento IE 2023/2022 (2) | D6: Crecimiento IE 2024/2023 (3) | E6: Media móvil IE (4=((1+2+3)/3)) | F6: Población 2025 EIC (5) | G6: Resultado media móvil por población (6=4*5) | H6: Coeficientes de participación (7=(6/Σ6)100) | I6: Coeficiente DOF (publicado) | J6: Cambio en coeficiente (puntos porcentuales) | K6: Monto DOF enero 2026 (DOF Cuadro 7) | L6: Monto con EIC 2025 (pesos) | M6: Cambio (pesos) | N6: Cambio (%)
A7: Aguascalientes | B7: 1.054 | C7: 1.169 | D7: 1.12 | E7: 1.1141794 | F7: ='Población 2025'!E7 -> 1539174 | G7: =E7*F7 -> 1714915.9 | H7: =G7/G$39*100 -> 1.1537928 | I7: 1.128836 | J7: =H7-I7 -> 0.024956798 | K7: 191355224 | L7: =H7/100*$F$3 -> 1.9558583e+08 | M7: =L7-K7 -> 4230607.1 | N7: =M7/K7 -> 0.022108657
A8: Baja California | B8: 1.206 | C8: 1.286 | D8: 1.11 | E8: 1.2007552 | F8: ='Población 2025'!E8 -> 4009678 | G8: =E8*F8 -> 4814641.8 | H8: =G8/G$39*100 -> 3.2392836 | I8: 3.057051 | J8: =H8-I8 -> 0.18223256 | K8: 518217748 | L8: =H8/100*$F$3 -> 5.4910896e+08 | M8: =L8-K8 -> 30891216 | N8: =M8/K8 -> 0.059610494
A9: Baja California Sur | B9: 1.281 | C9: 1.142 | D9: 1.057 | E9: 1.1600304 | F9: ='Población 2025'!E9 -> 961514 | G9: =E9*F9 -> 1115385.4 | H9: =G9/G$39*100 -> 0.75042961 | I9: 0.688779 | J9: =H9-I9 -> 0.061650608 | K9: 116758766 | L9: =H9/100*$F$3 -> 1.2720949e+08 | M9: =L9-K9 -> 10450729 | N9: =M9/K9 -> 0.089507014
A10: Campeche | B10: 1.217 | C10: 1.201 | D10: 0.998 | E10: 1.1383078 | F10: ='Población 2025'!E10 -> 968673 | G10: =E10*F10 -> 1102648.1 | H10: =G10/G$39*100 -> 0.74185991 | I10: 0.710255 | J10: =H10-I10 -> 0.031604914 | K10: 120399209 | L10: =H10/100*$F$3 -> 1.257568e+08 | M10: =L10-K10 -> 5357588.9 | N10: =M10/K10 -> 0.044498539
A11: Coahuila | B11: 1.215 | C11: 1.027 | D11: 1.229 | E11: 1.1568062 | F11: ='Población 2025'!E11 -> 3415128 | G11: =E11*F11 -> 3950641.2 | H11: =G11/G$39*100 -> 2.6579853 | I11: 2.691594 | J11: =H11-I11 -> -0.033608704 | K11: 456267075 | L11: =H11/100*$F$3 -> 4.5056986e+08 | M11: =L11-K11 -> -5697211.8 | N11: =M11/K11 -> -0.012486572
A12: Colima | B12: 1.106 | C12: 1.089 | D12: 1.083 | E12: 1.0927212 | F12: ='Población 2025'!E12 -> 762212 | G12: =E12*F12 -> 832885.23 | H12: =G12/G$39*100 -> 0.5603639 | I12: 0.536608 | J12: =H12-I12 -> 0.023755899 | K12: 90963406 | L12: =H12/100*$F$3 -> 94990400 | M12: =L12-K12 -> 4026993.6 | N12: =M12/K12 -> 0.04427048
A13: Chiapas | B13: 1.164 | C13: 1.085 | D13: 1.068 | E13: 1.1057164 | F13: ='Población 2025'!E13 -> 5860728 | G13: =E13*F13 -> 6480303.2 | H13: =G13/G$39*100 -> 4.359938 | I13: 4.451913 | J13: =H13-I13 -> -0.091974984 | K13: 754668598 | L13: =H13/100*$F$3 -> 7.3907733e+08 | M13: =L13-K13 -> -15591268 | N13: =M13/K13 -> -0.020659755
A14: Chihuahua | B14: 1.352 | C14: 1.092 | D14: 1.117 | E14: 1.1872654 | F14: ='Población 2025'!E14 -> 3903944 | G14: =E14*F14 -> 4635017.5 | H14: =G14/G$39*100 -> 3.1184326 | I14: 3.180914 | J14: =H14-I14 -> -0.06248137 | K14: 539214427 | L14: =H14/100*$F$3 -> 5.2862285e+08 | M14: =L14-K14 -> -10591577 | N14: =M14/K14 -> -0.019642606
A15: Ciudad de México | B15: 1.14 | C15: 1.105 | D15: 1.08 | E15: 1.1082256 | F15: ='Población 2025'!E15 -> 9216407 | G15: =E15*F15 -> 10213858 | H15: =G15/G$39*100 -> 6.8718683 | I15: 6.98294 | J15: =H15-I15 -> -0.11107172 | K15: 1183717009 | L15: =H15/100*$F$3 -> 1.1648886e+09 | M15: =L15-K15 -> -18828417 | N15: =M15/K15 -> -0.015906181
A16: Durango | B16: 1.128 | C16: 1.32 | D16: 1.093 | E16: 1.1801653 | F16: ='Población 2025'!E16 -> 1943290 | G16: =E16*F16 -> 2293403.5 | H16: =G16/G$39*100 -> 1.5429983 | I16: 1.546429 | J16: =H16-I16 -> -0.0034306793 | K16: 262143842 | L16: =H16/100*$F$3 -> 2.6156222e+08 | M16: =L16-K16 -> -581619.17 | N16: =M16/K16 -> -0.0022187024
A17: Guanajuato | B17: 1.203 | C17: 1.114 | D17: 1.067 | E17: 1.1279361 | F17: ='Población 2025'!E17 -> 6446935 | G17: =E17*F17 -> 7271730.9 | H17: =G17/G$39*100 -> 4.8924094 | I17: 4.823087 | J17: =H17-I17 -> 0.06932238 | K17: 817588366 | L17: =H17/100*$F$3 -> 8.2933951e+08 | M17: =L17-K17 -> 11751145 | N17: =M17/K17 -> 0.014372935
A18: Guerrero | B18: 1.2 | C18: 1.078 | D18: 1.009 | E18: 1.0957015 | F18: ='Población 2025'!E18 -> 3418902 | G18: =E18*F18 -> 3746096 | H18: =G18/G$39*100 -> 2.5203676 | I18: 2.662818 | J18: =H18-I18 -> -0.14245035 | K18: 451389089 | L18: =H18/100*$F$3 -> 4.2724153e+08 | M18: =L18-K18 -> -24147559 | N18: =M18/K18 -> -0.053496106
... A38: Zacatecas | B38: 0.97 | C38: 1.171 | D38: 1.016 | E38: 1.0523346 | F38: ='Población 2025'!E38 -> 1686419 | G38: =E38*F38 -> 1774677.1 | H38: =G38/G$39*100 -> 1.194 | I38: 1.20241 | J38: =H38-I38 -> -0.0084099989 | K38: 203827285 | L38: =H38/100*$F$3 -> 2.0240158e+08 | M38: =L38-K38 -> -1425707.4 | N38: =M38/K38 -> -0.0069946838
A39: Totales | F39: =SUM(F7:F38) -> 130911314 | G39: =SUM(G7:G38) -> 1.4863292e+08 | H39: =SUM(H7:H38) -> 100 | I39: =SUM(I7:I38) -> 99.999997 | J39: =SUM(J7:J38) -> 3e-06 | K39: =SUM(K7:K38) -> 16951555897 | L39: =SUM(L7:L38) -> 1.6951556e+10 | M39: =SUM(M7:M38) -> -3.5464764e-06 | N39: =M39/K39 -> -2.0921244e-16
A41: Columna (4): el DOF publica los crecimientos redondeados a 3 decimales. Para no perder precisión, la media móvil es la implícita en el DOF: Resultado (6) / Población (5) del Cuadro 4 original (p. ej., México: 20,115,642 / 17,788,768).
A42: Monto con EIC = coeficiente recalculado × monto a distribuir. El cambio total suma ~0 (el fondo no cambia, solo se redistribuye); la diferencia de unos pesos es redondeo del DOF.

Sheet Cuadro 5
A1: Cuadro 5. Coeficientes de la tercera parte del crecimiento del FGP (recalculado con EIC 2025)
A3: Tercera parte del FGP a distribuir en enero 2026 (Cuadro 2) | F3: 5650518632
A6: Entidad | B6: Impuestos y derechos locales de 2024 (1) | C6: Población 2025 EIC (2) | D6: Resultado IE 2024 por población (3=2*1) | E6: Coeficientes de participación (4=(3/Σ3)100) | F6: Coeficiente DOF (publicado) | G6: Cambio en coeficiente (puntos porcentuales) | H6: Monto DOF enero 2026 (DOF Cuadro 7) | I6: Monto con EIC 2025 (pesos) | J6: Cambio (pesos) | K6: Cambio (%)
A7: Aguascalientes | B7: 5384140862 | C7: ='Población 2025'!E7 -> 1539174 | D7: =B7*C7 -> 8.2871296e+15 | E7: =D7/D$39*100 -> 0.25703436 | F7: 0.25064 | G7: =E7-F7 -> 0.0063943558 | H7: 14162463 | I7: =E7/100*$F$3 -> 14523774 | J7: =I7-H7 -> 361311.17 | K7: =J7/H7 -> 0.025511888
A8: Baja California | B8: 29484012362 | C8: ='Población 2025'!E8 -> 4009678 | D8: =B8*C8 -> 1.182214e+17 | E8: =D8/D$39*100 -> 3.6667654 | F8: 3.449 | G8: =E8-F8 -> 0.21776541 | H8: 194886397 | I8: =E8/100*$F$3 -> 2.0719126e+08 | J8: =I8-H8 -> 12304866 | K8: =J8/H8 -> 0.06313866
A9: Baja California Sur | B9: 5736083240 | C9: ='Población 2025'!E9 -> 961514 | D9: =B9*C9 -> 5.5153243e+15 | E9: =D9/D$39*100 -> 0.17106379 | F9: 0.156489 | G9: =E9-F9 -> 0.014574794 | H9: 8842451 | I9: =E9/100*$F$3 -> 9665991.6 | J9: =I9-H9 -> 823540.58 | K9: =J9/H9 -> 0.093134876
A10: Campeche | B10: 3605167152 | C10: ='Población 2025'!E10 -> 968673 | D10: =B10*C10 -> 3.4922281e+15 | E10: =D10/D$39*100 -> 0.10831526 | F10: 0.103357 | G10: =E10-F10 -> 0.0049582594 | H10: 5840184 | I10: =E10/100*$F$3 -> 6120373.9 | J10: =I10-H10 -> 280189.91 | K10: =J10/H10 -> 0.047976213
A11: Coahuila | B11: 13249731591 | C11: ='Población 2025'!E11 -> 3415128 | D11: =B11*C11 -> 4.5249529e+16 | E11: =D11/D$39*100 -> 1.4034635 | F11: 1.416493 | G11: =E11-F11 -> -0.013029539 | H11: 80039199 | I11: =E11/100*$F$3 -> 79302964 | J11: =I11-H11 -> -736234.65 | K11: =J11/H11 -> -0.009198426
A12: Colima | B12: 2781620079 | C12: ='Población 2025'!E12 -> 762212 | D12: =B12*C12 -> 2.1201842e+15 | E12: =D12/D$39*100 -> 0.065759823 | F12: 0.062763 | G12: =E12-F12 -> 0.0029968234 | H12: 3546438 | I12: =E12/100*$F$3 -> 3715771.1 | J12: =I12-H12 -> 169333.08 | K12: =J12/H12 -> 0.047747367
A13: Chiapas | B13: 5216080441 | C13: ='Población 2025'!E13 -> 5860728 | D13: =B13*C13 -> 3.0570029e+16 | E13: =D13/D$39*100 -> 0.94816275 | F13: 0.964952 | G13: =E13-F13 -> -0.016789248 | H13: 54524779 | I13: =E13/100*$F$3 -> 53576113 | J13: =I13-H13 -> -948666.05 | K13: =J13/H13 -> -0.017398806
A14: Chihuahua | B14: 28092470321 | C14: ='Población 2025'!E14 -> 3903944 | D14: =B14*C14 -> 1.0967143e+17 | E14: =D14/D$39*100 -> 3.4015789 | F14: 3.458219 | G14: =E14-F14 -> -0.056640061 | H14: 195407310 | I14: =E14/100*$F$3 -> 1.9220685e+08 | J14: =I14-H14 -> -3200458.2 | K14: =J14/H14 -> -0.016378396
A15: Ciudad de México | B15: 83248412524 | C15: ='Población 2025'!E15 -> 9216407 | D15: =B15*C15 -> 7.6725125e+17 | E15: =D15/D$39*100 -> 23.797134 | F15: 24.101523 | G15: =E15-F15 -> -0.30438935 | H15: 1361861067 | I15: =E15/100*$F$3 -> 1.3446615e+09 | J15: =I15-H15 -> -17199596 | K15: =J15/H15 -> -0.012629479
A16: Durango | B16: 5165207847 | C16: ='Población 2025'!E16 -> 1943290 | D16: =B16*C16 -> 1.0037497e+16 | E16: =D16/D$39*100 -> 0.3113239 | F16: 0.310981 | G16: =E16-F16 -> 0.00034289972 | H16: 17572019 | I16: =E16/100*$F$3 -> 17591415 | J16: =I16-H16 -> 19395.96 | K16: =J16/H16 -> 0.001103798
A17: Guanajuato | B17: 20656951459 | C17: ='Población 2025'!E17 -> 6446935 | D17: =B17*C17 -> 1.3317402e+17 | E17: =D17/D$39*100 -> 4.1305375 | F17: 4.058497 | G17: =E17-F17 -> 0.072040453 | H17: 229326133 | I17: =E17/100*$F$3 -> 2.3339679e+08 | J17: =I17-H17 -> 4070655.4 | K17: =J17/H17 -> 0.017750508
A18: Guerrero | B18: 4116629127 | C18: ='Población 2025'!E18 -> 3418902 | D18: =B18*C18 -> 1.4074352e+16 | E18: =D18/D$39*100 -> 0.43653135 | F18: 0.459673 | G18: =E18-F18 -> -0.02314165 | H18: 25973929 | I18: =E18/100*$F$3 -> 24666285 | J18: =I18-H18 -> -1307643.7 | K18: =J18/H18 -> -0.050344471
... A38: Zacatecas | B38: 4819410776 | C38: ='Población 2025'!E38 -> 1686419 | D38: =B38*C38 -> 8.1275459e+15 | E38: =D38/D$39*100 -> 0.25208469 | F38: 0.253018 | G38: =E38-F38 -> -0.00093330733 | H38: 14296824 | I38: =E38/100*$F$3 -> 14244093 | J38: =I38-H38 -> -52731.472 | K38: =J38/H38 -> -0.0036883347
A39: Totales | C39: =SUM(C7:C38) -> 130911314 | D39: =SUM(D7:D38) -> 3.2241331e+18 | E39: =SUM(E7:E38) -> 100 | F39: =SUM(F7:F38) -> 100 | G39: =SUM(G7:G38) -> 1.2032042e-14 | H39: =SUM(H7:H38) -> 5650518632 | I39: =SUM(I7:I38) -> 5.6505186e+09 | J39: =SUM(J7:J38) -> 8.0280006e-07 | K39: =J39/H39 -> 1.4207546e-16
A41: Monto con EIC = coeficiente recalculado × monto a distribuir. El cambio total suma ~0 (el fondo no cambia, solo se redistribuye); la diferencia de unos pesos es redondeo del DOF.

Sheet Cuadro 8
A1: Cuadro 8. Coeficientes del 70% del crecimiento del Fondo de Fomento Municipal (recalculado con EIC 2025)
A3: 70% del crecimiento del FFM a distribuir en enero 2026 (Cuadro 2) | F3: 1508208534
A6: Entidad | B6: Recaudación agua y predial 2023 (1) | C6: Recaudación agua y predial 2024 (2) | D6: Variación 2024/2023 (3=2/1) | E6: Población 2025 EIC (4) | F6: Resultado variación por población (5=3*4) | G6: Coeficientes de participación (6=(5/Σ5)100) | H6: Coeficiente DOF (publicado) | I6: Cambio en coeficiente (puntos porcentuales) | J6: Monto DOF enero 2026 (DOF Cuadro 10) | K6: Monto con EIC 2025 (pesos) | L6: Cambio (pesos) | M6: Cambio (%)
A7: Aguascalientes | B7: 2207122394 | C7: 2325992855 | D7: =C7/B7 -> 1.0538577 | E7: ='Población 2025'!E7 -> 1539174 | F7: =D7*E7 -> 1622070.3 | G7: =F7/F$39*100 -> 1.1686588 | H7: 1.143138 | I7: =G7-H7 -> 0.025520812 | J7: 17240909 | K7: =G7/100*$F$3 -> 17625812 | L7: =K7-J7 -> 384902.94 | M7: =L7/J7 -> 0.022324979
A8: Baja California | B8: 12057564919 | C8: 13420132605 | D8: =C8/B8 -> 1.1130052 | E8: ='Población 2025'!E8 -> 4009678 | F8: =D8*E8 -> 4462792.5 | G8: =F8/F$39*100 -> 3.2153241 | H8: 3.033797 | I8: =G8-H8 -> 0.18152711 | J8: 45755991 | K8: =G8/100*$F$3 -> 48493793 | L8: =K8-J8 -> 2737801.6 | M8: =L8/J8 -> 0.059834822
A9: Baja California Sur | B9: 2462231484 | C9: 2519870154 | D9: =C9/B9 -> 1.0234091 | E9: ='Población 2025'!E9 -> 961514 | F9: =D9*E9 -> 984022.2 | G9: =F9/F$39*100 -> 0.708962 | H9: 0.65058 | I9: =G9-H9 -> 0.058381995 | J9: 9812108 | K9: =G9/100*$F$3 -> 10692625 | L9: =K9-J9 -> 880517.32 | M9: =L9/J9 -> 0.089737834
A10: Campeche | B10: 521998784 | C10: 517415843 | D10: =C10/B10 -> 0.9912204 | E10: ='Población 2025'!E10 -> 968673 | F10: =D10*E10 -> 960168.44 | G10: =F10/F$39*100 -> 0.69177599 | H10: 0.662164 | I10: =G10-H10 -> 0.029611993 | J10: 9986819 | K10: =G10/100*$F$3 -> 10433425 | L10: =K10-J10 -> 446605.56 | M10: =L10/J10 -> 0.044719501
A11: Coahuila | B11: 4352564104 | C11: 4784874505 | D11: =C11/B11 -> 1.0993232 | E11: ='Población 2025'!E11 -> 3415128 | F11: =D11*E11 -> 3754329.3 | G11: =F11/F$39*100 -> 2.7048951 | H11: 2.738517 | I11: =G11-H11 -> -0.033621932 | J11: 41302548 | K11: =G11/100*$F$3 -> 40795458 | L11: =K11-J11 -> -507089.74 | M11: =L11/J11 -> -0.012277445
A12: Colima | B12: 1484931675 | C12: 1573298254 | D12: =C12/B12 -> 1.0595089 | E12: ='Población 2025'!E12 -> 762212 | F12: =D12*E12 -> 807570.36 | G12: =F12/F$39*100 -> 0.58183311 | H12: 0.557049 | I12: =G12-H12 -> 0.02478411 | J12: 8401463 | K12: =G12/100*$F$3 -> 8775256.6 | L12: =K12-J12 -> 373793.62 | M12: =L12/J12 -> 0.044491492
A13: Chiapas | B13: 1744005137 | C13: 1815319906 | D13: =C13/B13 -> 1.0408914 | E13: ='Población 2025'!E13 -> 5860728 | F13: =D13*E13 -> 6100381.2 | G13: =F13/F$39*100 -> 4.3951635 | H13: 4.486932 | I13: =G13-H13 -> -0.091768488 | J13: 67672289 | K13: =G13/100*$F$3 -> 66288231 | L13: =K13-J13 -> -1384057.8 | M13: =L13/J13 -> -0.020452357
A14: Chihuahua | B14: 8865227370 | C14: 9521809148 | D14: =C14/B14 -> 1.0740626 | E14: ='Población 2025'!E14 -> 3903944 | F14: =D14*E14 -> 4193080.2 | G14: =F14/F$39*100 -> 3.0210035 | H14: 3.080881 | I14: =G14-H14 -> -0.059877464 | J14: 46466107 | K14: =G14/100*$F$3 -> 45563033 | L14: =K14-J14 -> -903073.86 | M14: =L14/J14 -> -0.019435109
A15: Ciudad de México | B15: 31486327492 | C15: 33493698824 | D15: =C15/B15 -> 1.0637537 | E15: ='Población 2025'!E15 -> 9216407 | F15: =D15*E15 -> 9803987.5 | G15: =F15/F$39*100 -> 7.063514 | H15: 7.176164 | I15: =G15-H15 -> -0.11265003 | J15: 108231522 | K15: =G15/100*$F$3 -> 1.0653252e+08 | L15: =K15-J15 -> -1699001.6 | M15: =L15/J15 -> -0.015697844
A16: Durango | B16: 1334905929 | C16: 1513863761 | D16: =C16/B16 -> 1.1340603 | E16: ='Población 2025'!E16 -> 1943290 | F16: =D16*E16 -> 2203808 | G16: =F16/F$39*100 -> 1.5877854 | H16: 1.590979 | I16: =G16-H16 -> -0.0031935887 | J16: 23995280 | K16: =G16/100*$F$3 -> 23947115 | L16: =K16-J16 -> -48164.926 | M16: =L16/J16 -> -0.0020072667
A17: Guanajuato | B17: 8541908458 | C17: 8649635331 | D17: =C17/B17 -> 1.0126116 | E17: ='Población 2025'!E17 -> 6446935 | F17: =D17*E17 -> 6528241 | G17: =F17/F$39*100 -> 4.7034252 | H17: 4.635799 | I17: =G17-H17 -> 0.067626151 | J17: 69917521 | K17: =G17/100*$F$3 -> 70937460 | L17: =K17-J17 -> 1019938.5 | M17: =L17/J17 -> 0.014587739
A18: Guerrero | B18: 1948086444 | C18: 1892957129 | D18: =C18/B18 -> 0.97170079 | E18: ='Población 2025'!E18 -> 3418902 | F18: =D18*E18 -> 3322149.8 | G18: =F18/F$39*100 -> 2.3935211 | H18: 2.528267 | I18: =G18-H18 -> -0.13474586 | J18: 38131535 | K18: =G18/100*$F$3 -> 36099290 | L18: =K18-J18 -> -2032245 | M18: =L18/J18 -> -0.053295651
... A38: Zacatecas | B38: 1412961700 | C38: 1504822070 | D38: =C38/B38 -> 1.0650126 | E38: ='Población 2025'!E38 -> 1686419 | F38: =D38*E38 -> 1796057.6 | G38: =F38/F$39*100 -> 1.294012 | H38: 1.302851 | I38: =G38-H38 -> -0.0088389841 | J38: 19649713 | K38: =G38/100*$F$3 -> 19516400 | L38: =K38-J38 -> -133313.34 | M38: =L38/J38 -> -0.0067844932
A39: Totales | E39: =SUM(E7:E38) -> 130911314 | F39: =SUM(F7:F38) -> 1.3879759e+08 | G39: =SUM(G7:G38) -> 100 | H39: =SUM(H7:H38) -> 99.999996 | I39: =SUM(I7:I38) -> 4e-06 | J39: =SUM(J7:J38) -> 1508208534 | K39: =SUM(K7:K38) -> 1508208534 | L39: =SUM(L7:L38) -> -3.3527613e-07 | M39: =L39/J39 -> -2.2230091e-16
A41: Monto con EIC = coeficiente recalculado × monto a distribuir. El cambio total suma ~0 (el fondo no cambia, solo se redistribuye); la diferencia de unos pesos es redondeo del DOF.
